architecture,checkpoint_state,budget_tier,m,n_train,ridge_setting,ridge_value,target,test_nmse_median,test_nmse_mean,split_count,source_file
MC-EGNN,dense-grid-CROSS,CROSS,1024,32,rho_0.0001,0.0001,common,0.5166986264887843,0.46240785810410995,20,upstream-analysis/analysis_outputs/dense_grid_claim1_2026_08_23/krr/krr_learning_curves_dense_m1024.csv
MC-EGNN,dense-grid-CROSS,CROSS,1024,32,rho_0.01,0.01,common,0.5587680907001613,0.4905506049151024,20,upstream-analysis/analysis_outputs/dense_grid_claim1_2026_08_23/krr/krr_learning_curves_dense_m1024.csv
MC-EGNN,dense-grid-CROSS,CROSS,1024,32,rho_0.1,0.1,common,0.6560982087755358,0.5951261523866938,20,upstream-analysis/analysis_outputs/dense_grid_claim1_2026_08_23/krr/krr_learning_curves_dense_m1024.csv
MC-EGNN,dense-grid-CROSS,CROSS,1024,32,rho_1e-06,1e-06,common,0.5164885777552568,0.4622320706643019,20,upstream-analysis/analysis_outputs/dense_grid_claim1_2026_08_23/krr/krr_learning_curves_dense_m1024.csv
MC-EGNN,dense-grid-CROSS,CROSS,1024,32,rho_1e-08,1e-08,common,0.5164927115772452,0.4620392578989322,20,upstream-analysis/analysis_outputs/dense_grid_claim1_2026_08_23/krr/krr_learning_curves_dense_m1024.csv
MC-EGNN,dense-grid-CROSS,CROSS,1024,32,ridgeless,0.0,common,0.5164927552703285,0.46206502603561017,20,upstream-analysis/analysis_outputs/dense_grid_claim1_2026_08_23/krr/krr_learning_curves_dense_m1024.csv
MC-EGNN,dense-grid-CROSS,CROSS,1024,64,rho_0.0001,0.0001,common,0.25563035563071335,0.2791010683519026,20,upstream-analysis/analysis_outputs/dense_grid_claim1_2026_08_23/krr/krr_learning_curves_dense_m1024.csv
MC-EGNN,dense-grid-CROSS,CROSS,1024,64,rho_0.01,0.01,common,0.28092710542431215,0.3086486332408331,20,upstream-analysis/analysis_outputs/dense_grid_claim1_2026_08_23/krr/krr_learning_curves_dense_m1024.csv
MC-EGNN,dense-grid-CROSS,CROSS,1024,64,rho_0.1,0.1,common,0.37187721996945045,0.4055585146526207,20,upstream-analysis/analysis_outputs/dense_grid_claim1_2026_08_23/krr/krr_learning_curves_dense_m1024.csv
MC-EGNN,dense-grid-CROSS,CROSS,1024,64,rho_1e-06,1e-06,common,0.2572013317430557,0.27874198136556516,20,upstream-analysis/analysis_outputs/dense_grid_claim1_2026_08_23/krr/krr_learning_curves_dense_m1024.csv
MC-EGNN,dense-grid-CROSS,CROSS,1024,64,rho_1e-08,1e-08,common,0.2577000372137985,0.2786767364568091,20,upstream-analysis/analysis_outputs/dense_grid_claim1_2026_08_23/krr/krr_learning_curves_dense_m1024.csv
MC-EGNN,dense-grid-CROSS,CROSS,1024,64,ridgeless,0.0,common,0.25793010822978535,0.2787738362823583,20,upstream-analysis/analysis_outputs/dense_grid_claim1_2026_08_23/krr/krr_learning_curves_dense_m1024.csv
MC-EGNN,dense-grid-CROSS,CROSS,1024,128,rho_0.0001,0.0001,common,0.12823938505269306,0.1559795650851322,20,upstream-analysis/analysis_outputs/dense_grid_claim1_2026_08_23/krr/krr_learning_curves_dense_m1024.csv
MC-EGNN,dense-grid-CROSS,CROSS,1024,128,rho_0.01,0.01,common,0.14592129753915933,0.17768037449062607,20,upstream-analysis/analysis_outputs/dense_grid_claim1_2026_08_23/krr/krr_learning_curves_dense_m1024.csv
MC-EGNN,dense-grid-CROSS,CROSS,1024,128,rho_0.1,0.1,common,0.23239857228020028,0.2478283550382824,20,upstream-analysis/analysis_outputs/dense_grid_claim1_2026_08_23/krr/krr_learning_curves_dense_m1024.csv
MC-EGNN,dense-grid-CROSS,CROSS,1024,128,rho_1e-06,1e-06,common,0.12768396284048927,0.15568791459254444,20,upstream-analysis/analysis_outputs/dense_grid_claim1_2026_08_23/krr/krr_learning_curves_dense_m1024.csv
MC-EGNN,dense-grid-CROSS,CROSS,1024,128,rho_1e-08,1e-08,common,0.1270968004597927,0.15551716589143022,20,upstream-analysis/analysis_outputs/dense_grid_claim1_2026_08_23/krr/krr_learning_curves_dense_m1024.csv
MC-EGNN,dense-grid-CROSS,CROSS,1024,128,ridgeless,0.0,common,0.1270867614146795,0.15552216537447056,20,upstream-analysis/analysis_outputs/dense_grid_claim1_2026_08_23/krr/krr_learning_curves_dense_m1024.csv
MC-EGNN,dense-grid-CROSS,CROSS,1024,256,rho_0.0001,0.0001,common,0.060163224298944336,0.07033884631926617,20,upstream-analysis/analysis_outputs/dense_grid_claim1_2026_08_23/krr/krr_learning_curves_dense_m1024.csv
MC-EGNN,dense-grid-CROSS,CROSS,1024,256,rho_0.01,0.01,common,0.06986216983936042,0.07991604550695466,20,upstream-analysis/analysis_outputs/dense_grid_claim1_2026_08_23/krr/krr_learning_curves_dense_m1024.csv
MC-EGNN,dense-grid-CROSS,CROSS,1024,256,rho_0.1,0.1,common,0.11339295510350661,0.12077966940290792,20,upstream-analysis/analysis_outputs/dense_grid_claim1_2026_08_23/krr/krr_learning_curves_dense_m1024.csv
MC-EGNN,dense-grid-CROSS,CROSS,1024,256,rho_1e-06,1e-06,common,0.05959043339083798,0.07084244086733005,20,upstream-analysis/analysis_outputs/dense_grid_claim1_2026_08_23/krr/krr_learning_curves_dense_m1024.csv
MC-EGNN,dense-grid-CROSS,CROSS,1024,256,rho_1e-08,1e-08,common,0.06005983431788943,0.07106630417977672,20,upstream-analysis/analysis_outputs/dense_grid_claim1_2026_08_23/krr/krr_learning_curves_dense_m1024.csv
MC-EGNN,dense-grid-CROSS,CROSS,1024,256,ridgeless,0.0,common,0.06008928290319017,0.07099021347549817,20,upstream-analysis/analysis_outputs/dense_grid_claim1_2026_08_23/krr/krr_learning_curves_dense_m1024.csv
MC-EGNN,dense-grid-CROSS,CROSS,1024,512,rho_0.0001,0.0001,common,0.03674781589203342,0.041005958015205304,20,upstream-analysis/analysis_outputs/dense_grid_claim1_2026_08_23/krr/krr_learning_curves_dense_m1024.csv
MC-EGNN,dense-grid-CROSS,CROSS,1024,512,rho_0.01,0.01,common,0.03998373819161935,0.04067348114925008,20,upstream-analysis/analysis_outputs/dense_grid_claim1_2026_08_23/krr/krr_learning_curves_dense_m1024.csv
MC-EGNN,dense-grid-CROSS,CROSS,1024,512,rho_0.1,0.1,common,0.06089569930794378,0.05736401463700097,20,upstream-analysis/analysis_outputs/dense_grid_claim1_2026_08_23/krr/krr_learning_curves_dense_m1024.csv
MC-EGNN,dense-grid-CROSS,CROSS,1024,512,rho_1e-06,1e-06,common,0.036703431435503274,0.0410561854744657,20,upstream-analysis/analysis_outputs/dense_grid_claim1_2026_08_23/krr/krr_learning_curves_dense_m1024.csv
MC-EGNN,dense-grid-CROSS,CROSS,1024,512,rho_1e-08,1e-08,common,0.03704822479588325,0.0412075726754201,20,upstream-analysis/analysis_outputs/dense_grid_claim1_2026_08_23/krr/krr_learning_curves_dense_m1024.csv
MC-EGNN,dense-grid-CROSS,CROSS,1024,512,ridgeless,0.0,common,0.03693364469724443,0.0413529629338418,20,upstream-analysis/analysis_outputs/dense_grid_claim1_2026_08_23/krr/krr_learning_curves_dense_m1024.csv
eSEN,dense-grid-CROSS,CROSS,1024,32,rho_0.0001,0.0001,common,0.1841807199001793,0.17708075731345702,20,upstream-analysis/analysis_outputs/dense_grid_claim1_2026_08_23/krr/krr_learning_curves_dense_m1024.csv
eSEN,dense-grid-CROSS,CROSS,1024,32,rho_0.01,0.01,common,0.20115374538208322,0.19453872639207792,20,upstream-analysis/analysis_outputs/dense_grid_claim1_2026_08_23/krr/krr_learning_curves_dense_m1024.csv
eSEN,dense-grid-CROSS,CROSS,1024,32,rho_0.1,0.1,common,0.27575891141875364,0.2564662202485417,20,upstream-analysis/analysis_outputs/dense_grid_claim1_2026_08_23/krr/krr_learning_curves_dense_m1024.csv
eSEN,dense-grid-CROSS,CROSS,1024,32,rho_1e-06,1e-06,common,0.18384451179035657,0.176724238601555,20,upstream-analysis/analysis_outputs/dense_grid_claim1_2026_08_23/krr/krr_learning_curves_dense_m1024.csv
eSEN,dense-grid-CROSS,CROSS,1024,32,rho_1e-08,1e-08,common,0.18384040348291336,0.17672046550784418,20,upstream-analysis/analysis_outputs/dense_grid_claim1_2026_08_23/krr/krr_learning_curves_dense_m1024.csv
eSEN,dense-grid-CROSS,CROSS,1024,32,ridgeless,0.0,common,0.1838403618525416,0.17672042736878796,20,upstream-analysis/analysis_outputs/dense_grid_claim1_2026_08_23/krr/krr_learning_curves_dense_m1024.csv
eSEN,dense-grid-CROSS,CROSS,1024,64,rho_0.0001,0.0001,common,0.06984806656026765,0.07984115946056526,20,upstream-analysis/analysis_outputs/dense_grid_claim1_2026_08_23/krr/krr_learning_curves_dense_m1024.csv
eSEN,dense-grid-CROSS,CROSS,1024,64,rho_0.01,0.01,common,0.07242129039863932,0.08761964428838047,20,upstream-analysis/analysis_outputs/dense_grid_claim1_2026_08_23/krr/krr_learning_curves_dense_m1024.csv
eSEN,dense-grid-CROSS,CROSS,1024,64,rho_0.1,0.1,common,0.09889847124782397,0.116474490817185,20,upstream-analysis/analysis_outputs/dense_grid_claim1_2026_08_23/krr/krr_learning_curves_dense_m1024.csv
eSEN,dense-grid-CROSS,CROSS,1024,64,rho_1e-06,1e-06,common,0.06990521168536012,0.07964019685641167,20,upstream-analysis/analysis_outputs/dense_grid_claim1_2026_08_23/krr/krr_learning_curves_dense_m1024.csv
eSEN,dense-grid-CROSS,CROSS,1024,64,rho_1e-08,1e-08,common,0.0699058058171043,0.07963633552213858,20,upstream-analysis/analysis_outputs/dense_grid_claim1_2026_08_23/krr/krr_learning_curves_dense_m1024.csv
eSEN,dense-grid-CROSS,CROSS,1024,64,ridgeless,0.0,common,0.06990581182099162,0.07963632866398909,20,upstream-analysis/analysis_outputs/dense_grid_claim1_2026_08_23/krr/krr_learning_curves_dense_m1024.csv
eSEN,dense-grid-CROSS,CROSS,1024,128,rho_0.0001,0.0001,common,0.03251398683780633,0.037764230558012576,20,upstream-analysis/analysis_outputs/dense_grid_claim1_2026_08_23/krr/krr_learning_curves_dense_m1024.csv
eSEN,dense-grid-CROSS,CROSS,1024,128,rho_0.01,0.01,common,0.03411561082842195,0.041282782329158295,20,upstream-analysis/analysis_outputs/dense_grid_claim1_2026_08_23/krr/krr_learning_curves_dense_m1024.csv
eSEN,dense-grid-CROSS,CROSS,1024,128,rho_0.1,0.1,common,0.03856978281815951,0.05321879746897057,20,upstream-analysis/analysis_outputs/dense_grid_claim1_2026_08_23/krr/krr_learning_curves_dense_m1024.csv
eSEN,dense-grid-CROSS,CROSS,1024,128,rho_1e-06,1e-06,common,0.032396689549803355,0.03765124189937978,20,upstream-analysis/analysis_outputs/dense_grid_claim1_2026_08_23/krr/krr_learning_curves_dense_m1024.csv
eSEN,dense-grid-CROSS,CROSS,1024,128,rho_1e-08,1e-08,common,0.03239471743645214,0.03765222209467843,20,upstream-analysis/analysis_outputs/dense_grid_claim1_2026_08_23/krr/krr_learning_curves_dense_m1024.csv
eSEN,dense-grid-CROSS,CROSS,1024,128,ridgeless,0.0,common,0.032394697218885875,0.037652256898390614,20,upstream-analysis/analysis_outputs/dense_grid_claim1_2026_08_23/krr/krr_learning_curves_dense_m1024.csv
eSEN,dense-grid-CROSS,CROSS,1024,256,rho_0.0001,0.0001,common,0.013916921088993152,0.018948738935693592,20,upstream-analysis/analysis_outputs/dense_grid_claim1_2026_08_23/krr/krr_learning_curves_dense_m1024.csv
eSEN,dense-grid-CROSS,CROSS,1024,256,rho_0.01,0.01,common,0.014938287538305207,0.020620967030876354,20,upstream-analysis/analysis_outputs/dense_grid_claim1_2026_08_23/krr/krr_learning_curves_dense_m1024.csv
eSEN,dense-grid-CROSS,CROSS,1024,256,rho_0.1,0.1,common,0.017977368580684966,0.02508569297696403,20,upstream-analysis/analysis_outputs/dense_grid_claim1_2026_08_23/krr/krr_learning_curves_dense_m1024.csv
eSEN,dense-grid-CROSS,CROSS,1024,256,rho_1e-06,1e-06,common,0.013851005780356198,0.018881743210840306,20,upstream-analysis/analysis_outputs/dense_grid_claim1_2026_08_23/krr/krr_learning_curves_dense_m1024.csv
eSEN,dense-grid-CROSS,CROSS,1024,256,rho_1e-08,1e-08,common,0.013850100403951456,0.01888946717046521,20,upstream-analysis/analysis_outputs/dense_grid_claim1_2026_08_23/krr/krr_learning_curves_dense_m1024.csv
eSEN,dense-grid-CROSS,CROSS,1024,256,ridgeless,0.0,common,0.013850091174636963,0.01888964347301304,20,upstream-analysis/analysis_outputs/dense_grid_claim1_2026_08_23/krr/krr_learning_curves_dense_m1024.csv
eSEN,dense-grid-CROSS,CROSS,1024,512,rho_0.0001,0.0001,common,0.006941782419291876,0.008212345210065614,20,upstream-analysis/analysis_outputs/dense_grid_claim1_2026_08_23/krr/krr_learning_curves_dense_m1024.csv
eSEN,dense-grid-CROSS,CROSS,1024,512,rho_0.01,0.01,common,0.00719896955258904,0.008958828394086796,20,upstream-analysis/analysis_outputs/dense_grid_claim1_2026_08_23/krr/krr_learning_curves_dense_m1024.csv
eSEN,dense-grid-CROSS,CROSS,1024,512,rho_0.1,0.1,common,0.008343044657918595,0.010866661212427629,20,upstream-analysis/analysis_outputs/dense_grid_claim1_2026_08_23/krr/krr_learning_curves_dense_m1024.csv
eSEN,dense-grid-CROSS,CROSS,1024,512,rho_1e-06,1e-06,common,0.00689518585181121,0.0081726532383526,20,upstream-analysis/analysis_outputs/dense_grid_claim1_2026_08_23/krr/krr_learning_curves_dense_m1024.csv
eSEN,dense-grid-CROSS,CROSS,1024,512,rho_1e-08,1e-08,common,0.006895897495513758,0.008180958143824482,20,upstream-analysis/analysis_outputs/dense_grid_claim1_2026_08_23/krr/krr_learning_curves_dense_m1024.csv
eSEN,dense-grid-CROSS,CROSS,1024,512,ridgeless,0.0,common,0.006895926311209917,0.008181150944972628,20,upstream-analysis/analysis_outputs/dense_grid_claim1_2026_08_23/krr/krr_learning_curves_dense_m1024.csv
GemNet-OC,dense-grid-CROSS,CROSS,1024,32,rho_0.0001,0.0001,common,0.05492001957857988,0.058527869335557245,20,upstream-analysis/analysis_outputs/dense_grid_claim1_2026_08_23/krr/krr_learning_curves_dense_m1024.csv
GemNet-OC,dense-grid-CROSS,CROSS,1024,32,rho_0.01,0.01,common,0.05951905326892937,0.06694453346644294,20,upstream-analysis/analysis_outputs/dense_grid_claim1_2026_08_23/krr/krr_learning_curves_dense_m1024.csv
GemNet-OC,dense-grid-CROSS,CROSS,1024,32,rho_0.1,0.1,common,0.08410149014069965,0.09782303135085145,20,upstream-analysis/analysis_outputs/dense_grid_claim1_2026_08_23/krr/krr_learning_curves_dense_m1024.csv
GemNet-OC,dense-grid-CROSS,CROSS,1024,32,rho_1e-06,1e-06,common,0.0549886085524868,0.05828544736641528,20,upstream-analysis/analysis_outputs/dense_grid_claim1_2026_08_23/krr/krr_learning_curves_dense_m1024.csv
GemNet-OC,dense-grid-CROSS,CROSS,1024,32,rho_1e-08,1e-08,common,0.05498967260343662,0.058354489974130265,20,upstream-analysis/analysis_outputs/dense_grid_claim1_2026_08_23/krr/krr_learning_curves_dense_m1024.csv
GemNet-OC,dense-grid-CROSS,CROSS,1024,32,ridgeless,0.0,common,0.054989683404336895,0.05836913232854517,20,upstream-analysis/analysis_outputs/dense_grid_claim1_2026_08_23/krr/krr_learning_curves_dense_m1024.csv
GemNet-OC,dense-grid-CROSS,CROSS,1024,64,rho_0.0001,0.0001,common,0.012346648579022644,0.017507557241204435,20,upstream-analysis/analysis_outputs/dense_grid_claim1_2026_08_23/krr/krr_learning_curves_dense_m1024.csv
GemNet-OC,dense-grid-CROSS,CROSS,1024,64,rho_0.01,0.01,common,0.013657957873222625,0.019507198846426765,20,upstream-analysis/analysis_outputs/dense_grid_claim1_2026_08_23/krr/krr_learning_curves_dense_m1024.csv
GemNet-OC,dense-grid-CROSS,CROSS,1024,64,rho_0.1,0.1,common,0.018866228676730212,0.02750028645092627,20,upstream-analysis/analysis_outputs/dense_grid_claim1_2026_08_23/krr/krr_learning_curves_dense_m1024.csv
GemNet-OC,dense-grid-CROSS,CROSS,1024,64,rho_1e-06,1e-06,common,0.012296179903211937,0.017402093247951098,20,upstream-analysis/analysis_outputs/dense_grid_claim1_2026_08_23/krr/krr_learning_curves_dense_m1024.csv
GemNet-OC,dense-grid-CROSS,CROSS,1024,64,rho_1e-08,1e-08,common,0.012295485339608236,0.01746301459458795,20,upstream-analysis/analysis_outputs/dense_grid_claim1_2026_08_23/krr/krr_learning_curves_dense_m1024.csv
GemNet-OC,dense-grid-CROSS,CROSS,1024,64,ridgeless,0.0,common,0.012295478285229648,0.017512882057347405,20,upstream-analysis/analysis_outputs/dense_grid_claim1_2026_08_23/krr/krr_learning_curves_dense_m1024.csv
GemNet-OC,dense-grid-CROSS,CROSS,1024,128,rho_0.0001,0.0001,common,0.007556388112530448,0.00817156368516317,20,upstream-analysis/analysis_outputs/dense_grid_claim1_2026_08_23/krr/krr_learning_curves_dense_m1024.csv
GemNet-OC,dense-grid-CROSS,CROSS,1024,128,rho_0.01,0.01,common,0.0073384740313069755,0.008692187352628826,20,upstream-analysis/analysis_outputs/dense_grid_claim1_2026_08_23/krr/krr_learning_curves_dense_m1024.csv
GemNet-OC,dense-grid-CROSS,CROSS,1024,128,rho_0.1,0.1,common,0.008564327204365941,0.010863575968322456,20,upstream-analysis/analysis_outputs/dense_grid_claim1_2026_08_23/krr/krr_learning_curves_dense_m1024.csv
GemNet-OC,dense-grid-CROSS,CROSS,1024,128,rho_1e-06,1e-06,common,0.007423132964604328,0.00813614022381447,20,upstream-analysis/analysis_outputs/dense_grid_claim1_2026_08_23/krr/krr_learning_curves_dense_m1024.csv
GemNet-OC,dense-grid-CROSS,CROSS,1024,128,rho_1e-08,1e-08,common,0.007421221573220455,0.008129111487277785,20,upstream-analysis/analysis_outputs/dense_grid_claim1_2026_08_23/krr/krr_learning_curves_dense_m1024.csv
GemNet-OC,dense-grid-CROSS,CROSS,1024,128,ridgeless,0.0,common,0.007421201367514316,0.008141398314567401,20,upstream-analysis/analysis_outputs/dense_grid_claim1_2026_08_23/krr/krr_learning_curves_dense_m1024.csv
GemNet-OC,dense-grid-CROSS,CROSS,1024,256,rho_0.0001,0.0001,common,0.005797524104470347,0.005832814539387244,20,upstream-analysis/analysis_outputs/dense_grid_claim1_2026_08_23/krr/krr_learning_curves_dense_m1024.csv
GemNet-OC,dense-grid-CROSS,CROSS,1024,256,rho_0.01,0.01,common,0.00535799437149855,0.005650701385909735,20,upstream-analysis/analysis_outputs/dense_grid_claim1_2026_08_23/krr/krr_learning_curves_dense_m1024.csv
GemNet-OC,dense-grid-CROSS,CROSS,1024,256,rho_0.1,0.1,common,0.005592803628543985,0.006095191789484527,20,upstream-analysis/analysis_outputs/dense_grid_claim1_2026_08_23/krr/krr_learning_curves_dense_m1024.csv
GemNet-OC,dense-grid-CROSS,CROSS,1024,256,rho_1e-06,1e-06,common,0.005807399928474732,0.005864371584783839,20,upstream-analysis/analysis_outputs/dense_grid_claim1_2026_08_23/krr/krr_learning_curves_dense_m1024.csv
GemNet-OC,dense-grid-CROSS,CROSS,1024,256,rho_1e-08,1e-08,common,0.005809798554782496,0.005905580161341411,20,upstream-analysis/analysis_outputs/dense_grid_claim1_2026_08_23/krr/krr_learning_curves_dense_m1024.csv
GemNet-OC,dense-grid-CROSS,CROSS,1024,256,ridgeless,0.0,common,0.005813241840161675,0.0058680631081652465,20,upstream-analysis/analysis_outputs/dense_grid_claim1_2026_08_23/krr/krr_learning_curves_dense_m1024.csv
GemNet-OC,dense-grid-CROSS,CROSS,1024,512,rho_0.0001,0.0001,common,0.004689118381963422,0.00491313643264083,20,upstream-analysis/analysis_outputs/dense_grid_claim1_2026_08_23/krr/krr_learning_curves_dense_m1024.csv
GemNet-OC,dense-grid-CROSS,CROSS,1024,512,rho_0.01,0.01,common,0.004561667983419304,0.004525470691432917,20,upstream-analysis/analysis_outputs/dense_grid_claim1_2026_08_23/krr/krr_learning_curves_dense_m1024.csv
GemNet-OC,dense-grid-CROSS,CROSS,1024,512,rho_0.1,0.1,common,0.004512892020613751,0.004464079926816537,20,upstream-analysis/analysis_outputs/dense_grid_claim1_2026_08_23/krr/krr_learning_curves_dense_m1024.csv
GemNet-OC,dense-grid-CROSS,CROSS,1024,512,rho_1e-06,1e-06,common,0.004724621078133406,0.004926416773733546,20,upstream-analysis/analysis_outputs/dense_grid_claim1_2026_08_23/krr/krr_learning_curves_dense_m1024.csv
GemNet-OC,dense-grid-CROSS,CROSS,1024,512,rho_1e-08,1e-08,common,0.0046944408031247414,0.004945352086934847,20,upstream-analysis/analysis_outputs/dense_grid_claim1_2026_08_23/krr/krr_learning_curves_dense_m1024.csv
GemNet-OC,dense-grid-CROSS,CROSS,1024,512,ridgeless,0.0,common,0.004680104786713827,0.004919958541481176,20,upstream-analysis/analysis_outputs/dense_grid_claim1_2026_08_23/krr/krr_learning_curves_dense_m1024.csv
MPNN,dense-grid-CROSS,CROSS,1024,32,rho_0.0001,0.0001,common,0.8999975323796916,0.870400955718676,20,upstream-analysis/analysis_outputs/dense_grid_claim1_2026_08_23/krr/krr_learning_curves_dense_m1024.csv
MPNN,dense-grid-CROSS,CROSS,1024,32,rho_0.01,0.01,common,0.902260553954704,0.8721806470443667,20,upstream-analysis/analysis_outputs/dense_grid_claim1_2026_08_23/krr/krr_learning_curves_dense_m1024.csv
MPNN,dense-grid-CROSS,CROSS,1024,32,rho_0.1,0.1,common,0.9097835954505455,0.8838306924527373,20,upstream-analysis/analysis_outputs/dense_grid_claim1_2026_08_23/krr/krr_learning_curves_dense_m1024.csv
MPNN,dense-grid-CROSS,CROSS,1024,32,rho_1e-06,1e-06,common,0.8999728058742479,0.8703822547245078,20,upstream-analysis/analysis_outputs/dense_grid_claim1_2026_08_23/krr/krr_learning_curves_dense_m1024.csv
MPNN,dense-grid-CROSS,CROSS,1024,32,rho_1e-08,1e-08,common,0.899972558497067,0.8703820676154572,20,upstream-analysis/analysis_outputs/dense_grid_claim1_2026_08_23/krr/krr_learning_curves_dense_m1024.csv
MPNN,dense-grid-CROSS,CROSS,1024,32,ridgeless,0.0,common,0.8999725559982963,0.870382065725457,20,upstream-analysis/analysis_outputs/dense_grid_claim1_2026_08_23/krr/krr_learning_curves_dense_m1024.csv
MPNN,dense-grid-CROSS,CROSS,1024,64,rho_0.0001,0.0001,common,0.7289733127290494,0.6997768272536444,20,upstream-analysis/analysis_outputs/dense_grid_claim1_2026_08_23/krr/krr_learning_curves_dense_m1024.csv
MPNN,dense-grid-CROSS,CROSS,1024,64,rho_0.01,0.01,common,0.731545093457372,0.7029927339361794,20,upstream-analysis/analysis_outputs/dense_grid_claim1_2026_08_23/krr/krr_learning_curves_dense_m1024.csv
MPNN,dense-grid-CROSS,CROSS,1024,64,rho_0.1,0.1,common,0.7503332215800507,0.7258138350226445,20,upstream-analysis/analysis_outputs/dense_grid_claim1_2026_08_23/krr/krr_learning_curves_dense_m1024.csv
MPNN,dense-grid-CROSS,CROSS,1024,64,rho_1e-06,1e-06,common,0.7289467698968954,0.6997434376875695,20,upstream-analysis/analysis_outputs/dense_grid_claim1_2026_08_23/krr/krr_learning_curves_dense_m1024.csv
MPNN,dense-grid-CROSS,CROSS,1024,64,rho_1e-08,1e-08,common,0.7289465043780701,0.699743103656452,20,upstream-analysis/analysis_outputs/dense_grid_claim1_2026_08_23/krr/krr_learning_curves_dense_m1024.csv
MPNN,dense-grid-CROSS,CROSS,1024,64,ridgeless,0.0,common,0.7289465016960526,0.6997431002823868,20,upstream-analysis/analysis_outputs/dense_grid_claim1_2026_08_23/krr/krr_learning_curves_dense_m1024.csv
MPNN,dense-grid-CROSS,CROSS,1024,128,rho_0.0001,0.0001,common,0.47498671156936734,0.47008047341166037,20,upstream-analysis/analysis_outputs/dense_grid_claim1_2026_08_23/krr/krr_learning_curves_dense_m1024.csv
MPNN,dense-grid-CROSS,CROSS,1024,128,rho_0.01,0.01,common,0.47498216402532695,0.47442687098204434,20,upstream-analysis/analysis_outputs/dense_grid_claim1_2026_08_23/krr/krr_learning_curves_dense_m1024.csv
MPNN,dense-grid-CROSS,CROSS,1024,128,rho_0.1,0.1,common,0.49601771818985785,0.5052807534693274,20,upstream-analysis/analysis_outputs/dense_grid_claim1_2026_08_23/krr/krr_learning_curves_dense_m1024.csv
MPNN,dense-grid-CROSS,CROSS,1024,128,rho_1e-06,1e-06,common,0.4749876086593141,0.4700352882987936,20,upstream-analysis/analysis_outputs/dense_grid_claim1_2026_08_23/krr/krr_learning_curves_dense_m1024.csv
MPNN,dense-grid-CROSS,CROSS,1024,128,rho_1e-08,1e-08,common,0.47498761771908676,0.47003483625785847,20,upstream-analysis/analysis_outputs/dense_grid_claim1_2026_08_23/krr/krr_learning_curves_dense_m1024.csv
MPNN,dense-grid-CROSS,CROSS,1024,128,ridgeless,0.0,common,0.4749876178106074,0.47003483169176913,20,upstream-analysis/analysis_outputs/dense_grid_claim1_2026_08_23/krr/krr_learning_curves_dense_m1024.csv
MPNN,dense-grid-CROSS,CROSS,1024,256,rho_0.0001,0.0001,common,0.29042350854470794,0.2981536024743321,20,upstream-analysis/analysis_outputs/dense_grid_claim1_2026_08_23/krr/krr_learning_curves_dense_m1024.csv
MPNN,dense-grid-CROSS,CROSS,1024,256,rho_0.01,0.01,common,0.2929726848921588,0.3003855369808985,20,upstream-analysis/analysis_outputs/dense_grid_claim1_2026_08_23/krr/krr_learning_curves_dense_m1024.csv
MPNN,dense-grid-CROSS,CROSS,1024,256,rho_0.1,0.1,common,0.30784300401972675,0.3197336120357119,20,upstream-analysis/analysis_outputs/dense_grid_claim1_2026_08_23/krr/krr_learning_curves_dense_m1024.csv
MPNN,dense-grid-CROSS,CROSS,1024,256,rho_1e-06,1e-06,common,0.29039828788846744,0.2981319315529322,20,upstream-analysis/analysis_outputs/dense_grid_claim1_2026_08_23/krr/krr_learning_curves_dense_m1024.csv
MPNN,dense-grid-CROSS,CROSS,1024,256,rho_1e-08,1e-08,common,0.29039803574042133,0.2981317149558613,20,upstream-analysis/analysis_outputs/dense_grid_claim1_2026_08_23/krr/krr_learning_curves_dense_m1024.csv
MPNN,dense-grid-CROSS,CROSS,1024,256,ridgeless,0.0,common,0.29039803319347735,0.2981317127680233,20,upstream-analysis/analysis_outputs/dense_grid_claim1_2026_08_23/krr/krr_learning_curves_dense_m1024.csv
MPNN,dense-grid-CROSS,CROSS,1024,512,rho_0.0001,0.0001,common,0.21062781351761686,0.2324981209075257,20,upstream-analysis/analysis_outputs/dense_grid_claim1_2026_08_23/krr/krr_learning_curves_dense_m1024.csv
MPNN,dense-grid-CROSS,CROSS,1024,512,rho_0.01,0.01,common,0.20986699819703392,0.2309865576185651,20,upstream-analysis/analysis_outputs/dense_grid_claim1_2026_08_23/krr/krr_learning_curves_dense_m1024.csv
MPNN,dense-grid-CROSS,CROSS,1024,512,rho_0.1,0.1,common,0.21268505355924247,0.23285066707286844,20,upstream-analysis/analysis_outputs/dense_grid_claim1_2026_08_23/krr/krr_learning_curves_dense_m1024.csv
MPNN,dense-grid-CROSS,CROSS,1024,512,rho_1e-06,1e-06,common,0.2106425196558766,0.2325222513501759,20,upstream-analysis/analysis_outputs/dense_grid_claim1_2026_08_23/krr/krr_learning_curves_dense_m1024.csv
MPNN,dense-grid-CROSS,CROSS,1024,512,rho_1e-08,1e-08,common,0.21064266792063963,0.23252249403942726,20,upstream-analysis/analysis_outputs/dense_grid_claim1_2026_08_23/krr/krr_learning_curves_dense_m1024.csv
MPNN,dense-grid-CROSS,CROSS,1024,512,ridgeless,0.0,common,0.21064266941838578,0.23252249649097392,20,upstream-analysis/analysis_outputs/dense_grid_claim1_2026_08_23/krr/krr_learning_curves_dense_m1024.csv
MC-EGNN,dense-grid-FITX,FITX,1024,32,rho_0.0001,0.0001,common,0.5046252591318021,0.45804136499693165,20,upstream-analysis/analysis_outputs/dense_grid_claim1_2026_08_23/krr/krr_learning_curves_dense_m1024.csv
MC-EGNN,dense-grid-FITX,FITX,1024,32,rho_0.01,0.01,common,0.545808431317442,0.4884753491722755,20,upstream-analysis/analysis_outputs/dense_grid_claim1_2026_08_23/krr/krr_learning_curves_dense_m1024.csv
MC-EGNN,dense-grid-FITX,FITX,1024,32,rho_0.1,0.1,common,0.6540029723729661,0.5957548216785927,20,upstream-analysis/analysis_outputs/dense_grid_claim1_2026_08_23/krr/krr_learning_curves_dense_m1024.csv
MC-EGNN,dense-grid-FITX,FITX,1024,32,rho_1e-06,1e-06,common,0.5042251051928397,0.45786832274886297,20,upstream-analysis/analysis_outputs/dense_grid_claim1_2026_08_23/krr/krr_learning_curves_dense_m1024.csv
MC-EGNN,dense-grid-FITX,FITX,1024,32,rho_1e-08,1e-08,common,0.5042128162988568,0.45774848208112723,20,upstream-analysis/analysis_outputs/dense_grid_claim1_2026_08_23/krr/krr_learning_curves_dense_m1024.csv
MC-EGNN,dense-grid-FITX,FITX,1024,32,ridgeless,0.0,common,0.5042126860552706,0.4578043967099868,20,upstream-analysis/analysis_outputs/dense_grid_claim1_2026_08_23/krr/krr_learning_curves_dense_m1024.csv
MC-EGNN,dense-grid-FITX,FITX,1024,64,rho_0.0001,0.0001,common,0.2731070276311306,0.28363198873068346,20,upstream-analysis/analysis_outputs/dense_grid_claim1_2026_08_23/krr/krr_learning_curves_dense_m1024.csv
MC-EGNN,dense-grid-FITX,FITX,1024,64,rho_0.01,0.01,common,0.29600780116439807,0.31387023698432415,20,upstream-analysis/analysis_outputs/dense_grid_claim1_2026_08_23/krr/krr_learning_curves_dense_m1024.csv
MC-EGNN,dense-grid-FITX,FITX,1024,64,rho_0.1,0.1,common,0.3801334445971269,0.4114706910303445,20,upstream-analysis/analysis_outputs/dense_grid_claim1_2026_08_23/krr/krr_learning_curves_dense_m1024.csv
MC-EGNN,dense-grid-FITX,FITX,1024,64,rho_1e-06,1e-06,common,0.2731864786497912,0.2832323816314318,20,upstream-analysis/analysis_outputs/dense_grid_claim1_2026_08_23/krr/krr_learning_curves_dense_m1024.csv
MC-EGNN,dense-grid-FITX,FITX,1024,64,rho_1e-08,1e-08,common,0.27317218673768,0.28296781983677455,20,upstream-analysis/analysis_outputs/dense_grid_claim1_2026_08_23/krr/krr_learning_curves_dense_m1024.csv
MC-EGNN,dense-grid-FITX,FITX,1024,64,ridgeless,0.0,common,0.27319241945052125,0.2829922444672651,20,upstream-analysis/analysis_outputs/dense_grid_claim1_2026_08_23/krr/krr_learning_curves_dense_m1024.csv
MC-EGNN,dense-grid-FITX,FITX,1024,128,rho_0.0001,0.0001,common,0.1398327765847065,0.1586526659251603,20,upstream-analysis/analysis_outputs/dense_grid_claim1_2026_08_23/krr/krr_learning_curves_dense_m1024.csv
MC-EGNN,dense-grid-FITX,FITX,1024,128,rho_0.01,0.01,common,0.16664845050042737,0.18274709972222355,20,upstream-analysis/analysis_outputs/dense_grid_claim1_2026_08_23/krr/krr_learning_curves_dense_m1024.csv
MC-EGNN,dense-grid-FITX,FITX,1024,128,rho_0.1,0.1,common,0.2450773153540226,0.25466224669800536,20,upstream-analysis/analysis_outputs/dense_grid_claim1_2026_08_23/krr/krr_learning_curves_dense_m1024.csv
MC-EGNN,dense-grid-FITX,FITX,1024,128,rho_1e-06,1e-06,common,0.1384884551325174,0.15801485652766675,20,upstream-analysis/analysis_outputs/dense_grid_claim1_2026_08_23/krr/krr_learning_curves_dense_m1024.csv
MC-EGNN,dense-grid-FITX,FITX,1024,128,rho_1e-08,1e-08,common,0.13813414065958407,0.15766130007685047,20,upstream-analysis/analysis_outputs/dense_grid_claim1_2026_08_23/krr/krr_learning_curves_dense_m1024.csv
MC-EGNN,dense-grid-FITX,FITX,1024,128,ridgeless,0.0,common,0.1381225207156251,0.15765535048023477,20,upstream-analysis/analysis_outputs/dense_grid_claim1_2026_08_23/krr/krr_learning_curves_dense_m1024.csv
MC-EGNN,dense-grid-FITX,FITX,1024,256,rho_0.0001,0.0001,common,0.065397897687349,0.07307524624310031,20,upstream-analysis/analysis_outputs/dense_grid_claim1_2026_08_23/krr/krr_learning_curves_dense_m1024.csv
MC-EGNN,dense-grid-FITX,FITX,1024,256,rho_0.01,0.01,common,0.0748796371034825,0.08560352352660412,20,upstream-analysis/analysis_outputs/dense_grid_claim1_2026_08_23/krr/krr_learning_curves_dense_m1024.csv
MC-EGNN,dense-grid-FITX,FITX,1024,256,rho_0.1,0.1,common,0.11859658130686729,0.12984684704023208,20,upstream-analysis/analysis_outputs/dense_grid_claim1_2026_08_23/krr/krr_learning_curves_dense_m1024.csv
MC-EGNN,dense-grid-FITX,FITX,1024,256,rho_1e-06,1e-06,common,0.06578694717153763,0.07336189325740376,20,upstream-analysis/analysis_outputs/dense_grid_claim1_2026_08_23/krr/krr_learning_curves_dense_m1024.csv
MC-EGNN,dense-grid-FITX,FITX,1024,256,rho_1e-08,1e-08,common,0.06522192785184153,0.0733746189330279,20,upstream-analysis/analysis_outputs/dense_grid_claim1_2026_08_23/krr/krr_learning_curves_dense_m1024.csv
MC-EGNN,dense-grid-FITX,FITX,1024,256,ridgeless,0.0,common,0.06519990330520065,0.07333341233965021,20,upstream-analysis/analysis_outputs/dense_grid_claim1_2026_08_23/krr/krr_learning_curves_dense_m1024.csv
MC-EGNN,dense-grid-FITX,FITX,1024,512,rho_0.0001,0.0001,common,0.03566745603971153,0.03985997115939723,20,upstream-analysis/analysis_outputs/dense_grid_claim1_2026_08_23/krr/krr_learning_curves_dense_m1024.csv
MC-EGNN,dense-grid-FITX,FITX,1024,512,rho_0.01,0.01,common,0.0415152029945204,0.042803674747499604,20,upstream-analysis/analysis_outputs/dense_grid_claim1_2026_08_23/krr/krr_learning_curves_dense_m1024.csv
MC-EGNN,dense-grid-FITX,FITX,1024,512,rho_0.1,0.1,common,0.06527942713898756,0.06424570161177802,20,upstream-analysis/analysis_outputs/dense_grid_claim1_2026_08_23/krr/krr_learning_curves_dense_m1024.csv
MC-EGNN,dense-grid-FITX,FITX,1024,512,rho_1e-06,1e-06,common,0.037547952269166046,0.04077866386894831,20,upstream-analysis/analysis_outputs/dense_grid_claim1_2026_08_23/krr/krr_learning_curves_dense_m1024.csv
MC-EGNN,dense-grid-FITX,FITX,1024,512,rho_1e-08,1e-08,common,0.03746461230092698,0.04080812413898223,20,upstream-analysis/analysis_outputs/dense_grid_claim1_2026_08_23/krr/krr_learning_curves_dense_m1024.csv
MC-EGNN,dense-grid-FITX,FITX,1024,512,ridgeless,0.0,common,0.03755345622839208,0.040882102520659255,20,upstream-analysis/analysis_outputs/dense_grid_claim1_2026_08_23/krr/krr_learning_curves_dense_m1024.csv
eSEN,dense-grid-FITX,FITX,1024,32,rho_0.0001,0.0001,common,0.16648130817756218,0.16200833594367842,20,upstream-analysis/analysis_outputs/dense_grid_claim1_2026_08_23/krr/krr_learning_curves_dense_m1024.csv
eSEN,dense-grid-FITX,FITX,1024,32,rho_0.01,0.01,common,0.1834792542777478,0.17839114953841817,20,upstream-analysis/analysis_outputs/dense_grid_claim1_2026_08_23/krr/krr_learning_curves_dense_m1024.csv
eSEN,dense-grid-FITX,FITX,1024,32,rho_0.1,0.1,common,0.25527640730607537,0.23820820882230173,20,upstream-analysis/analysis_outputs/dense_grid_claim1_2026_08_23/krr/krr_learning_curves_dense_m1024.csv
eSEN,dense-grid-FITX,FITX,1024,32,rho_1e-06,1e-06,common,0.16618607718679967,0.16168980724137633,20,upstream-analysis/analysis_outputs/dense_grid_claim1_2026_08_23/krr/krr_learning_curves_dense_m1024.csv
eSEN,dense-grid-FITX,FITX,1024,32,rho_1e-08,1e-08,common,0.16618278596508246,0.16168662135513295,20,upstream-analysis/analysis_outputs/dense_grid_claim1_2026_08_23/krr/krr_learning_curves_dense_m1024.csv
eSEN,dense-grid-FITX,FITX,1024,32,ridgeless,0.0,common,0.1661827526616716,0.16168658919781342,20,upstream-analysis/analysis_outputs/dense_grid_claim1_2026_08_23/krr/krr_learning_curves_dense_m1024.csv
eSEN,dense-grid-FITX,FITX,1024,64,rho_0.0001,0.0001,common,0.06437366992972088,0.07360170478678499,20,upstream-analysis/analysis_outputs/dense_grid_claim1_2026_08_23/krr/krr_learning_curves_dense_m1024.csv
eSEN,dense-grid-FITX,FITX,1024,64,rho_0.01,0.01,common,0.06832378954961058,0.08057248331021877,20,upstream-analysis/analysis_outputs/dense_grid_claim1_2026_08_23/krr/krr_learning_curves_dense_m1024.csv
eSEN,dense-grid-FITX,FITX,1024,64,rho_0.1,0.1,common,0.09070885271258217,0.10684334338157239,20,upstream-analysis/analysis_outputs/dense_grid_claim1_2026_08_23/krr/krr_learning_curves_dense_m1024.csv
eSEN,dense-grid-FITX,FITX,1024,64,rho_1e-06,1e-06,common,0.06421087274432255,0.07343435428404707,20,upstream-analysis/analysis_outputs/dense_grid_claim1_2026_08_23/krr/krr_learning_curves_dense_m1024.csv
eSEN,dense-grid-FITX,FITX,1024,64,rho_1e-08,1e-08,common,0.06421066491370725,0.07343337914458706,20,upstream-analysis/analysis_outputs/dense_grid_claim1_2026_08_23/krr/krr_learning_curves_dense_m1024.csv
eSEN,dense-grid-FITX,FITX,1024,64,ridgeless,0.0,common,0.06421066328265651,0.07343342472151908,20,upstream-analysis/analysis_outputs/dense_grid_claim1_2026_08_23/krr/krr_learning_curves_dense_m1024.csv
eSEN,dense-grid-FITX,FITX,1024,128,rho_0.0001,0.0001,common,0.028146586024347154,0.03522188643935673,20,upstream-analysis/analysis_outputs/dense_grid_claim1_2026_08_23/krr/krr_learning_curves_dense_m1024.csv
eSEN,dense-grid-FITX,FITX,1024,128,rho_0.01,0.01,common,0.029724844823023025,0.03839882295981996,20,upstream-analysis/analysis_outputs/dense_grid_claim1_2026_08_23/krr/krr_learning_curves_dense_m1024.csv
eSEN,dense-grid-FITX,FITX,1024,128,rho_0.1,0.1,common,0.03527617288264741,0.04905018686676893,20,upstream-analysis/analysis_outputs/dense_grid_claim1_2026_08_23/krr/krr_learning_curves_dense_m1024.csv
eSEN,dense-grid-FITX,FITX,1024,128,rho_1e-06,1e-06,common,0.02803450223851258,0.0351162742590601,20,upstream-analysis/analysis_outputs/dense_grid_claim1_2026_08_23/krr/krr_learning_curves_dense_m1024.csv
eSEN,dense-grid-FITX,FITX,1024,128,rho_1e-08,1e-08,common,0.028032705121891127,0.03511375306354784,20,upstream-analysis/analysis_outputs/dense_grid_claim1_2026_08_23/krr/krr_learning_curves_dense_m1024.csv
eSEN,dense-grid-FITX,FITX,1024,128,ridgeless,0.0,common,0.028032686725865466,0.03511372902690575,20,upstream-analysis/analysis_outputs/dense_grid_claim1_2026_08_23/krr/krr_learning_curves_dense_m1024.csv
eSEN,dense-grid-FITX,FITX,1024,256,rho_0.0001,0.0001,common,0.012545461631858098,0.017628583988732568,20,upstream-analysis/analysis_outputs/dense_grid_claim1_2026_08_23/krr/krr_learning_curves_dense_m1024.csv
eSEN,dense-grid-FITX,FITX,1024,256,rho_0.01,0.01,common,0.013606866254951912,0.019194402731391308,20,upstream-analysis/analysis_outputs/dense_grid_claim1_2026_08_23/krr/krr_learning_curves_dense_m1024.csv
eSEN,dense-grid-FITX,FITX,1024,256,rho_0.1,0.1,common,0.016167381399959282,0.023163992616252897,20,upstream-analysis/analysis_outputs/dense_grid_claim1_2026_08_23/krr/krr_learning_curves_dense_m1024.csv
eSEN,dense-grid-FITX,FITX,1024,256,rho_1e-06,1e-06,common,0.012471559369384062,0.017550291826391052,20,upstream-analysis/analysis_outputs/dense_grid_claim1_2026_08_23/krr/krr_learning_curves_dense_m1024.csv
eSEN,dense-grid-FITX,FITX,1024,256,rho_1e-08,1e-08,common,0.012470526834412653,0.017543559680173328,20,upstream-analysis/analysis_outputs/dense_grid_claim1_2026_08_23/krr/krr_learning_curves_dense_m1024.csv
eSEN,dense-grid-FITX,FITX,1024,256,ridgeless,0.0,common,0.012470516285936576,0.01754346915635357,20,upstream-analysis/analysis_outputs/dense_grid_claim1_2026_08_23/krr/krr_learning_curves_dense_m1024.csv
eSEN,dense-grid-FITX,FITX,1024,512,rho_0.0001,0.0001,common,0.00540240741228772,0.007343467370171557,20,upstream-analysis/analysis_outputs/dense_grid_claim1_2026_08_23/krr/krr_learning_curves_dense_m1024.csv
eSEN,dense-grid-FITX,FITX,1024,512,rho_0.01,0.01,common,0.006135109160400987,0.008225929760205242,20,upstream-analysis/analysis_outputs/dense_grid_claim1_2026_08_23/krr/krr_learning_curves_dense_m1024.csv
eSEN,dense-grid-FITX,FITX,1024,512,rho_0.1,0.1,common,0.0071668632190453226,0.010153711032173333,20,upstream-analysis/analysis_outputs/dense_grid_claim1_2026_08_23/krr/krr_learning_curves_dense_m1024.csv
eSEN,dense-grid-FITX,FITX,1024,512,rho_1e-06,1e-06,common,0.005350678065211247,0.0072855608107372,20,upstream-analysis/analysis_outputs/dense_grid_claim1_2026_08_23/krr/krr_learning_curves_dense_m1024.csv
eSEN,dense-grid-FITX,FITX,1024,512,rho_1e-08,1e-08,common,0.005350280394146969,0.007283935243995729,20,upstream-analysis/analysis_outputs/dense_grid_claim1_2026_08_23/krr/krr_learning_curves_dense_m1024.csv
eSEN,dense-grid-FITX,FITX,1024,512,ridgeless,0.0,common,0.005350283022510336,0.007283914026943861,20,upstream-analysis/analysis_outputs/dense_grid_claim1_2026_08_23/krr/krr_learning_curves_dense_m1024.csv
GemNet-OC,dense-grid-FITX,FITX,1024,32,rho_0.0001,0.0001,common,0.06289725266462026,0.06753853685230518,20,upstream-analysis/analysis_outputs/dense_grid_claim1_2026_08_23/krr/krr_learning_curves_dense_m1024.csv
GemNet-OC,dense-grid-FITX,FITX,1024,32,rho_0.01,0.01,common,0.069671501329547,0.07525847815019675,20,upstream-analysis/analysis_outputs/dense_grid_claim1_2026_08_23/krr/krr_learning_curves_dense_m1024.csv
GemNet-OC,dense-grid-FITX,FITX,1024,32,rho_0.1,0.1,common,0.09772351378871727,0.10774709987924722,20,upstream-analysis/analysis_outputs/dense_grid_claim1_2026_08_23/krr/krr_learning_curves_dense_m1024.csv
GemNet-OC,dense-grid-FITX,FITX,1024,32,rho_1e-06,1e-06,common,0.0628083697908016,0.06734584523700522,20,upstream-analysis/analysis_outputs/dense_grid_claim1_2026_08_23/krr/krr_learning_curves_dense_m1024.csv
GemNet-OC,dense-grid-FITX,FITX,1024,32,rho_1e-08,1e-08,common,0.06280842253254859,0.06738315379181922,20,upstream-analysis/analysis_outputs/dense_grid_claim1_2026_08_23/krr/krr_learning_curves_dense_m1024.csv
GemNet-OC,dense-grid-FITX,FITX,1024,32,ridgeless,0.0,common,0.06280842325343802,0.06743923060997131,20,upstream-analysis/analysis_outputs/dense_grid_claim1_2026_08_23/krr/krr_learning_curves_dense_m1024.csv
GemNet-OC,dense-grid-FITX,FITX,1024,64,rho_0.0001,0.0001,common,0.014774684034629951,0.021474683362154353,20,upstream-analysis/analysis_outputs/dense_grid_claim1_2026_08_23/krr/krr_learning_curves_dense_m1024.csv
GemNet-OC,dense-grid-FITX,FITX,1024,64,rho_0.01,0.01,common,0.015973488508928938,0.02360778718585268,20,upstream-analysis/analysis_outputs/dense_grid_claim1_2026_08_23/krr/krr_learning_curves_dense_m1024.csv
GemNet-OC,dense-grid-FITX,FITX,1024,64,rho_0.1,0.1,common,0.0202400404418233,0.03264436501680289,20,upstream-analysis/analysis_outputs/dense_grid_claim1_2026_08_23/krr/krr_learning_curves_dense_m1024.csv
GemNet-OC,dense-grid-FITX,FITX,1024,64,rho_1e-06,1e-06,common,0.014733201667711155,0.021409525809531434,20,upstream-analysis/analysis_outputs/dense_grid_claim1_2026_08_23/krr/krr_learning_curves_dense_m1024.csv
GemNet-OC,dense-grid-FITX,FITX,1024,64,rho_1e-08,1e-08,common,0.014732564543822293,0.02150971330972423,20,upstream-analysis/analysis_outputs/dense_grid_claim1_2026_08_23/krr/krr_learning_curves_dense_m1024.csv
GemNet-OC,dense-grid-FITX,FITX,1024,64,ridgeless,0.0,common,0.01473255804988278,0.021607841638233573,20,upstream-analysis/analysis_outputs/dense_grid_claim1_2026_08_23/krr/krr_learning_curves_dense_m1024.csv
GemNet-OC,dense-grid-FITX,FITX,1024,128,rho_0.0001,0.0001,common,0.008442589785117027,0.009799601288985526,20,upstream-analysis/analysis_outputs/dense_grid_claim1_2026_08_23/krr/krr_learning_curves_dense_m1024.csv
GemNet-OC,dense-grid-FITX,FITX,1024,128,rho_0.01,0.01,common,0.008717655943441722,0.01029651863508895,20,upstream-analysis/analysis_outputs/dense_grid_claim1_2026_08_23/krr/krr_learning_curves_dense_m1024.csv
GemNet-OC,dense-grid-FITX,FITX,1024,128,rho_0.1,0.1,common,0.010240850993643193,0.01281688600470585,20,upstream-analysis/analysis_outputs/dense_grid_claim1_2026_08_23/krr/krr_learning_curves_dense_m1024.csv
GemNet-OC,dense-grid-FITX,FITX,1024,128,rho_1e-06,1e-06,common,0.008442311666301161,0.009791720360015509,20,upstream-analysis/analysis_outputs/dense_grid_claim1_2026_08_23/krr/krr_learning_curves_dense_m1024.csv
GemNet-OC,dense-grid-FITX,FITX,1024,128,rho_1e-08,1e-08,common,0.008440093364114876,0.009817313979573136,20,upstream-analysis/analysis_outputs/dense_grid_claim1_2026_08_23/krr/krr_learning_curves_dense_m1024.csv
GemNet-OC,dense-grid-FITX,FITX,1024,128,ridgeless,0.0,common,0.008440483579367313,0.009827116952535764,20,upstream-analysis/analysis_outputs/dense_grid_claim1_2026_08_23/krr/krr_learning_curves_dense_m1024.csv
GemNet-OC,dense-grid-FITX,FITX,1024,256,rho_0.0001,0.0001,common,0.005963060922433866,0.006298205696355569,20,upstream-analysis/analysis_outputs/dense_grid_claim1_2026_08_23/krr/krr_learning_curves_dense_m1024.csv
GemNet-OC,dense-grid-FITX,FITX,1024,256,rho_0.01,0.01,common,0.005844218581786764,0.006380112473586684,20,upstream-analysis/analysis_outputs/dense_grid_claim1_2026_08_23/krr/krr_learning_curves_dense_m1024.csv
GemNet-OC,dense-grid-FITX,FITX,1024,256,rho_0.1,0.1,common,0.006113965455804693,0.007057363024834206,20,upstream-analysis/analysis_outputs/dense_grid_claim1_2026_08_23/krr/krr_learning_curves_dense_m1024.csv
GemNet-OC,dense-grid-FITX,FITX,1024,256,rho_1e-06,1e-06,common,0.005966535409473886,0.006318683300445082,20,upstream-analysis/analysis_outputs/dense_grid_claim1_2026_08_23/krr/krr_learning_curves_dense_m1024.csv
GemNet-OC,dense-grid-FITX,FITX,1024,256,rho_1e-08,1e-08,common,0.0060703276696402655,0.006379643746823674,20,upstream-analysis/analysis_outputs/dense_grid_claim1_2026_08_23/krr/krr_learning_curves_dense_m1024.csv
GemNet-OC,dense-grid-FITX,FITX,1024,256,ridgeless,0.0,common,0.006033699450332663,0.006354818420139801,20,upstream-analysis/analysis_outputs/dense_grid_claim1_2026_08_23/krr/krr_learning_curves_dense_m1024.csv
GemNet-OC,dense-grid-FITX,FITX,1024,512,rho_0.0001,0.0001,common,0.005055938187521911,0.00484029092124123,20,upstream-analysis/analysis_outputs/dense_grid_claim1_2026_08_23/krr/krr_learning_curves_dense_m1024.csv
GemNet-OC,dense-grid-FITX,FITX,1024,512,rho_0.01,0.01,common,0.004999556972819758,0.004684394032032806,20,upstream-analysis/analysis_outputs/dense_grid_claim1_2026_08_23/krr/krr_learning_curves_dense_m1024.csv
GemNet-OC,dense-grid-FITX,FITX,1024,512,rho_0.1,0.1,common,0.004938409350876432,0.004717306251479847,20,upstream-analysis/analysis_outputs/dense_grid_claim1_2026_08_23/krr/krr_learning_curves_dense_m1024.csv
GemNet-OC,dense-grid-FITX,FITX,1024,512,rho_1e-06,1e-06,common,0.005077527339434241,0.004876398986833769,20,upstream-analysis/analysis_outputs/dense_grid_claim1_2026_08_23/krr/krr_learning_curves_dense_m1024.csv
GemNet-OC,dense-grid-FITX,FITX,1024,512,rho_1e-08,1e-08,common,0.005173810257960591,0.004938996747712366,20,upstream-analysis/analysis_outputs/dense_grid_claim1_2026_08_23/krr/krr_learning_curves_dense_m1024.csv
GemNet-OC,dense-grid-FITX,FITX,1024,512,ridgeless,0.0,common,0.005176375882125713,0.004931994164922579,20,upstream-analysis/analysis_outputs/dense_grid_claim1_2026_08_23/krr/krr_learning_curves_dense_m1024.csv
MPNN,dense-grid-FITX,FITX,1024,32,rho_0.0001,0.0001,common,0.8684532325074537,0.8374160955637127,20,upstream-analysis/analysis_outputs/dense_grid_claim1_2026_08_23/krr/krr_learning_curves_dense_m1024.csv
MPNN,dense-grid-FITX,FITX,1024,32,rho_0.01,0.01,common,0.8702623590015607,0.839081537446417,20,upstream-analysis/analysis_outputs/dense_grid_claim1_2026_08_23/krr/krr_learning_curves_dense_m1024.csv
MPNN,dense-grid-FITX,FITX,1024,32,rho_0.1,0.1,common,0.8838741496720088,0.8512986945076833,20,upstream-analysis/analysis_outputs/dense_grid_claim1_2026_08_23/krr/krr_learning_curves_dense_m1024.csv
MPNN,dense-grid-FITX,FITX,1024,32,rho_1e-06,1e-06,common,0.8684347332788191,0.8373989912871769,20,upstream-analysis/analysis_outputs/dense_grid_claim1_2026_08_23/krr/krr_learning_curves_dense_m1024.csv
MPNN,dense-grid-FITX,FITX,1024,32,rho_1e-08,1e-08,common,0.8684345482443263,0.8373988201974158,20,upstream-analysis/analysis_outputs/dense_grid_claim1_2026_08_23/krr/krr_learning_curves_dense_m1024.csv
MPNN,dense-grid-FITX,FITX,1024,32,ridgeless,0.0,common,0.8684345463752866,0.8373988184692317,20,upstream-analysis/analysis_outputs/dense_grid_claim1_2026_08_23/krr/krr_learning_curves_dense_m1024.csv
MPNN,dense-grid-FITX,FITX,1024,64,rho_0.0001,0.0001,common,0.701644410765931,0.6566882218562891,20,upstream-analysis/analysis_outputs/dense_grid_claim1_2026_08_23/krr/krr_learning_curves_dense_m1024.csv
MPNN,dense-grid-FITX,FITX,1024,64,rho_0.01,0.01,common,0.704828868421703,0.6599877594547491,20,upstream-analysis/analysis_outputs/dense_grid_claim1_2026_08_23/krr/krr_learning_curves_dense_m1024.csv
MPNN,dense-grid-FITX,FITX,1024,64,rho_0.1,0.1,common,0.7275413995161023,0.6841990838311391,20,upstream-analysis/analysis_outputs/dense_grid_claim1_2026_08_23/krr/krr_learning_curves_dense_m1024.csv
MPNN,dense-grid-FITX,FITX,1024,64,rho_1e-06,1e-06,common,0.7016114070137212,0.6566542879246077,20,upstream-analysis/analysis_outputs/dense_grid_claim1_2026_08_23/krr/krr_learning_curves_dense_m1024.csv
MPNN,dense-grid-FITX,FITX,1024,64,rho_1e-08,1e-08,common,0.7016110768498345,0.6566539484861564,20,upstream-analysis/analysis_outputs/dense_grid_claim1_2026_08_23/krr/krr_learning_curves_dense_m1024.csv
MPNN,dense-grid-FITX,FITX,1024,64,ridgeless,0.0,common,0.7016110735148331,0.6566539450574751,20,upstream-analysis/analysis_outputs/dense_grid_claim1_2026_08_23/krr/krr_learning_curves_dense_m1024.csv
MPNN,dense-grid-FITX,FITX,1024,128,rho_0.0001,0.0001,common,0.42381006218503564,0.43933502622319553,20,upstream-analysis/analysis_outputs/dense_grid_claim1_2026_08_23/krr/krr_learning_curves_dense_m1024.csv
MPNN,dense-grid-FITX,FITX,1024,128,rho_0.01,0.01,common,0.42706884909501264,0.4429331590920696,20,upstream-analysis/analysis_outputs/dense_grid_claim1_2026_08_23/krr/krr_learning_curves_dense_m1024.csv
MPNN,dense-grid-FITX,FITX,1024,128,rho_0.1,0.1,common,0.4522410601640819,0.4696615149039488,20,upstream-analysis/analysis_outputs/dense_grid_claim1_2026_08_23/krr/krr_learning_curves_dense_m1024.csv
MPNN,dense-grid-FITX,FITX,1024,128,rho_1e-06,1e-06,common,0.42377681346108087,0.43929797168759127,20,upstream-analysis/analysis_outputs/dense_grid_claim1_2026_08_23/krr/krr_learning_curves_dense_m1024.csv
MPNN,dense-grid-FITX,FITX,1024,128,rho_1e-08,1e-08,common,0.4237764809057786,0.43929760102618876,20,upstream-analysis/analysis_outputs/dense_grid_claim1_2026_08_23/krr/krr_learning_curves_dense_m1024.csv
MPNN,dense-grid-FITX,FITX,1024,128,ridgeless,0.0,common,0.4237764775466273,0.43929759728212237,20,upstream-analysis/analysis_outputs/dense_grid_claim1_2026_08_23/krr/krr_learning_curves_dense_m1024.csv
MPNN,dense-grid-FITX,FITX,1024,256,rho_0.0001,0.0001,common,0.2579362571058317,0.273932982463528,20,upstream-analysis/analysis_outputs/dense_grid_claim1_2026_08_23/krr/krr_learning_curves_dense_m1024.csv
MPNN,dense-grid-FITX,FITX,1024,256,rho_0.01,0.01,common,0.2605588882361052,0.2761210596908043,20,upstream-analysis/analysis_outputs/dense_grid_claim1_2026_08_23/krr/krr_learning_curves_dense_m1024.csv
MPNN,dense-grid-FITX,FITX,1024,256,rho_0.1,0.1,common,0.2828987044030995,0.29353279619195094,20,upstream-analysis/analysis_outputs/dense_grid_claim1_2026_08_23/krr/krr_learning_curves_dense_m1024.csv
MPNN,dense-grid-FITX,FITX,1024,256,rho_1e-06,1e-06,common,0.25790967395875486,0.2739107724869375,20,upstream-analysis/analysis_outputs/dense_grid_claim1_2026_08_23/krr/krr_learning_curves_dense_m1024.csv
MPNN,dense-grid-FITX,FITX,1024,256,rho_1e-08,1e-08,common,0.2579094080942408,0.2739105503571648,20,upstream-analysis/analysis_outputs/dense_grid_claim1_2026_08_23/krr/krr_learning_curves_dense_m1024.csv
MPNN,dense-grid-FITX,FITX,1024,256,ridgeless,0.0,common,0.2579094054087372,0.2739105481134267,20,upstream-analysis/analysis_outputs/dense_grid_claim1_2026_08_23/krr/krr_learning_curves_dense_m1024.csv
MPNN,dense-grid-FITX,FITX,1024,512,rho_0.0001,0.0001,common,0.1985103742507605,0.2069345799558205,20,upstream-analysis/analysis_outputs/dense_grid_claim1_2026_08_23/krr/krr_learning_curves_dense_m1024.csv
MPNN,dense-grid-FITX,FITX,1024,512,rho_0.01,0.01,common,0.19915524934742102,0.2075031780092948,20,upstream-analysis/analysis_outputs/dense_grid_claim1_2026_08_23/krr/krr_learning_curves_dense_m1024.csv
MPNN,dense-grid-FITX,FITX,1024,512,rho_0.1,0.1,common,0.20740858037356674,0.21383983264417475,20,upstream-analysis/analysis_outputs/dense_grid_claim1_2026_08_23/krr/krr_learning_curves_dense_m1024.csv
MPNN,dense-grid-FITX,FITX,1024,512,rho_1e-06,1e-06,common,0.19851037219034806,0.20693036124393283,20,upstream-analysis/analysis_outputs/dense_grid_claim1_2026_08_23/krr/krr_learning_curves_dense_m1024.csv
MPNN,dense-grid-FITX,FITX,1024,512,rho_1e-08,1e-08,common,0.19851037251595546,0.2069303193088817,20,upstream-analysis/analysis_outputs/dense_grid_claim1_2026_08_23/krr/krr_learning_curves_dense_m1024.csv
MPNN,dense-grid-FITX,FITX,1024,512,ridgeless,0.0,common,0.19851037251927972,0.20693031888532104,20,upstream-analysis/analysis_outputs/dense_grid_claim1_2026_08_23/krr/krr_learning_curves_dense_m1024.csv
MC-EGNN,dense-grid-POSTCROSS,POSTCROSS,1024,32,rho_0.0001,0.0001,common,0.5046252591318021,0.45804136499693165,20,upstream-analysis/analysis_outputs/dense_grid_claim1_2026_08_23/krr/krr_learning_curves_dense_m1024.csv
MC-EGNN,dense-grid-POSTCROSS,POSTCROSS,1024,32,rho_0.01,0.01,common,0.545808431317442,0.4884753491722755,20,upstream-analysis/analysis_outputs/dense_grid_claim1_2026_08_23/krr/krr_learning_curves_dense_m1024.csv
MC-EGNN,dense-grid-POSTCROSS,POSTCROSS,1024,32,rho_0.1,0.1,common,0.6540029723729661,0.5957548216785927,20,upstream-analysis/analysis_outputs/dense_grid_claim1_2026_08_23/krr/krr_learning_curves_dense_m1024.csv
MC-EGNN,dense-grid-POSTCROSS,POSTCROSS,1024,32,rho_1e-06,1e-06,common,0.5042251051928397,0.45786832274886297,20,upstream-analysis/analysis_outputs/dense_grid_claim1_2026_08_23/krr/krr_learning_curves_dense_m1024.csv
MC-EGNN,dense-grid-POSTCROSS,POSTCROSS,1024,32,rho_1e-08,1e-08,common,0.5042128162988568,0.45774848208112723,20,upstream-analysis/analysis_outputs/dense_grid_claim1_2026_08_23/krr/krr_learning_curves_dense_m1024.csv
MC-EGNN,dense-grid-POSTCROSS,POSTCROSS,1024,32,ridgeless,0.0,common,0.5042126860552706,0.4578043967099868,20,upstream-analysis/analysis_outputs/dense_grid_claim1_2026_08_23/krr/krr_learning_curves_dense_m1024.csv
MC-EGNN,dense-grid-POSTCROSS,POSTCROSS,1024,64,rho_0.0001,0.0001,common,0.2731070276311306,0.28363198873068346,20,upstream-analysis/analysis_outputs/dense_grid_claim1_2026_08_23/krr/krr_learning_curves_dense_m1024.csv
MC-EGNN,dense-grid-POSTCROSS,POSTCROSS,1024,64,rho_0.01,0.01,common,0.29600780116439807,0.31387023698432415,20,upstream-analysis/analysis_outputs/dense_grid_claim1_2026_08_23/krr/krr_learning_curves_dense_m1024.csv
MC-EGNN,dense-grid-POSTCROSS,POSTCROSS,1024,64,rho_0.1,0.1,common,0.3801334445971269,0.4114706910303445,20,upstream-analysis/analysis_outputs/dense_grid_claim1_2026_08_23/krr/krr_learning_curves_dense_m1024.csv
MC-EGNN,dense-grid-POSTCROSS,POSTCROSS,1024,64,rho_1e-06,1e-06,common,0.2731864786497912,0.2832323816314318,20,upstream-analysis/analysis_outputs/dense_grid_claim1_2026_08_23/krr/krr_learning_curves_dense_m1024.csv
MC-EGNN,dense-grid-POSTCROSS,POSTCROSS,1024,64,rho_1e-08,1e-08,common,0.27317218673768,0.28296781983677455,20,upstream-analysis/analysis_outputs/dense_grid_claim1_2026_08_23/krr/krr_learning_curves_dense_m1024.csv
MC-EGNN,dense-grid-POSTCROSS,POSTCROSS,1024,64,ridgeless,0.0,common,0.27319241945052125,0.2829922444672651,20,upstream-analysis/analysis_outputs/dense_grid_claim1_2026_08_23/krr/krr_learning_curves_dense_m1024.csv
MC-EGNN,dense-grid-POSTCROSS,POSTCROSS,1024,128,rho_0.0001,0.0001,common,0.1398327765847065,0.1586526659251603,20,upstream-analysis/analysis_outputs/dense_grid_claim1_2026_08_23/krr/krr_learning_curves_dense_m1024.csv
MC-EGNN,dense-grid-POSTCROSS,POSTCROSS,1024,128,rho_0.01,0.01,common,0.16664845050042737,0.18274709972222355,20,upstream-analysis/analysis_outputs/dense_grid_claim1_2026_08_23/krr/krr_learning_curves_dense_m1024.csv
MC-EGNN,dense-grid-POSTCROSS,POSTCROSS,1024,128,rho_0.1,0.1,common,0.2450773153540226,0.25466224669800536,20,upstream-analysis/analysis_outputs/dense_grid_claim1_2026_08_23/krr/krr_learning_curves_dense_m1024.csv
MC-EGNN,dense-grid-POSTCROSS,POSTCROSS,1024,128,rho_1e-06,1e-06,common,0.1384884551325174,0.15801485652766675,20,upstream-analysis/analysis_outputs/dense_grid_claim1_2026_08_23/krr/krr_learning_curves_dense_m1024.csv
MC-EGNN,dense-grid-POSTCROSS,POSTCROSS,1024,128,rho_1e-08,1e-08,common,0.13813414065958407,0.15766130007685047,20,upstream-analysis/analysis_outputs/dense_grid_claim1_2026_08_23/krr/krr_learning_curves_dense_m1024.csv
MC-EGNN,dense-grid-POSTCROSS,POSTCROSS,1024,128,ridgeless,0.0,common,0.1381225207156251,0.15765535048023477,20,upstream-analysis/analysis_outputs/dense_grid_claim1_2026_08_23/krr/krr_learning_curves_dense_m1024.csv
MC-EGNN,dense-grid-POSTCROSS,POSTCROSS,1024,256,rho_0.0001,0.0001,common,0.065397897687349,0.07307524624310031,20,upstream-analysis/analysis_outputs/dense_grid_claim1_2026_08_23/krr/krr_learning_curves_dense_m1024.csv
MC-EGNN,dense-grid-POSTCROSS,POSTCROSS,1024,256,rho_0.01,0.01,common,0.0748796371034825,0.08560352352660412,20,upstream-analysis/analysis_outputs/dense_grid_claim1_2026_08_23/krr/krr_learning_curves_dense_m1024.csv
MC-EGNN,dense-grid-POSTCROSS,POSTCROSS,1024,256,rho_0.1,0.1,common,0.11859658130686729,0.12984684704023208,20,upstream-analysis/analysis_outputs/dense_grid_claim1_2026_08_23/krr/krr_learning_curves_dense_m1024.csv
MC-EGNN,dense-grid-POSTCROSS,POSTCROSS,1024,256,rho_1e-06,1e-06,common,0.06578694717153763,0.07336189325740376,20,upstream-analysis/analysis_outputs/dense_grid_claim1_2026_08_23/krr/krr_learning_curves_dense_m1024.csv
MC-EGNN,dense-grid-POSTCROSS,POSTCROSS,1024,256,rho_1e-08,1e-08,common,0.06522192785184153,0.0733746189330279,20,upstream-analysis/analysis_outputs/dense_grid_claim1_2026_08_23/krr/krr_learning_curves_dense_m1024.csv
MC-EGNN,dense-grid-POSTCROSS,POSTCROSS,1024,256,ridgeless,0.0,common,0.06519990330520065,0.07333341233965021,20,upstream-analysis/analysis_outputs/dense_grid_claim1_2026_08_23/krr/krr_learning_curves_dense_m1024.csv
MC-EGNN,dense-grid-POSTCROSS,POSTCROSS,1024,512,rho_0.0001,0.0001,common,0.03566745603971153,0.03985997115939723,20,upstream-analysis/analysis_outputs/dense_grid_claim1_2026_08_23/krr/krr_learning_curves_dense_m1024.csv
MC-EGNN,dense-grid-POSTCROSS,POSTCROSS,1024,512,rho_0.01,0.01,common,0.0415152029945204,0.042803674747499604,20,upstream-analysis/analysis_outputs/dense_grid_claim1_2026_08_23/krr/krr_learning_curves_dense_m1024.csv
MC-EGNN,dense-grid-POSTCROSS,POSTCROSS,1024,512,rho_0.1,0.1,common,0.06527942713898756,0.06424570161177802,20,upstream-analysis/analysis_outputs/dense_grid_claim1_2026_08_23/krr/krr_learning_curves_dense_m1024.csv
MC-EGNN,dense-grid-POSTCROSS,POSTCROSS,1024,512,rho_1e-06,1e-06,common,0.037547952269166046,0.04077866386894831,20,upstream-analysis/analysis_outputs/dense_grid_claim1_2026_08_23/krr/krr_learning_curves_dense_m1024.csv
MC-EGNN,dense-grid-POSTCROSS,POSTCROSS,1024,512,rho_1e-08,1e-08,common,0.03746461230092698,0.04080812413898223,20,upstream-analysis/analysis_outputs/dense_grid_claim1_2026_08_23/krr/krr_learning_curves_dense_m1024.csv
MC-EGNN,dense-grid-POSTCROSS,POSTCROSS,1024,512,ridgeless,0.0,common,0.03755345622839208,0.040882102520659255,20,upstream-analysis/analysis_outputs/dense_grid_claim1_2026_08_23/krr/krr_learning_curves_dense_m1024.csv
eSEN,dense-grid-POSTCROSS,POSTCROSS,1024,32,rho_0.0001,0.0001,common,0.3643137998618148,0.3397914130965677,20,upstream-analysis/analysis_outputs/dense_grid_claim1_2026_08_23/krr/krr_learning_curves_dense_m1024.csv
eSEN,dense-grid-POSTCROSS,POSTCROSS,1024,32,rho_0.01,0.01,common,0.3899708598759296,0.37333142431653543,20,upstream-analysis/analysis_outputs/dense_grid_claim1_2026_08_23/krr/krr_learning_curves_dense_m1024.csv
eSEN,dense-grid-POSTCROSS,POSTCROSS,1024,32,rho_0.1,0.1,common,0.5274605672941095,0.4703946196495171,20,upstream-analysis/analysis_outputs/dense_grid_claim1_2026_08_23/krr/krr_learning_curves_dense_m1024.csv
eSEN,dense-grid-POSTCROSS,POSTCROSS,1024,32,rho_1e-06,1e-06,common,0.36325172035035147,0.3388662189862495,20,upstream-analysis/analysis_outputs/dense_grid_claim1_2026_08_23/krr/krr_learning_curves_dense_m1024.csv
eSEN,dense-grid-POSTCROSS,POSTCROSS,1024,32,rho_1e-08,1e-08,common,0.36322762489131644,0.338854855942068,20,upstream-analysis/analysis_outputs/dense_grid_claim1_2026_08_23/krr/krr_learning_curves_dense_m1024.csv
eSEN,dense-grid-POSTCROSS,POSTCROSS,1024,32,ridgeless,0.0,common,0.3632273779306806,0.33885474072186805,20,upstream-analysis/analysis_outputs/dense_grid_claim1_2026_08_23/krr/krr_learning_curves_dense_m1024.csv
eSEN,dense-grid-POSTCROSS,POSTCROSS,1024,64,rho_0.0001,0.0001,common,0.15247692208596092,0.17226597831152324,20,upstream-analysis/analysis_outputs/dense_grid_claim1_2026_08_23/krr/krr_learning_curves_dense_m1024.csv
eSEN,dense-grid-POSTCROSS,POSTCROSS,1024,64,rho_0.01,0.01,common,0.17617609171098375,0.19541576614352016,20,upstream-analysis/analysis_outputs/dense_grid_claim1_2026_08_23/krr/krr_learning_curves_dense_m1024.csv
eSEN,dense-grid-POSTCROSS,POSTCROSS,1024,64,rho_0.1,0.1,common,0.24139973854958285,0.2607819295199204,20,upstream-analysis/analysis_outputs/dense_grid_claim1_2026_08_23/krr/krr_learning_curves_dense_m1024.csv
eSEN,dense-grid-POSTCROSS,POSTCROSS,1024,64,rho_1e-06,1e-06,common,0.15174660802316886,0.17155639702182288,20,upstream-analysis/analysis_outputs/dense_grid_claim1_2026_08_23/krr/krr_learning_curves_dense_m1024.csv
eSEN,dense-grid-POSTCROSS,POSTCROSS,1024,64,rho_1e-08,1e-08,common,0.1517387865651963,0.1715588581215938,20,upstream-analysis/analysis_outputs/dense_grid_claim1_2026_08_23/krr/krr_learning_curves_dense_m1024.csv
eSEN,dense-grid-POSTCROSS,POSTCROSS,1024,64,ridgeless,0.0,common,0.1517387075005155,0.1715590861645343,20,upstream-analysis/analysis_outputs/dense_grid_claim1_2026_08_23/krr/krr_learning_curves_dense_m1024.csv
eSEN,dense-grid-POSTCROSS,POSTCROSS,1024,128,rho_0.0001,0.0001,common,0.07154372420056589,0.08624144666631652,20,upstream-analysis/analysis_outputs/dense_grid_claim1_2026_08_23/krr/krr_learning_curves_dense_m1024.csv
eSEN,dense-grid-POSTCROSS,POSTCROSS,1024,128,rho_0.01,0.01,common,0.08377272022665219,0.09958814537176001,20,upstream-analysis/analysis_outputs/dense_grid_claim1_2026_08_23/krr/krr_learning_curves_dense_m1024.csv
eSEN,dense-grid-POSTCROSS,POSTCROSS,1024,128,rho_0.1,0.1,common,0.11633907122057913,0.132958699169903,20,upstream-analysis/analysis_outputs/dense_grid_claim1_2026_08_23/krr/krr_learning_curves_dense_m1024.csv
eSEN,dense-grid-POSTCROSS,POSTCROSS,1024,128,rho_1e-06,1e-06,common,0.07117949036421815,0.08581073978745107,20,upstream-analysis/analysis_outputs/dense_grid_claim1_2026_08_23/krr/krr_learning_curves_dense_m1024.csv
eSEN,dense-grid-POSTCROSS,POSTCROSS,1024,128,rho_1e-08,1e-08,common,0.07117838492937428,0.08579245279590496,20,upstream-analysis/analysis_outputs/dense_grid_claim1_2026_08_23/krr/krr_learning_curves_dense_m1024.csv
eSEN,dense-grid-POSTCROSS,POSTCROSS,1024,128,ridgeless,0.0,common,0.07117837504959232,0.08579219308461743,20,upstream-analysis/analysis_outputs/dense_grid_claim1_2026_08_23/krr/krr_learning_curves_dense_m1024.csv
eSEN,dense-grid-POSTCROSS,POSTCROSS,1024,256,rho_0.0001,0.0001,common,0.02127434291062281,0.03584051798085085,20,upstream-analysis/analysis_outputs/dense_grid_claim1_2026_08_23/krr/krr_learning_curves_dense_m1024.csv
eSEN,dense-grid-POSTCROSS,POSTCROSS,1024,256,rho_0.01,0.01,common,0.027337003908430337,0.04245714559332697,20,upstream-analysis/analysis_outputs/dense_grid_claim1_2026_08_23/krr/krr_learning_curves_dense_m1024.csv
eSEN,dense-grid-POSTCROSS,POSTCROSS,1024,256,rho_0.1,0.1,common,0.03759603549938109,0.056415310427215,20,upstream-analysis/analysis_outputs/dense_grid_claim1_2026_08_23/krr/krr_learning_curves_dense_m1024.csv
eSEN,dense-grid-POSTCROSS,POSTCROSS,1024,256,rho_1e-06,1e-06,common,0.020976983395736226,0.03553422672940878,20,upstream-analysis/analysis_outputs/dense_grid_claim1_2026_08_23/krr/krr_learning_curves_dense_m1024.csv
eSEN,dense-grid-POSTCROSS,POSTCROSS,1024,256,rho_1e-08,1e-08,common,0.02097334705407146,0.03552402208473948,20,upstream-analysis/analysis_outputs/dense_grid_claim1_2026_08_23/krr/krr_learning_curves_dense_m1024.csv
eSEN,dense-grid-POSTCROSS,POSTCROSS,1024,256,ridgeless,0.0,common,0.020973310175100422,0.035524022381562305,20,upstream-analysis/analysis_outputs/dense_grid_claim1_2026_08_23/krr/krr_learning_curves_dense_m1024.csv
eSEN,dense-grid-POSTCROSS,POSTCROSS,1024,512,rho_0.0001,0.0001,common,0.007456216694077209,0.010885377317907324,20,upstream-analysis/analysis_outputs/dense_grid_claim1_2026_08_23/krr/krr_learning_curves_dense_m1024.csv
eSEN,dense-grid-POSTCROSS,POSTCROSS,1024,512,rho_0.01,0.01,common,0.008213996868839817,0.01328893356984905,20,upstream-analysis/analysis_outputs/dense_grid_claim1_2026_08_23/krr/krr_learning_curves_dense_m1024.csv
eSEN,dense-grid-POSTCROSS,POSTCROSS,1024,512,rho_0.1,0.1,common,0.012853536946208798,0.019215483432984338,20,upstream-analysis/analysis_outputs/dense_grid_claim1_2026_08_23/krr/krr_learning_curves_dense_m1024.csv
eSEN,dense-grid-POSTCROSS,POSTCROSS,1024,512,rho_1e-06,1e-06,common,0.0074684892447533235,0.010767839089280851,20,upstream-analysis/analysis_outputs/dense_grid_claim1_2026_08_23/krr/krr_learning_curves_dense_m1024.csv
eSEN,dense-grid-POSTCROSS,POSTCROSS,1024,512,rho_1e-08,1e-08,common,0.007457859430746765,0.010769115472719432,20,upstream-analysis/analysis_outputs/dense_grid_claim1_2026_08_23/krr/krr_learning_curves_dense_m1024.csv
eSEN,dense-grid-POSTCROSS,POSTCROSS,1024,512,ridgeless,0.0,common,0.0074576040189294444,0.010769201246465453,20,upstream-analysis/analysis_outputs/dense_grid_claim1_2026_08_23/krr/krr_learning_curves_dense_m1024.csv
GemNet-OC,dense-grid-POSTCROSS,POSTCROSS,1024,32,rho_0.0001,0.0001,common,0.07028967445854228,0.07032936570875412,20,upstream-analysis/analysis_outputs/dense_grid_claim1_2026_08_23/krr/krr_learning_curves_dense_m1024.csv
GemNet-OC,dense-grid-POSTCROSS,POSTCROSS,1024,32,rho_0.01,0.01,common,0.07787779780584597,0.07814895548753882,20,upstream-analysis/analysis_outputs/dense_grid_claim1_2026_08_23/krr/krr_learning_curves_dense_m1024.csv
GemNet-OC,dense-grid-POSTCROSS,POSTCROSS,1024,32,rho_0.1,0.1,common,0.10839257319218268,0.1118028564373051,20,upstream-analysis/analysis_outputs/dense_grid_claim1_2026_08_23/krr/krr_learning_curves_dense_m1024.csv
GemNet-OC,dense-grid-POSTCROSS,POSTCROSS,1024,32,rho_1e-06,1e-06,common,0.0699819597247284,0.07013235863065513,20,upstream-analysis/analysis_outputs/dense_grid_claim1_2026_08_23/krr/krr_learning_curves_dense_m1024.csv
GemNet-OC,dense-grid-POSTCROSS,POSTCROSS,1024,32,rho_1e-08,1e-08,common,0.06997720524143736,0.07018685351622916,20,upstream-analysis/analysis_outputs/dense_grid_claim1_2026_08_23/krr/krr_learning_curves_dense_m1024.csv
GemNet-OC,dense-grid-POSTCROSS,POSTCROSS,1024,32,ridgeless,0.0,common,0.06997715690032472,0.0701279492148705,20,upstream-analysis/analysis_outputs/dense_grid_claim1_2026_08_23/krr/krr_learning_curves_dense_m1024.csv
GemNet-OC,dense-grid-POSTCROSS,POSTCROSS,1024,64,rho_0.0001,0.0001,common,0.01584405573014683,0.0221019784984976,20,upstream-analysis/analysis_outputs/dense_grid_claim1_2026_08_23/krr/krr_learning_curves_dense_m1024.csv
GemNet-OC,dense-grid-POSTCROSS,POSTCROSS,1024,64,rho_0.01,0.01,common,0.01732246884668484,0.024177904480258753,20,upstream-analysis/analysis_outputs/dense_grid_claim1_2026_08_23/krr/krr_learning_curves_dense_m1024.csv
GemNet-OC,dense-grid-POSTCROSS,POSTCROSS,1024,64,rho_0.1,0.1,common,0.02210033212124752,0.0336145764126527,20,upstream-analysis/analysis_outputs/dense_grid_claim1_2026_08_23/krr/krr_learning_curves_dense_m1024.csv
GemNet-OC,dense-grid-POSTCROSS,POSTCROSS,1024,64,rho_1e-06,1e-06,common,0.015804513681922802,0.022078124809236082,20,upstream-analysis/analysis_outputs/dense_grid_claim1_2026_08_23/krr/krr_learning_curves_dense_m1024.csv
GemNet-OC,dense-grid-POSTCROSS,POSTCROSS,1024,64,rho_1e-08,1e-08,common,0.015804077565088396,0.022126199375738717,20,upstream-analysis/analysis_outputs/dense_grid_claim1_2026_08_23/krr/krr_learning_curves_dense_m1024.csv
GemNet-OC,dense-grid-POSTCROSS,POSTCROSS,1024,64,ridgeless,0.0,common,0.015804073155616265,0.022082200805877982,20,upstream-analysis/analysis_outputs/dense_grid_claim1_2026_08_23/krr/krr_learning_curves_dense_m1024.csv
GemNet-OC,dense-grid-POSTCROSS,POSTCROSS,1024,128,rho_0.0001,0.0001,common,0.008256086177440431,0.009210397984538292,20,upstream-analysis/analysis_outputs/dense_grid_claim1_2026_08_23/krr/krr_learning_curves_dense_m1024.csv
GemNet-OC,dense-grid-POSTCROSS,POSTCROSS,1024,128,rho_0.01,0.01,common,0.009029416964443267,0.009700873321569957,20,upstream-analysis/analysis_outputs/dense_grid_claim1_2026_08_23/krr/krr_learning_curves_dense_m1024.csv
GemNet-OC,dense-grid-POSTCROSS,POSTCROSS,1024,128,rho_0.1,0.1,common,0.011488033510518456,0.012158540139215487,20,upstream-analysis/analysis_outputs/dense_grid_claim1_2026_08_23/krr/krr_learning_curves_dense_m1024.csv
GemNet-OC,dense-grid-POSTCROSS,POSTCROSS,1024,128,rho_1e-06,1e-06,common,0.008214191030847834,0.00917523725914679,20,upstream-analysis/analysis_outputs/dense_grid_claim1_2026_08_23/krr/krr_learning_curves_dense_m1024.csv
GemNet-OC,dense-grid-POSTCROSS,POSTCROSS,1024,128,rho_1e-08,1e-08,common,0.008213464040284332,0.00920754697273531,20,upstream-analysis/analysis_outputs/dense_grid_claim1_2026_08_23/krr/krr_learning_curves_dense_m1024.csv
GemNet-OC,dense-grid-POSTCROSS,POSTCROSS,1024,128,ridgeless,0.0,common,0.008213511780786775,0.009221320697140559,20,upstream-analysis/analysis_outputs/dense_grid_claim1_2026_08_23/krr/krr_learning_curves_dense_m1024.csv
GemNet-OC,dense-grid-POSTCROSS,POSTCROSS,1024,256,rho_0.0001,0.0001,common,0.0049498019194030365,0.005434507492864991,20,upstream-analysis/analysis_outputs/dense_grid_claim1_2026_08_23/krr/krr_learning_curves_dense_m1024.csv
GemNet-OC,dense-grid-POSTCROSS,POSTCROSS,1024,256,rho_0.01,0.01,common,0.004934147776097358,0.005495070069576748,20,upstream-analysis/analysis_outputs/dense_grid_claim1_2026_08_23/krr/krr_learning_curves_dense_m1024.csv
GemNet-OC,dense-grid-POSTCROSS,POSTCROSS,1024,256,rho_0.1,0.1,common,0.005119939892162299,0.006113665758356373,20,upstream-analysis/analysis_outputs/dense_grid_claim1_2026_08_23/krr/krr_learning_curves_dense_m1024.csv
GemNet-OC,dense-grid-POSTCROSS,POSTCROSS,1024,256,rho_1e-06,1e-06,common,0.004932938405823244,0.0054274792061821415,20,upstream-analysis/analysis_outputs/dense_grid_claim1_2026_08_23/krr/krr_learning_curves_dense_m1024.csv
GemNet-OC,dense-grid-POSTCROSS,POSTCROSS,1024,256,rho_1e-08,1e-08,common,0.004925753383058696,0.005454354751139397,20,upstream-analysis/analysis_outputs/dense_grid_claim1_2026_08_23/krr/krr_learning_curves_dense_m1024.csv
GemNet-OC,dense-grid-POSTCROSS,POSTCROSS,1024,256,ridgeless,0.0,common,0.0049254943445266805,0.005482754477679875,20,upstream-analysis/analysis_outputs/dense_grid_claim1_2026_08_23/krr/krr_learning_curves_dense_m1024.csv
GemNet-OC,dense-grid-POSTCROSS,POSTCROSS,1024,512,rho_0.0001,0.0001,common,0.003792880451873994,0.003985813958196065,20,upstream-analysis/analysis_outputs/dense_grid_claim1_2026_08_23/krr/krr_learning_curves_dense_m1024.csv
GemNet-OC,dense-grid-POSTCROSS,POSTCROSS,1024,512,rho_0.01,0.01,common,0.0037290598538622694,0.0038182081872222017,20,upstream-analysis/analysis_outputs/dense_grid_claim1_2026_08_23/krr/krr_learning_curves_dense_m1024.csv
GemNet-OC,dense-grid-POSTCROSS,POSTCROSS,1024,512,rho_0.1,0.1,common,0.0037893988452007733,0.003815957262786447,20,upstream-analysis/analysis_outputs/dense_grid_claim1_2026_08_23/krr/krr_learning_curves_dense_m1024.csv
GemNet-OC,dense-grid-POSTCROSS,POSTCROSS,1024,512,rho_1e-06,1e-06,common,0.0038266674178665493,0.0040015886444048935,20,upstream-analysis/analysis_outputs/dense_grid_claim1_2026_08_23/krr/krr_learning_curves_dense_m1024.csv
GemNet-OC,dense-grid-POSTCROSS,POSTCROSS,1024,512,rho_1e-08,1e-08,common,0.003949216828319253,0.004034465468349859,20,upstream-analysis/analysis_outputs/dense_grid_claim1_2026_08_23/krr/krr_learning_curves_dense_m1024.csv
GemNet-OC,dense-grid-POSTCROSS,POSTCROSS,1024,512,ridgeless,0.0,common,0.003927297595156955,0.004026187416402876,20,upstream-analysis/analysis_outputs/dense_grid_claim1_2026_08_23/krr/krr_learning_curves_dense_m1024.csv
MPNN,dense-grid-POSTCROSS,POSTCROSS,1024,32,rho_0.0001,0.0001,common,0.8686122572731068,0.8456055355947532,20,upstream-analysis/analysis_outputs/dense_grid_claim1_2026_08_23/krr/krr_learning_curves_dense_m1024.csv
MPNN,dense-grid-POSTCROSS,POSTCROSS,1024,32,rho_0.01,0.01,common,0.8706212593388853,0.8473732478707703,20,upstream-analysis/analysis_outputs/dense_grid_claim1_2026_08_23/krr/krr_learning_curves_dense_m1024.csv
MPNN,dense-grid-POSTCROSS,POSTCROSS,1024,32,rho_0.1,0.1,common,0.8852923516092162,0.859984430344967,20,upstream-analysis/analysis_outputs/dense_grid_claim1_2026_08_23/krr/krr_learning_curves_dense_m1024.csv
MPNN,dense-grid-POSTCROSS,POSTCROSS,1024,32,rho_1e-06,1e-06,common,0.8685916336288217,0.8455872961439435,20,upstream-analysis/analysis_outputs/dense_grid_claim1_2026_08_23/krr/krr_learning_curves_dense_m1024.csv
MPNN,dense-grid-POSTCROSS,POSTCROSS,1024,32,rho_1e-08,1e-08,common,0.8685914273370663,0.8455871136901371,20,upstream-analysis/analysis_outputs/dense_grid_claim1_2026_08_23/krr/krr_learning_curves_dense_m1024.csv
MPNN,dense-grid-POSTCROSS,POSTCROSS,1024,32,ridgeless,0.0,common,0.8685914252533056,0.8455871118471631,20,upstream-analysis/analysis_outputs/dense_grid_claim1_2026_08_23/krr/krr_learning_curves_dense_m1024.csv
MPNN,dense-grid-POSTCROSS,POSTCROSS,1024,64,rho_0.0001,0.0001,common,0.6985140798992582,0.666110088029642,20,upstream-analysis/analysis_outputs/dense_grid_claim1_2026_08_23/krr/krr_learning_curves_dense_m1024.csv
MPNN,dense-grid-POSTCROSS,POSTCROSS,1024,64,rho_0.01,0.01,common,0.7018139502630412,0.66948902421765,20,upstream-analysis/analysis_outputs/dense_grid_claim1_2026_08_23/krr/krr_learning_curves_dense_m1024.csv
MPNN,dense-grid-POSTCROSS,POSTCROSS,1024,64,rho_0.1,0.1,common,0.7263419224321083,0.693927400446118,20,upstream-analysis/analysis_outputs/dense_grid_claim1_2026_08_23/krr/krr_learning_curves_dense_m1024.csv
MPNN,dense-grid-POSTCROSS,POSTCROSS,1024,64,rho_1e-06,1e-06,common,0.6984800544437411,0.6660752234123977,20,upstream-analysis/analysis_outputs/dense_grid_claim1_2026_08_23/krr/krr_learning_curves_dense_m1024.csv
MPNN,dense-grid-POSTCROSS,POSTCROSS,1024,64,rho_1e-08,1e-08,common,0.6984797140805665,0.666074874651269,20,upstream-analysis/analysis_outputs/dense_grid_claim1_2026_08_23/krr/krr_learning_curves_dense_m1024.csv
MPNN,dense-grid-POSTCROSS,POSTCROSS,1024,64,ridgeless,0.0,common,0.6984797106425435,0.6660748711284178,20,upstream-analysis/analysis_outputs/dense_grid_claim1_2026_08_23/krr/krr_learning_curves_dense_m1024.csv
MPNN,dense-grid-POSTCROSS,POSTCROSS,1024,128,rho_0.0001,0.0001,common,0.43761000422186336,0.45424283077995903,20,upstream-analysis/analysis_outputs/dense_grid_claim1_2026_08_23/krr/krr_learning_curves_dense_m1024.csv
MPNN,dense-grid-POSTCROSS,POSTCROSS,1024,128,rho_0.01,0.01,common,0.44117504542102703,0.4578289720710719,20,upstream-analysis/analysis_outputs/dense_grid_claim1_2026_08_23/krr/krr_learning_curves_dense_m1024.csv
MPNN,dense-grid-POSTCROSS,POSTCROSS,1024,128,rho_0.1,0.1,common,0.4679990011542554,0.4847116623626636,20,upstream-analysis/analysis_outputs/dense_grid_claim1_2026_08_23/krr/krr_learning_curves_dense_m1024.csv
MPNN,dense-grid-POSTCROSS,POSTCROSS,1024,128,rho_1e-06,1e-06,common,0.4375734134879977,0.4542059770048573,20,upstream-analysis/analysis_outputs/dense_grid_claim1_2026_08_23/krr/krr_learning_curves_dense_m1024.csv
MPNN,dense-grid-POSTCROSS,POSTCROSS,1024,128,rho_1e-08,1e-08,common,0.43757304748055526,0.45420560836077445,20,upstream-analysis/analysis_outputs/dense_grid_claim1_2026_08_23/krr/krr_learning_curves_dense_m1024.csv
MPNN,dense-grid-POSTCROSS,POSTCROSS,1024,128,ridgeless,0.0,common,0.43757304378350026,0.45420560463708604,20,upstream-analysis/analysis_outputs/dense_grid_claim1_2026_08_23/krr/krr_learning_curves_dense_m1024.csv
MPNN,dense-grid-POSTCROSS,POSTCROSS,1024,256,rho_0.0001,0.0001,common,0.27321217271056464,0.28484584599501184,20,upstream-analysis/analysis_outputs/dense_grid_claim1_2026_08_23/krr/krr_learning_curves_dense_m1024.csv
MPNN,dense-grid-POSTCROSS,POSTCROSS,1024,256,rho_0.01,0.01,common,0.2757820059300882,0.2871886096560806,20,upstream-analysis/analysis_outputs/dense_grid_claim1_2026_08_23/krr/krr_learning_curves_dense_m1024.csv
MPNN,dense-grid-POSTCROSS,POSTCROSS,1024,256,rho_0.1,0.1,common,0.2985649248613544,0.3056800947009216,20,upstream-analysis/analysis_outputs/dense_grid_claim1_2026_08_23/krr/krr_learning_curves_dense_m1024.csv
MPNN,dense-grid-POSTCROSS,POSTCROSS,1024,256,rho_1e-06,1e-06,common,0.2731857944293453,0.28482200767252924,20,upstream-analysis/analysis_outputs/dense_grid_claim1_2026_08_23/krr/krr_learning_curves_dense_m1024.csv
MPNN,dense-grid-POSTCROSS,POSTCROSS,1024,256,rho_1e-08,1e-08,common,0.2731855305722769,0.28482176924916563,20,upstream-analysis/analysis_outputs/dense_grid_claim1_2026_08_23/krr/krr_learning_curves_dense_m1024.csv
MPNN,dense-grid-POSTCROSS,POSTCROSS,1024,256,ridgeless,0.0,common,0.2731855279070463,0.2848217668408448,20,upstream-analysis/analysis_outputs/dense_grid_claim1_2026_08_23/krr/krr_learning_curves_dense_m1024.csv
MPNN,dense-grid-POSTCROSS,POSTCROSS,1024,512,rho_0.0001,0.0001,common,0.19477489628417896,0.20605424689340168,20,upstream-analysis/analysis_outputs/dense_grid_claim1_2026_08_23/krr/krr_learning_curves_dense_m1024.csv
MPNN,dense-grid-POSTCROSS,POSTCROSS,1024,512,rho_0.01,0.01,common,0.19542563899444193,0.20671534089279664,20,upstream-analysis/analysis_outputs/dense_grid_claim1_2026_08_23/krr/krr_learning_curves_dense_m1024.csv
MPNN,dense-grid-POSTCROSS,POSTCROSS,1024,512,rho_0.1,0.1,common,0.2021667366891328,0.21427715303513567,20,upstream-analysis/analysis_outputs/dense_grid_claim1_2026_08_23/krr/krr_learning_curves_dense_m1024.csv
MPNN,dense-grid-POSTCROSS,POSTCROSS,1024,512,rho_1e-06,1e-06,common,0.19476971687284042,0.20604861150904447,20,upstream-analysis/analysis_outputs/dense_grid_claim1_2026_08_23/krr/krr_learning_curves_dense_m1024.csv
MPNN,dense-grid-POSTCROSS,POSTCROSS,1024,512,rho_1e-08,1e-08,common,0.19476966529525158,0.20604855529648725,20,upstream-analysis/analysis_outputs/dense_grid_claim1_2026_08_23/krr/krr_learning_curves_dense_m1024.csv
MPNN,dense-grid-POSTCROSS,POSTCROSS,1024,512,ridgeless,0.0,common,0.1947696647742879,0.20604855472869804,20,upstream-analysis/analysis_outputs/dense_grid_claim1_2026_08_23/krr/krr_learning_curves_dense_m1024.csv
MC-EGNN,dense-grid-PRECROSS,PRECROSS,1024,32,rho_0.0001,0.0001,common,0.5166986264887843,0.46240785810410995,20,upstream-analysis/analysis_outputs/dense_grid_claim1_2026_08_23/krr/krr_learning_curves_dense_m1024.csv
MC-EGNN,dense-grid-PRECROSS,PRECROSS,1024,32,rho_0.01,0.01,common,0.5587680907001613,0.4905506049151024,20,upstream-analysis/analysis_outputs/dense_grid_claim1_2026_08_23/krr/krr_learning_curves_dense_m1024.csv
MC-EGNN,dense-grid-PRECROSS,PRECROSS,1024,32,rho_0.1,0.1,common,0.6560982087755358,0.5951261523866938,20,upstream-analysis/analysis_outputs/dense_grid_claim1_2026_08_23/krr/krr_learning_curves_dense_m1024.csv
MC-EGNN,dense-grid-PRECROSS,PRECROSS,1024,32,rho_1e-06,1e-06,common,0.5164885777552568,0.4622320706643019,20,upstream-analysis/analysis_outputs/dense_grid_claim1_2026_08_23/krr/krr_learning_curves_dense_m1024.csv
MC-EGNN,dense-grid-PRECROSS,PRECROSS,1024,32,rho_1e-08,1e-08,common,0.5164927115772452,0.4620392578989322,20,upstream-analysis/analysis_outputs/dense_grid_claim1_2026_08_23/krr/krr_learning_curves_dense_m1024.csv
MC-EGNN,dense-grid-PRECROSS,PRECROSS,1024,32,ridgeless,0.0,common,0.5164927552703285,0.46206502603561017,20,upstream-analysis/analysis_outputs/dense_grid_claim1_2026_08_23/krr/krr_learning_curves_dense_m1024.csv
MC-EGNN,dense-grid-PRECROSS,PRECROSS,1024,64,rho_0.0001,0.0001,common,0.25563035563071335,0.2791010683519026,20,upstream-analysis/analysis_outputs/dense_grid_claim1_2026_08_23/krr/krr_learning_curves_dense_m1024.csv
MC-EGNN,dense-grid-PRECROSS,PRECROSS,1024,64,rho_0.01,0.01,common,0.28092710542431215,0.3086486332408331,20,upstream-analysis/analysis_outputs/dense_grid_claim1_2026_08_23/krr/krr_learning_curves_dense_m1024.csv
MC-EGNN,dense-grid-PRECROSS,PRECROSS,1024,64,rho_0.1,0.1,common,0.37187721996945045,0.4055585146526207,20,upstream-analysis/analysis_outputs/dense_grid_claim1_2026_08_23/krr/krr_learning_curves_dense_m1024.csv
MC-EGNN,dense-grid-PRECROSS,PRECROSS,1024,64,rho_1e-06,1e-06,common,0.2572013317430557,0.27874198136556516,20,upstream-analysis/analysis_outputs/dense_grid_claim1_2026_08_23/krr/krr_learning_curves_dense_m1024.csv
MC-EGNN,dense-grid-PRECROSS,PRECROSS,1024,64,rho_1e-08,1e-08,common,0.2577000372137985,0.2786767364568091,20,upstream-analysis/analysis_outputs/dense_grid_claim1_2026_08_23/krr/krr_learning_curves_dense_m1024.csv
MC-EGNN,dense-grid-PRECROSS,PRECROSS,1024,64,ridgeless,0.0,common,0.25793010822978535,0.2787738362823583,20,upstream-analysis/analysis_outputs/dense_grid_claim1_2026_08_23/krr/krr_learning_curves_dense_m1024.csv
MC-EGNN,dense-grid-PRECROSS,PRECROSS,1024,128,rho_0.0001,0.0001,common,0.12823938505269306,0.1559795650851322,20,upstream-analysis/analysis_outputs/dense_grid_claim1_2026_08_23/krr/krr_learning_curves_dense_m1024.csv
MC-EGNN,dense-grid-PRECROSS,PRECROSS,1024,128,rho_0.01,0.01,common,0.14592129753915933,0.17768037449062607,20,upstream-analysis/analysis_outputs/dense_grid_claim1_2026_08_23/krr/krr_learning_curves_dense_m1024.csv
MC-EGNN,dense-grid-PRECROSS,PRECROSS,1024,128,rho_0.1,0.1,common,0.23239857228020028,0.2478283550382824,20,upstream-analysis/analysis_outputs/dense_grid_claim1_2026_08_23/krr/krr_learning_curves_dense_m1024.csv
MC-EGNN,dense-grid-PRECROSS,PRECROSS,1024,128,rho_1e-06,1e-06,common,0.12768396284048927,0.15568791459254444,20,upstream-analysis/analysis_outputs/dense_grid_claim1_2026_08_23/krr/krr_learning_curves_dense_m1024.csv
MC-EGNN,dense-grid-PRECROSS,PRECROSS,1024,128,rho_1e-08,1e-08,common,0.1270968004597927,0.15551716589143022,20,upstream-analysis/analysis_outputs/dense_grid_claim1_2026_08_23/krr/krr_learning_curves_dense_m1024.csv
MC-EGNN,dense-grid-PRECROSS,PRECROSS,1024,128,ridgeless,0.0,common,0.1270867614146795,0.15552216537447056,20,upstream-analysis/analysis_outputs/dense_grid_claim1_2026_08_23/krr/krr_learning_curves_dense_m1024.csv
MC-EGNN,dense-grid-PRECROSS,PRECROSS,1024,256,rho_0.0001,0.0001,common,0.060163224298944336,0.07033884631926617,20,upstream-analysis/analysis_outputs/dense_grid_claim1_2026_08_23/krr/krr_learning_curves_dense_m1024.csv
MC-EGNN,dense-grid-PRECROSS,PRECROSS,1024,256,rho_0.01,0.01,common,0.06986216983936042,0.07991604550695466,20,upstream-analysis/analysis_outputs/dense_grid_claim1_2026_08_23/krr/krr_learning_curves_dense_m1024.csv
MC-EGNN,dense-grid-PRECROSS,PRECROSS,1024,256,rho_0.1,0.1,common,0.11339295510350661,0.12077966940290792,20,upstream-analysis/analysis_outputs/dense_grid_claim1_2026_08_23/krr/krr_learning_curves_dense_m1024.csv
MC-EGNN,dense-grid-PRECROSS,PRECROSS,1024,256,rho_1e-06,1e-06,common,0.05959043339083798,0.07084244086733005,20,upstream-analysis/analysis_outputs/dense_grid_claim1_2026_08_23/krr/krr_learning_curves_dense_m1024.csv
MC-EGNN,dense-grid-PRECROSS,PRECROSS,1024,256,rho_1e-08,1e-08,common,0.06005983431788943,0.07106630417977672,20,upstream-analysis/analysis_outputs/dense_grid_claim1_2026_08_23/krr/krr_learning_curves_dense_m1024.csv
MC-EGNN,dense-grid-PRECROSS,PRECROSS,1024,256,ridgeless,0.0,common,0.06008928290319017,0.07099021347549817,20,upstream-analysis/analysis_outputs/dense_grid_claim1_2026_08_23/krr/krr_learning_curves_dense_m1024.csv
MC-EGNN,dense-grid-PRECROSS,PRECROSS,1024,512,rho_0.0001,0.0001,common,0.03674781589203342,0.041005958015205304,20,upstream-analysis/analysis_outputs/dense_grid_claim1_2026_08_23/krr/krr_learning_curves_dense_m1024.csv
MC-EGNN,dense-grid-PRECROSS,PRECROSS,1024,512,rho_0.01,0.01,common,0.03998373819161935,0.04067348114925008,20,upstream-analysis/analysis_outputs/dense_grid_claim1_2026_08_23/krr/krr_learning_curves_dense_m1024.csv
MC-EGNN,dense-grid-PRECROSS,PRECROSS,1024,512,rho_0.1,0.1,common,0.06089569930794378,0.05736401463700097,20,upstream-analysis/analysis_outputs/dense_grid_claim1_2026_08_23/krr/krr_learning_curves_dense_m1024.csv
MC-EGNN,dense-grid-PRECROSS,PRECROSS,1024,512,rho_1e-06,1e-06,common,0.036703431435503274,0.0410561854744657,20,upstream-analysis/analysis_outputs/dense_grid_claim1_2026_08_23/krr/krr_learning_curves_dense_m1024.csv
MC-EGNN,dense-grid-PRECROSS,PRECROSS,1024,512,rho_1e-08,1e-08,common,0.03704822479588325,0.0412075726754201,20,upstream-analysis/analysis_outputs/dense_grid_claim1_2026_08_23/krr/krr_learning_curves_dense_m1024.csv
MC-EGNN,dense-grid-PRECROSS,PRECROSS,1024,512,ridgeless,0.0,common,0.03693364469724443,0.0413529629338418,20,upstream-analysis/analysis_outputs/dense_grid_claim1_2026_08_23/krr/krr_learning_curves_dense_m1024.csv
eSEN,dense-grid-PRECROSS,PRECROSS,1024,32,rho_0.0001,0.0001,common,0.11607701360580439,0.11997241223691657,20,upstream-analysis/analysis_outputs/dense_grid_claim1_2026_08_23/krr/krr_learning_curves_dense_m1024.csv
eSEN,dense-grid-PRECROSS,PRECROSS,1024,32,rho_0.01,0.01,common,0.12395249299487159,0.13211806076286386,20,upstream-analysis/analysis_outputs/dense_grid_claim1_2026_08_23/krr/krr_learning_curves_dense_m1024.csv
eSEN,dense-grid-PRECROSS,PRECROSS,1024,32,rho_0.1,0.1,common,0.17723532964178343,0.18093720465039814,20,upstream-analysis/analysis_outputs/dense_grid_claim1_2026_08_23/krr/krr_learning_curves_dense_m1024.csv
eSEN,dense-grid-PRECROSS,PRECROSS,1024,32,rho_1e-06,1e-06,common,0.11625919790616016,0.11983689948373591,20,upstream-analysis/analysis_outputs/dense_grid_claim1_2026_08_23/krr/krr_learning_curves_dense_m1024.csv
eSEN,dense-grid-PRECROSS,PRECROSS,1024,32,rho_1e-08,1e-08,common,0.11626757659597783,0.11983694595679668,20,upstream-analysis/analysis_outputs/dense_grid_claim1_2026_08_23/krr/krr_learning_curves_dense_m1024.csv
eSEN,dense-grid-PRECROSS,PRECROSS,1024,32,ridgeless,0.0,common,0.11626766351260459,0.11983694684391406,20,upstream-analysis/analysis_outputs/dense_grid_claim1_2026_08_23/krr/krr_learning_curves_dense_m1024.csv
eSEN,dense-grid-PRECROSS,PRECROSS,1024,64,rho_0.0001,0.0001,common,0.03403664533473914,0.05098070146710959,20,upstream-analysis/analysis_outputs/dense_grid_claim1_2026_08_23/krr/krr_learning_curves_dense_m1024.csv
eSEN,dense-grid-PRECROSS,PRECROSS,1024,64,rho_0.01,0.01,common,0.03548861046276839,0.05611235724306847,20,upstream-analysis/analysis_outputs/dense_grid_claim1_2026_08_23/krr/krr_learning_curves_dense_m1024.csv
eSEN,dense-grid-PRECROSS,PRECROSS,1024,64,rho_0.1,0.1,common,0.04777104570853538,0.07671952164351628,20,upstream-analysis/analysis_outputs/dense_grid_claim1_2026_08_23/krr/krr_learning_curves_dense_m1024.csv
eSEN,dense-grid-PRECROSS,PRECROSS,1024,64,rho_1e-06,1e-06,common,0.03404738439154377,0.05092161854618967,20,upstream-analysis/analysis_outputs/dense_grid_claim1_2026_08_23/krr/krr_learning_curves_dense_m1024.csv
eSEN,dense-grid-PRECROSS,PRECROSS,1024,64,rho_1e-08,1e-08,common,0.034047430609882384,0.05092321413483987,20,upstream-analysis/analysis_outputs/dense_grid_claim1_2026_08_23/krr/krr_learning_curves_dense_m1024.csv
eSEN,dense-grid-PRECROSS,PRECROSS,1024,64,ridgeless,0.0,common,0.03404743106846848,0.0509232349804866,20,upstream-analysis/analysis_outputs/dense_grid_claim1_2026_08_23/krr/krr_learning_curves_dense_m1024.csv
eSEN,dense-grid-PRECROSS,PRECROSS,1024,128,rho_0.0001,0.0001,common,0.017250544653217015,0.025116904338037226,20,upstream-analysis/analysis_outputs/dense_grid_claim1_2026_08_23/krr/krr_learning_curves_dense_m1024.csv
eSEN,dense-grid-PRECROSS,PRECROSS,1024,128,rho_0.01,0.01,common,0.019467804505072565,0.027848341033901707,20,upstream-analysis/analysis_outputs/dense_grid_claim1_2026_08_23/krr/krr_learning_curves_dense_m1024.csv
eSEN,dense-grid-PRECROSS,PRECROSS,1024,128,rho_0.1,0.1,common,0.02325137418496114,0.03592970803848895,20,upstream-analysis/analysis_outputs/dense_grid_claim1_2026_08_23/krr/krr_learning_curves_dense_m1024.csv
eSEN,dense-grid-PRECROSS,PRECROSS,1024,128,rho_1e-06,1e-06,common,0.017223063075864055,0.025038548098335677,20,upstream-analysis/analysis_outputs/dense_grid_claim1_2026_08_23/krr/krr_learning_curves_dense_m1024.csv
eSEN,dense-grid-PRECROSS,PRECROSS,1024,128,rho_1e-08,1e-08,common,0.0172239162355047,0.02503736530718269,20,upstream-analysis/analysis_outputs/dense_grid_claim1_2026_08_23/krr/krr_learning_curves_dense_m1024.csv
eSEN,dense-grid-PRECROSS,PRECROSS,1024,128,ridgeless,0.0,common,0.017223925563537256,0.025037352804936863,20,upstream-analysis/analysis_outputs/dense_grid_claim1_2026_08_23/krr/krr_learning_curves_dense_m1024.csv
eSEN,dense-grid-PRECROSS,PRECROSS,1024,256,rho_0.0001,0.0001,common,0.009673570003255267,0.012669009560063369,20,upstream-analysis/analysis_outputs/dense_grid_claim1_2026_08_23/krr/krr_learning_curves_dense_m1024.csv
eSEN,dense-grid-PRECROSS,PRECROSS,1024,256,rho_0.01,0.01,common,0.01052957612320873,0.014402150908371523,20,upstream-analysis/analysis_outputs/dense_grid_claim1_2026_08_23/krr/krr_learning_curves_dense_m1024.csv
eSEN,dense-grid-PRECROSS,PRECROSS,1024,256,rho_0.1,0.1,common,0.012968234140028465,0.018230535395600964,20,upstream-analysis/analysis_outputs/dense_grid_claim1_2026_08_23/krr/krr_learning_curves_dense_m1024.csv
eSEN,dense-grid-PRECROSS,PRECROSS,1024,256,rho_1e-06,1e-06,common,0.00973374731102716,0.012612782251606666,20,upstream-analysis/analysis_outputs/dense_grid_claim1_2026_08_23/krr/krr_learning_curves_dense_m1024.csv
eSEN,dense-grid-PRECROSS,PRECROSS,1024,256,rho_1e-08,1e-08,common,0.00973448927340882,0.01261233430110802,20,upstream-analysis/analysis_outputs/dense_grid_claim1_2026_08_23/krr/krr_learning_curves_dense_m1024.csv
eSEN,dense-grid-PRECROSS,PRECROSS,1024,256,ridgeless,0.0,common,0.009734496786567974,0.012612331659097703,20,upstream-analysis/analysis_outputs/dense_grid_claim1_2026_08_23/krr/krr_learning_curves_dense_m1024.csv
eSEN,dense-grid-PRECROSS,PRECROSS,1024,512,rho_0.0001,0.0001,common,0.0064509101285203235,0.007553628472668258,20,upstream-analysis/analysis_outputs/dense_grid_claim1_2026_08_23/krr/krr_learning_curves_dense_m1024.csv
eSEN,dense-grid-PRECROSS,PRECROSS,1024,512,rho_0.01,0.01,common,0.007250831642012496,0.008204291638334521,20,upstream-analysis/analysis_outputs/dense_grid_claim1_2026_08_23/krr/krr_learning_curves_dense_m1024.csv
eSEN,dense-grid-PRECROSS,PRECROSS,1024,512,rho_0.1,0.1,common,0.00927764990080142,0.009965761714004321,20,upstream-analysis/analysis_outputs/dense_grid_claim1_2026_08_23/krr/krr_learning_curves_dense_m1024.csv
eSEN,dense-grid-PRECROSS,PRECROSS,1024,512,rho_1e-06,1e-06,common,0.006471852763965083,0.007554289012546174,20,upstream-analysis/analysis_outputs/dense_grid_claim1_2026_08_23/krr/krr_learning_curves_dense_m1024.csv
eSEN,dense-grid-PRECROSS,PRECROSS,1024,512,rho_1e-08,1e-08,common,0.0064734439612620575,0.007549735116888691,20,upstream-analysis/analysis_outputs/dense_grid_claim1_2026_08_23/krr/krr_learning_curves_dense_m1024.csv
eSEN,dense-grid-PRECROSS,PRECROSS,1024,512,ridgeless,0.0,common,0.006473463341777593,0.007549676352398288,20,upstream-analysis/analysis_outputs/dense_grid_claim1_2026_08_23/krr/krr_learning_curves_dense_m1024.csv
GemNet-OC,dense-grid-PRECROSS,PRECROSS,1024,32,rho_0.0001,0.0001,common,0.05492001957857988,0.058527869335557245,20,upstream-analysis/analysis_outputs/dense_grid_claim1_2026_08_23/krr/krr_learning_curves_dense_m1024.csv
GemNet-OC,dense-grid-PRECROSS,PRECROSS,1024,32,rho_0.01,0.01,common,0.05951905326892937,0.06694453346644294,20,upstream-analysis/analysis_outputs/dense_grid_claim1_2026_08_23/krr/krr_learning_curves_dense_m1024.csv
GemNet-OC,dense-grid-PRECROSS,PRECROSS,1024,32,rho_0.1,0.1,common,0.08410149014069965,0.09782303135085145,20,upstream-analysis/analysis_outputs/dense_grid_claim1_2026_08_23/krr/krr_learning_curves_dense_m1024.csv
GemNet-OC,dense-grid-PRECROSS,PRECROSS,1024,32,rho_1e-06,1e-06,common,0.0549886085524868,0.05828544736641528,20,upstream-analysis/analysis_outputs/dense_grid_claim1_2026_08_23/krr/krr_learning_curves_dense_m1024.csv
GemNet-OC,dense-grid-PRECROSS,PRECROSS,1024,32,rho_1e-08,1e-08,common,0.05498967260343662,0.058354489974130265,20,upstream-analysis/analysis_outputs/dense_grid_claim1_2026_08_23/krr/krr_learning_curves_dense_m1024.csv
GemNet-OC,dense-grid-PRECROSS,PRECROSS,1024,32,ridgeless,0.0,common,0.054989683404336895,0.05836913232854517,20,upstream-analysis/analysis_outputs/dense_grid_claim1_2026_08_23/krr/krr_learning_curves_dense_m1024.csv
GemNet-OC,dense-grid-PRECROSS,PRECROSS,1024,64,rho_0.0001,0.0001,common,0.012346648579022644,0.017507557241204435,20,upstream-analysis/analysis_outputs/dense_grid_claim1_2026_08_23/krr/krr_learning_curves_dense_m1024.csv
GemNet-OC,dense-grid-PRECROSS,PRECROSS,1024,64,rho_0.01,0.01,common,0.013657957873222625,0.019507198846426765,20,upstream-analysis/analysis_outputs/dense_grid_claim1_2026_08_23/krr/krr_learning_curves_dense_m1024.csv
GemNet-OC,dense-grid-PRECROSS,PRECROSS,1024,64,rho_0.1,0.1,common,0.018866228676730212,0.02750028645092627,20,upstream-analysis/analysis_outputs/dense_grid_claim1_2026_08_23/krr/krr_learning_curves_dense_m1024.csv
GemNet-OC,dense-grid-PRECROSS,PRECROSS,1024,64,rho_1e-06,1e-06,common,0.012296179903211937,0.017402093247951098,20,upstream-analysis/analysis_outputs/dense_grid_claim1_2026_08_23/krr/krr_learning_curves_dense_m1024.csv
GemNet-OC,dense-grid-PRECROSS,PRECROSS,1024,64,rho_1e-08,1e-08,common,0.012295485339608236,0.01746301459458795,20,upstream-analysis/analysis_outputs/dense_grid_claim1_2026_08_23/krr/krr_learning_curves_dense_m1024.csv
GemNet-OC,dense-grid-PRECROSS,PRECROSS,1024,64,ridgeless,0.0,common,0.012295478285229648,0.017512882057347405,20,upstream-analysis/analysis_outputs/dense_grid_claim1_2026_08_23/krr/krr_learning_curves_dense_m1024.csv
GemNet-OC,dense-grid-PRECROSS,PRECROSS,1024,128,rho_0.0001,0.0001,common,0.007556388112530448,0.00817156368516317,20,upstream-analysis/analysis_outputs/dense_grid_claim1_2026_08_23/krr/krr_learning_curves_dense_m1024.csv
GemNet-OC,dense-grid-PRECROSS,PRECROSS,1024,128,rho_0.01,0.01,common,0.0073384740313069755,0.008692187352628826,20,upstream-analysis/analysis_outputs/dense_grid_claim1_2026_08_23/krr/krr_learning_curves_dense_m1024.csv
GemNet-OC,dense-grid-PRECROSS,PRECROSS,1024,128,rho_0.1,0.1,common,0.008564327204365941,0.010863575968322456,20,upstream-analysis/analysis_outputs/dense_grid_claim1_2026_08_23/krr/krr_learning_curves_dense_m1024.csv
GemNet-OC,dense-grid-PRECROSS,PRECROSS,1024,128,rho_1e-06,1e-06,common,0.007423132964604328,0.00813614022381447,20,upstream-analysis/analysis_outputs/dense_grid_claim1_2026_08_23/krr/krr_learning_curves_dense_m1024.csv
GemNet-OC,dense-grid-PRECROSS,PRECROSS,1024,128,rho_1e-08,1e-08,common,0.007421221573220455,0.008129111487277785,20,upstream-analysis/analysis_outputs/dense_grid_claim1_2026_08_23/krr/krr_learning_curves_dense_m1024.csv
GemNet-OC,dense-grid-PRECROSS,PRECROSS,1024,128,ridgeless,0.0,common,0.007421201367514316,0.008141398314567401,20,upstream-analysis/analysis_outputs/dense_grid_claim1_2026_08_23/krr/krr_learning_curves_dense_m1024.csv
GemNet-OC,dense-grid-PRECROSS,PRECROSS,1024,256,rho_0.0001,0.0001,common,0.005797524104470347,0.005832814539387244,20,upstream-analysis/analysis_outputs/dense_grid_claim1_2026_08_23/krr/krr_learning_curves_dense_m1024.csv
GemNet-OC,dense-grid-PRECROSS,PRECROSS,1024,256,rho_0.01,0.01,common,0.00535799437149855,0.005650701385909735,20,upstream-analysis/analysis_outputs/dense_grid_claim1_2026_08_23/krr/krr_learning_curves_dense_m1024.csv
GemNet-OC,dense-grid-PRECROSS,PRECROSS,1024,256,rho_0.1,0.1,common,0.005592803628543985,0.006095191789484527,20,upstream-analysis/analysis_outputs/dense_grid_claim1_2026_08_23/krr/krr_learning_curves_dense_m1024.csv
GemNet-OC,dense-grid-PRECROSS,PRECROSS,1024,256,rho_1e-06,1e-06,common,0.005807399928474732,0.005864371584783839,20,upstream-analysis/analysis_outputs/dense_grid_claim1_2026_08_23/krr/krr_learning_curves_dense_m1024.csv
GemNet-OC,dense-grid-PRECROSS,PRECROSS,1024,256,rho_1e-08,1e-08,common,0.005809798554782496,0.005905580161341411,20,upstream-analysis/analysis_outputs/dense_grid_claim1_2026_08_23/krr/krr_learning_curves_dense_m1024.csv
GemNet-OC,dense-grid-PRECROSS,PRECROSS,1024,256,ridgeless,0.0,common,0.005813241840161675,0.0058680631081652465,20,upstream-analysis/analysis_outputs/dense_grid_claim1_2026_08_23/krr/krr_learning_curves_dense_m1024.csv
GemNet-OC,dense-grid-PRECROSS,PRECROSS,1024,512,rho_0.0001,0.0001,common,0.004689118381963422,0.00491313643264083,20,upstream-analysis/analysis_outputs/dense_grid_claim1_2026_08_23/krr/krr_learning_curves_dense_m1024.csv
GemNet-OC,dense-grid-PRECROSS,PRECROSS,1024,512,rho_0.01,0.01,common,0.004561667983419304,0.004525470691432917,20,upstream-analysis/analysis_outputs/dense_grid_claim1_2026_08_23/krr/krr_learning_curves_dense_m1024.csv
GemNet-OC,dense-grid-PRECROSS,PRECROSS,1024,512,rho_0.1,0.1,common,0.004512892020613751,0.004464079926816537,20,upstream-analysis/analysis_outputs/dense_grid_claim1_2026_08_23/krr/krr_learning_curves_dense_m1024.csv
GemNet-OC,dense-grid-PRECROSS,PRECROSS,1024,512,rho_1e-06,1e-06,common,0.004724621078133406,0.004926416773733546,20,upstream-analysis/analysis_outputs/dense_grid_claim1_2026_08_23/krr/krr_learning_curves_dense_m1024.csv
GemNet-OC,dense-grid-PRECROSS,PRECROSS,1024,512,rho_1e-08,1e-08,common,0.0046944408031247414,0.004945352086934847,20,upstream-analysis/analysis_outputs/dense_grid_claim1_2026_08_23/krr/krr_learning_curves_dense_m1024.csv
GemNet-OC,dense-grid-PRECROSS,PRECROSS,1024,512,ridgeless,0.0,common,0.004680104786713827,0.004919958541481176,20,upstream-analysis/analysis_outputs/dense_grid_claim1_2026_08_23/krr/krr_learning_curves_dense_m1024.csv
MPNN,dense-grid-PRECROSS,PRECROSS,1024,32,rho_0.0001,0.0001,common,0.8710017337555359,0.8431582283852276,20,upstream-analysis/analysis_outputs/dense_grid_claim1_2026_08_23/krr/krr_learning_curves_dense_m1024.csv
MPNN,dense-grid-PRECROSS,PRECROSS,1024,32,rho_0.01,0.01,common,0.8729670790572778,0.8453469557039043,20,upstream-analysis/analysis_outputs/dense_grid_claim1_2026_08_23/krr/krr_learning_curves_dense_m1024.csv
MPNN,dense-grid-PRECROSS,PRECROSS,1024,32,rho_0.1,0.1,common,0.887222019954811,0.8606324935687008,20,upstream-analysis/analysis_outputs/dense_grid_claim1_2026_08_23/krr/krr_learning_curves_dense_m1024.csv
MPNN,dense-grid-PRECROSS,PRECROSS,1024,32,rho_1e-06,1e-06,common,0.8709815273408636,0.8431355639801392,20,upstream-analysis/analysis_outputs/dense_grid_claim1_2026_08_23/krr/krr_learning_curves_dense_m1024.csv
MPNN,dense-grid-PRECROSS,PRECROSS,1024,32,rho_1e-08,1e-08,common,0.8709813252190456,0.8431353372535293,20,upstream-analysis/analysis_outputs/dense_grid_claim1_2026_08_23/krr/krr_learning_curves_dense_m1024.csv
MPNN,dense-grid-PRECROSS,PRECROSS,1024,32,ridgeless,0.0,common,0.8709813231774053,0.8431353349633532,20,upstream-analysis/analysis_outputs/dense_grid_claim1_2026_08_23/krr/krr_learning_curves_dense_m1024.csv
MPNN,dense-grid-PRECROSS,PRECROSS,1024,64,rho_0.0001,0.0001,common,0.6934993715500918,0.6572867334628062,20,upstream-analysis/analysis_outputs/dense_grid_claim1_2026_08_23/krr/krr_learning_curves_dense_m1024.csv
MPNN,dense-grid-PRECROSS,PRECROSS,1024,64,rho_0.01,0.01,common,0.6968964829622439,0.6608930387732844,20,upstream-analysis/analysis_outputs/dense_grid_claim1_2026_08_23/krr/krr_learning_curves_dense_m1024.csv
MPNN,dense-grid-PRECROSS,PRECROSS,1024,64,rho_0.1,0.1,common,0.7216693205107274,0.6870719333349525,20,upstream-analysis/analysis_outputs/dense_grid_claim1_2026_08_23/krr/krr_learning_curves_dense_m1024.csv
MPNN,dense-grid-PRECROSS,PRECROSS,1024,64,rho_1e-06,1e-06,common,0.6934644274301691,0.6572495935399709,20,upstream-analysis/analysis_outputs/dense_grid_claim1_2026_08_23/krr/krr_learning_curves_dense_m1024.csv
MPNN,dense-grid-PRECROSS,PRECROSS,1024,64,rho_1e-08,1e-08,common,0.6934640778880836,0.6572492220273712,20,upstream-analysis/analysis_outputs/dense_grid_claim1_2026_08_23/krr/krr_learning_curves_dense_m1024.csv
MPNN,dense-grid-PRECROSS,PRECROSS,1024,64,ridgeless,0.0,common,0.6934640743573454,0.6572492182747072,20,upstream-analysis/analysis_outputs/dense_grid_claim1_2026_08_23/krr/krr_learning_curves_dense_m1024.csv
MPNN,dense-grid-PRECROSS,PRECROSS,1024,128,rho_0.0001,0.0001,common,0.43823722913694885,0.44483616288449274,20,upstream-analysis/analysis_outputs/dense_grid_claim1_2026_08_23/krr/krr_learning_curves_dense_m1024.csv
MPNN,dense-grid-PRECROSS,PRECROSS,1024,128,rho_0.01,0.01,common,0.4418808764252916,0.4485695923267299,20,upstream-analysis/analysis_outputs/dense_grid_claim1_2026_08_23/krr/krr_learning_curves_dense_m1024.csv
MPNN,dense-grid-PRECROSS,PRECROSS,1024,128,rho_0.1,0.1,common,0.4701002470221942,0.4762510740433491,20,upstream-analysis/analysis_outputs/dense_grid_claim1_2026_08_23/krr/krr_learning_curves_dense_m1024.csv
MPNN,dense-grid-PRECROSS,PRECROSS,1024,128,rho_1e-06,1e-06,common,0.4382000167131961,0.4447977173797411,20,upstream-analysis/analysis_outputs/dense_grid_claim1_2026_08_23/krr/krr_learning_curves_dense_m1024.csv
MPNN,dense-grid-PRECROSS,PRECROSS,1024,128,rho_1e-08,1e-08,common,0.4381996445070532,0.44479733280473754,20,upstream-analysis/analysis_outputs/dense_grid_claim1_2026_08_23/krr/krr_learning_curves_dense_m1024.csv
MPNN,dense-grid-PRECROSS,PRECROSS,1024,128,ridgeless,0.0,common,0.43819964074738676,0.44479732892012935,20,upstream-analysis/analysis_outputs/dense_grid_claim1_2026_08_23/krr/krr_learning_curves_dense_m1024.csv
MPNN,dense-grid-PRECROSS,PRECROSS,1024,256,rho_0.0001,0.0001,common,0.2753135584783896,0.2963221628539678,20,upstream-analysis/analysis_outputs/dense_grid_claim1_2026_08_23/krr/krr_learning_curves_dense_m1024.csv
MPNN,dense-grid-PRECROSS,PRECROSS,1024,256,rho_0.01,0.01,common,0.2773558859579299,0.2981933545824777,20,upstream-analysis/analysis_outputs/dense_grid_claim1_2026_08_23/krr/krr_learning_curves_dense_m1024.csv
MPNN,dense-grid-PRECROSS,PRECROSS,1024,256,rho_0.1,0.1,common,0.29177596125968985,0.31368927904222,20,upstream-analysis/analysis_outputs/dense_grid_claim1_2026_08_23/krr/krr_learning_curves_dense_m1024.csv
MPNN,dense-grid-PRECROSS,PRECROSS,1024,256,rho_1e-06,1e-06,common,0.27529355116577214,0.2963035069536728,20,upstream-analysis/analysis_outputs/dense_grid_claim1_2026_08_23/krr/krr_learning_curves_dense_m1024.csv
MPNN,dense-grid-PRECROSS,PRECROSS,1024,256,rho_1e-08,1e-08,common,0.27529335116524345,0.2963033204169929,20,upstream-analysis/analysis_outputs/dense_grid_claim1_2026_08_23/krr/krr_learning_curves_dense_m1024.csv
MPNN,dense-grid-PRECROSS,PRECROSS,1024,256,ridgeless,0.0,common,0.27529334914504355,0.2963033185327863,20,upstream-analysis/analysis_outputs/dense_grid_claim1_2026_08_23/krr/krr_learning_curves_dense_m1024.csv
MPNN,dense-grid-PRECROSS,PRECROSS,1024,512,rho_0.0001,0.0001,common,0.22790872561082337,0.24201650387596602,20,upstream-analysis/analysis_outputs/dense_grid_claim1_2026_08_23/krr/krr_learning_curves_dense_m1024.csv
MPNN,dense-grid-PRECROSS,PRECROSS,1024,512,rho_0.01,0.01,common,0.22884323045002813,0.24185809177388462,20,upstream-analysis/analysis_outputs/dense_grid_claim1_2026_08_23/krr/krr_learning_curves_dense_m1024.csv
MPNN,dense-grid-PRECROSS,PRECROSS,1024,512,rho_0.1,0.1,common,0.23688244680976833,0.24554653368699353,20,upstream-analysis/analysis_outputs/dense_grid_claim1_2026_08_23/krr/krr_learning_curves_dense_m1024.csv
MPNN,dense-grid-PRECROSS,PRECROSS,1024,512,rho_1e-06,1e-06,common,0.2278986971025146,0.2420214200049109,20,upstream-analysis/analysis_outputs/dense_grid_claim1_2026_08_23/krr/krr_learning_curves_dense_m1024.csv
MPNN,dense-grid-PRECROSS,PRECROSS,1024,512,rho_1e-08,1e-08,common,0.22789859665846085,0.24202146968816263,20,upstream-analysis/analysis_outputs/dense_grid_claim1_2026_08_23/krr/krr_learning_curves_dense_m1024.csv
MPNN,dense-grid-PRECROSS,PRECROSS,1024,512,ridgeless,0.0,common,0.2278985956438577,0.24202147019006656,20,upstream-analysis/analysis_outputs/dense_grid_claim1_2026_08_23/krr/krr_learning_curves_dense_m1024.csv
MC-EGNN,dense-grid-TOP,TOP,1024,32,rho_0.0001,0.0001,common,0.5659406977905698,0.5208360137200615,20,upstream-analysis/analysis_outputs/dense_grid_claim1_2026_08_23/krr/krr_learning_curves_dense_m1024.csv
MC-EGNN,dense-grid-TOP,TOP,1024,32,rho_0.01,0.01,common,0.5921838946779892,0.5516832530722715,20,upstream-analysis/analysis_outputs/dense_grid_claim1_2026_08_23/krr/krr_learning_curves_dense_m1024.csv
MC-EGNN,dense-grid-TOP,TOP,1024,32,rho_0.1,0.1,common,0.6918860682928536,0.649706547238514,20,upstream-analysis/analysis_outputs/dense_grid_claim1_2026_08_23/krr/krr_learning_curves_dense_m1024.csv
MC-EGNN,dense-grid-TOP,TOP,1024,32,rho_1e-06,1e-06,common,0.5658227460195584,0.5199158757213684,20,upstream-analysis/analysis_outputs/dense_grid_claim1_2026_08_23/krr/krr_learning_curves_dense_m1024.csv
MC-EGNN,dense-grid-TOP,TOP,1024,32,rho_1e-08,1e-08,common,0.5662885530216517,0.5198934776433733,20,upstream-analysis/analysis_outputs/dense_grid_claim1_2026_08_23/krr/krr_learning_curves_dense_m1024.csv
MC-EGNN,dense-grid-TOP,TOP,1024,32,ridgeless,0.0,common,0.5657811525691582,0.5198373509832351,20,upstream-analysis/analysis_outputs/dense_grid_claim1_2026_08_23/krr/krr_learning_curves_dense_m1024.csv
MC-EGNN,dense-grid-TOP,TOP,1024,64,rho_0.0001,0.0001,common,0.3052882858933009,0.33133210877616975,20,upstream-analysis/analysis_outputs/dense_grid_claim1_2026_08_23/krr/krr_learning_curves_dense_m1024.csv
MC-EGNN,dense-grid-TOP,TOP,1024,64,rho_0.01,0.01,common,0.33051114668939924,0.35909915521429764,20,upstream-analysis/analysis_outputs/dense_grid_claim1_2026_08_23/krr/krr_learning_curves_dense_m1024.csv
MC-EGNN,dense-grid-TOP,TOP,1024,64,rho_0.1,0.1,common,0.4194223476947817,0.4563616200645265,20,upstream-analysis/analysis_outputs/dense_grid_claim1_2026_08_23/krr/krr_learning_curves_dense_m1024.csv
MC-EGNN,dense-grid-TOP,TOP,1024,64,rho_1e-06,1e-06,common,0.30598286574828054,0.33084011800745017,20,upstream-analysis/analysis_outputs/dense_grid_claim1_2026_08_23/krr/krr_learning_curves_dense_m1024.csv
MC-EGNN,dense-grid-TOP,TOP,1024,64,rho_1e-08,1e-08,common,0.3054507128503489,0.33064429567428055,20,upstream-analysis/analysis_outputs/dense_grid_claim1_2026_08_23/krr/krr_learning_curves_dense_m1024.csv
MC-EGNN,dense-grid-TOP,TOP,1024,64,ridgeless,0.0,common,0.30533779864429167,0.3306387891684178,20,upstream-analysis/analysis_outputs/dense_grid_claim1_2026_08_23/krr/krr_learning_curves_dense_m1024.csv
MC-EGNN,dense-grid-TOP,TOP,1024,128,rho_0.0001,0.0001,common,0.1660496455170105,0.20116146377853844,20,upstream-analysis/analysis_outputs/dense_grid_claim1_2026_08_23/krr/krr_learning_curves_dense_m1024.csv
MC-EGNN,dense-grid-TOP,TOP,1024,128,rho_0.01,0.01,common,0.171681553051136,0.22223558561499498,20,upstream-analysis/analysis_outputs/dense_grid_claim1_2026_08_23/krr/krr_learning_curves_dense_m1024.csv
MC-EGNN,dense-grid-TOP,TOP,1024,128,rho_0.1,0.1,common,0.2594996925532161,0.29643452102972645,20,upstream-analysis/analysis_outputs/dense_grid_claim1_2026_08_23/krr/krr_learning_curves_dense_m1024.csv
MC-EGNN,dense-grid-TOP,TOP,1024,128,rho_1e-06,1e-06,common,0.17053340315553964,0.20090207870426052,20,upstream-analysis/analysis_outputs/dense_grid_claim1_2026_08_23/krr/krr_learning_curves_dense_m1024.csv
MC-EGNN,dense-grid-TOP,TOP,1024,128,rho_1e-08,1e-08,common,0.16929480574448472,0.20077466612433797,20,upstream-analysis/analysis_outputs/dense_grid_claim1_2026_08_23/krr/krr_learning_curves_dense_m1024.csv
MC-EGNN,dense-grid-TOP,TOP,1024,128,ridgeless,0.0,common,0.16926386722277614,0.20072297599498246,20,upstream-analysis/analysis_outputs/dense_grid_claim1_2026_08_23/krr/krr_learning_curves_dense_m1024.csv
MC-EGNN,dense-grid-TOP,TOP,1024,256,rho_0.0001,0.0001,common,0.08748094658197998,0.10210796719406914,20,upstream-analysis/analysis_outputs/dense_grid_claim1_2026_08_23/krr/krr_learning_curves_dense_m1024.csv
MC-EGNN,dense-grid-TOP,TOP,1024,256,rho_0.01,0.01,common,0.09462527079275997,0.11677522258537129,20,upstream-analysis/analysis_outputs/dense_grid_claim1_2026_08_23/krr/krr_learning_curves_dense_m1024.csv
MC-EGNN,dense-grid-TOP,TOP,1024,256,rho_0.1,0.1,common,0.1418460286828119,0.16820105369104996,20,upstream-analysis/analysis_outputs/dense_grid_claim1_2026_08_23/krr/krr_learning_curves_dense_m1024.csv
MC-EGNN,dense-grid-TOP,TOP,1024,256,rho_1e-06,1e-06,common,0.08796364558506478,0.10156757021139873,20,upstream-analysis/analysis_outputs/dense_grid_claim1_2026_08_23/krr/krr_learning_curves_dense_m1024.csv
MC-EGNN,dense-grid-TOP,TOP,1024,256,rho_1e-08,1e-08,common,0.08702340278812115,0.10149663126363503,20,upstream-analysis/analysis_outputs/dense_grid_claim1_2026_08_23/krr/krr_learning_curves_dense_m1024.csv
MC-EGNN,dense-grid-TOP,TOP,1024,256,ridgeless,0.0,common,0.08719933073304632,0.10146099102454778,20,upstream-analysis/analysis_outputs/dense_grid_claim1_2026_08_23/krr/krr_learning_curves_dense_m1024.csv
MC-EGNN,dense-grid-TOP,TOP,1024,512,rho_0.0001,0.0001,common,0.039929018663439814,0.04644613460321211,20,upstream-analysis/analysis_outputs/dense_grid_claim1_2026_08_23/krr/krr_learning_curves_dense_m1024.csv
MC-EGNN,dense-grid-TOP,TOP,1024,512,rho_0.01,0.01,common,0.04624186705480622,0.05202059961722731,20,upstream-analysis/analysis_outputs/dense_grid_claim1_2026_08_23/krr/krr_learning_curves_dense_m1024.csv
MC-EGNN,dense-grid-TOP,TOP,1024,512,rho_0.1,0.1,common,0.07332051445792026,0.07943099059864181,20,upstream-analysis/analysis_outputs/dense_grid_claim1_2026_08_23/krr/krr_learning_curves_dense_m1024.csv
MC-EGNN,dense-grid-TOP,TOP,1024,512,rho_1e-06,1e-06,common,0.03932219213257378,0.046520681380387494,20,upstream-analysis/analysis_outputs/dense_grid_claim1_2026_08_23/krr/krr_learning_curves_dense_m1024.csv
MC-EGNN,dense-grid-TOP,TOP,1024,512,rho_1e-08,1e-08,common,0.039921196188061135,0.04638600392636193,20,upstream-analysis/analysis_outputs/dense_grid_claim1_2026_08_23/krr/krr_learning_curves_dense_m1024.csv
MC-EGNN,dense-grid-TOP,TOP,1024,512,ridgeless,0.0,common,0.03934411980391761,0.04642022744882861,20,upstream-analysis/analysis_outputs/dense_grid_claim1_2026_08_23/krr/krr_learning_curves_dense_m1024.csv
eSEN,dense-grid-TOP,TOP,1024,32,rho_0.0001,0.0001,common,0.25431035160640725,0.268928880718445,20,upstream-analysis/analysis_outputs/dense_grid_claim1_2026_08_23/krr/krr_learning_curves_dense_m1024.csv
eSEN,dense-grid-TOP,TOP,1024,32,rho_0.01,0.01,common,0.2793580805289172,0.2946565875060899,20,upstream-analysis/analysis_outputs/dense_grid_claim1_2026_08_23/krr/krr_learning_curves_dense_m1024.csv
eSEN,dense-grid-TOP,TOP,1024,32,rho_0.1,0.1,common,0.3784858086402712,0.38260193907629636,20,upstream-analysis/analysis_outputs/dense_grid_claim1_2026_08_23/krr/krr_learning_curves_dense_m1024.csv
eSEN,dense-grid-TOP,TOP,1024,32,rho_1e-06,1e-06,common,0.2538700763709518,0.2683477202125995,20,upstream-analysis/analysis_outputs/dense_grid_claim1_2026_08_23/krr/krr_learning_curves_dense_m1024.csv
eSEN,dense-grid-TOP,TOP,1024,32,rho_1e-08,1e-08,common,0.25386678610907987,0.26834160121991546,20,upstream-analysis/analysis_outputs/dense_grid_claim1_2026_08_23/krr/krr_learning_curves_dense_m1024.csv
eSEN,dense-grid-TOP,TOP,1024,32,ridgeless,0.0,common,0.2538667531034704,0.2683415393959722,20,upstream-analysis/analysis_outputs/dense_grid_claim1_2026_08_23/krr/krr_learning_curves_dense_m1024.csv
eSEN,dense-grid-TOP,TOP,1024,64,rho_0.0001,0.0001,common,0.15754955399082754,0.14901385507209533,20,upstream-analysis/analysis_outputs/dense_grid_claim1_2026_08_23/krr/krr_learning_curves_dense_m1024.csv
eSEN,dense-grid-TOP,TOP,1024,64,rho_0.01,0.01,common,0.1726433912102663,0.16545857113665308,20,upstream-analysis/analysis_outputs/dense_grid_claim1_2026_08_23/krr/krr_learning_curves_dense_m1024.csv
eSEN,dense-grid-TOP,TOP,1024,64,rho_0.1,0.1,common,0.22238393586092176,0.2164698550423055,20,upstream-analysis/analysis_outputs/dense_grid_claim1_2026_08_23/krr/krr_learning_curves_dense_m1024.csv
eSEN,dense-grid-TOP,TOP,1024,64,rho_1e-06,1e-06,common,0.15724688126099823,0.1485769107211729,20,upstream-analysis/analysis_outputs/dense_grid_claim1_2026_08_23/krr/krr_learning_curves_dense_m1024.csv
eSEN,dense-grid-TOP,TOP,1024,64,rho_1e-08,1e-08,common,0.15724426131334746,0.1485755084931801,20,upstream-analysis/analysis_outputs/dense_grid_claim1_2026_08_23/krr/krr_learning_curves_dense_m1024.csv
eSEN,dense-grid-TOP,TOP,1024,64,ridgeless,0.0,common,0.15724423509501992,0.14857552250560924,20,upstream-analysis/analysis_outputs/dense_grid_claim1_2026_08_23/krr/krr_learning_curves_dense_m1024.csv
eSEN,dense-grid-TOP,TOP,1024,128,rho_0.0001,0.0001,common,0.06935965525140027,0.08121339187040301,20,upstream-analysis/analysis_outputs/dense_grid_claim1_2026_08_23/krr/krr_learning_curves_dense_m1024.csv
eSEN,dense-grid-TOP,TOP,1024,128,rho_0.01,0.01,common,0.07850626137428268,0.09241849156219115,20,upstream-analysis/analysis_outputs/dense_grid_claim1_2026_08_23/krr/krr_learning_curves_dense_m1024.csv
eSEN,dense-grid-TOP,TOP,1024,128,rho_0.1,0.1,common,0.09673233699974171,0.12026174774696234,20,upstream-analysis/analysis_outputs/dense_grid_claim1_2026_08_23/krr/krr_learning_curves_dense_m1024.csv
eSEN,dense-grid-TOP,TOP,1024,128,rho_1e-06,1e-06,common,0.06900251008645447,0.08084846905852978,20,upstream-analysis/analysis_outputs/dense_grid_claim1_2026_08_23/krr/krr_learning_curves_dense_m1024.csv
eSEN,dense-grid-TOP,TOP,1024,128,rho_1e-08,1e-08,common,0.06899980429325302,0.0808694238759063,20,upstream-analysis/analysis_outputs/dense_grid_claim1_2026_08_23/krr/krr_learning_curves_dense_m1024.csv
eSEN,dense-grid-TOP,TOP,1024,128,ridgeless,0.0,common,0.06899977751015784,0.08086984112388887,20,upstream-analysis/analysis_outputs/dense_grid_claim1_2026_08_23/krr/krr_learning_curves_dense_m1024.csv
eSEN,dense-grid-TOP,TOP,1024,256,rho_0.0001,0.0001,common,0.030614014398687155,0.040177457187478435,20,upstream-analysis/analysis_outputs/dense_grid_claim1_2026_08_23/krr/krr_learning_curves_dense_m1024.csv
eSEN,dense-grid-TOP,TOP,1024,256,rho_0.01,0.01,common,0.036620896407036016,0.04581516899618833,20,upstream-analysis/analysis_outputs/dense_grid_claim1_2026_08_23/krr/krr_learning_curves_dense_m1024.csv
eSEN,dense-grid-TOP,TOP,1024,256,rho_0.1,0.1,common,0.04768889639849422,0.05905467962416525,20,upstream-analysis/analysis_outputs/dense_grid_claim1_2026_08_23/krr/krr_learning_curves_dense_m1024.csv
eSEN,dense-grid-TOP,TOP,1024,256,rho_1e-06,1e-06,common,0.030460875857759622,0.03997861578047693,20,upstream-analysis/analysis_outputs/dense_grid_claim1_2026_08_23/krr/krr_learning_curves_dense_m1024.csv
eSEN,dense-grid-TOP,TOP,1024,256,rho_1e-08,1e-08,common,0.03045947964364485,0.040024410820034405,20,upstream-analysis/analysis_outputs/dense_grid_claim1_2026_08_23/krr/krr_learning_curves_dense_m1024.csv
eSEN,dense-grid-TOP,TOP,1024,256,ridgeless,0.0,common,0.030459557822777865,0.04002535594622631,20,upstream-analysis/analysis_outputs/dense_grid_claim1_2026_08_23/krr/krr_learning_curves_dense_m1024.csv
eSEN,dense-grid-TOP,TOP,1024,512,rho_0.0001,0.0001,common,0.00986298222887285,0.011099089012114451,20,upstream-analysis/analysis_outputs/dense_grid_claim1_2026_08_23/krr/krr_learning_curves_dense_m1024.csv
eSEN,dense-grid-TOP,TOP,1024,512,rho_0.01,0.01,common,0.011471095360397152,0.01297883944243905,20,upstream-analysis/analysis_outputs/dense_grid_claim1_2026_08_23/krr/krr_learning_curves_dense_m1024.csv
eSEN,dense-grid-TOP,TOP,1024,512,rho_0.1,0.1,common,0.016151824726607488,0.017945679134878448,20,upstream-analysis/analysis_outputs/dense_grid_claim1_2026_08_23/krr/krr_learning_curves_dense_m1024.csv
eSEN,dense-grid-TOP,TOP,1024,512,rho_1e-06,1e-06,common,0.009863203893228863,0.011063731896696667,20,upstream-analysis/analysis_outputs/dense_grid_claim1_2026_08_23/krr/krr_learning_curves_dense_m1024.csv
eSEN,dense-grid-TOP,TOP,1024,512,rho_1e-08,1e-08,common,0.009855778060048344,0.011090761296836766,20,upstream-analysis/analysis_outputs/dense_grid_claim1_2026_08_23/krr/krr_learning_curves_dense_m1024.csv
eSEN,dense-grid-TOP,TOP,1024,512,ridgeless,0.0,common,0.009855627252540014,0.01109136367474724,20,upstream-analysis/analysis_outputs/dense_grid_claim1_2026_08_23/krr/krr_learning_curves_dense_m1024.csv
GemNet-OC,dense-grid-TOP,TOP,1024,32,rho_0.0001,0.0001,common,0.16880936100267885,0.15894873064869341,20,upstream-analysis/analysis_outputs/dense_grid_claim1_2026_08_23/krr/krr_learning_curves_dense_m1024.csv
GemNet-OC,dense-grid-TOP,TOP,1024,32,rho_0.01,0.01,common,0.17784575766254596,0.16940901702190242,20,upstream-analysis/analysis_outputs/dense_grid_claim1_2026_08_23/krr/krr_learning_curves_dense_m1024.csv
GemNet-OC,dense-grid-TOP,TOP,1024,32,rho_0.1,0.1,common,0.2194045614362597,0.21485920520517143,20,upstream-analysis/analysis_outputs/dense_grid_claim1_2026_08_23/krr/krr_learning_curves_dense_m1024.csv
GemNet-OC,dense-grid-TOP,TOP,1024,32,rho_1e-06,1e-06,common,0.1686731297423999,0.15872801114310744,20,upstream-analysis/analysis_outputs/dense_grid_claim1_2026_08_23/krr/krr_learning_curves_dense_m1024.csv
GemNet-OC,dense-grid-TOP,TOP,1024,32,rho_1e-08,1e-08,common,0.16867739434471568,0.15877539674562974,20,upstream-analysis/analysis_outputs/dense_grid_claim1_2026_08_23/krr/krr_learning_curves_dense_m1024.csv
GemNet-OC,dense-grid-TOP,TOP,1024,32,ridgeless,0.0,common,0.1686774621242894,0.15885100837052896,20,upstream-analysis/analysis_outputs/dense_grid_claim1_2026_08_23/krr/krr_learning_curves_dense_m1024.csv
GemNet-OC,dense-grid-TOP,TOP,1024,64,rho_0.0001,0.0001,common,0.049538049796112024,0.06340385645260097,20,upstream-analysis/analysis_outputs/dense_grid_claim1_2026_08_23/krr/krr_learning_curves_dense_m1024.csv
GemNet-OC,dense-grid-TOP,TOP,1024,64,rho_0.01,0.01,common,0.05438848264824171,0.06776466580576773,20,upstream-analysis/analysis_outputs/dense_grid_claim1_2026_08_23/krr/krr_learning_curves_dense_m1024.csv
GemNet-OC,dense-grid-TOP,TOP,1024,64,rho_0.1,0.1,common,0.07167298655830051,0.08650790285642049,20,upstream-analysis/analysis_outputs/dense_grid_claim1_2026_08_23/krr/krr_learning_curves_dense_m1024.csv
GemNet-OC,dense-grid-TOP,TOP,1024,64,rho_1e-06,1e-06,common,0.04933441266789983,0.06332566014318279,20,upstream-analysis/analysis_outputs/dense_grid_claim1_2026_08_23/krr/krr_learning_curves_dense_m1024.csv
GemNet-OC,dense-grid-TOP,TOP,1024,64,rho_1e-08,1e-08,common,0.04920765716348616,0.0633493134896647,20,upstream-analysis/analysis_outputs/dense_grid_claim1_2026_08_23/krr/krr_learning_curves_dense_m1024.csv
GemNet-OC,dense-grid-TOP,TOP,1024,64,ridgeless,0.0,common,0.049200243149947476,0.06339091105166784,20,upstream-analysis/analysis_outputs/dense_grid_claim1_2026_08_23/krr/krr_learning_curves_dense_m1024.csv
GemNet-OC,dense-grid-TOP,TOP,1024,128,rho_0.0001,0.0001,common,0.02319630543030787,0.027248761723992192,20,upstream-analysis/analysis_outputs/dense_grid_claim1_2026_08_23/krr/krr_learning_curves_dense_m1024.csv
GemNet-OC,dense-grid-TOP,TOP,1024,128,rho_0.01,0.01,common,0.024128115763503107,0.02876852663679113,20,upstream-analysis/analysis_outputs/dense_grid_claim1_2026_08_23/krr/krr_learning_curves_dense_m1024.csv
GemNet-OC,dense-grid-TOP,TOP,1024,128,rho_0.1,0.1,common,0.028871069474895077,0.035411139877206496,20,upstream-analysis/analysis_outputs/dense_grid_claim1_2026_08_23/krr/krr_learning_curves_dense_m1024.csv
GemNet-OC,dense-grid-TOP,TOP,1024,128,rho_1e-06,1e-06,common,0.023150983734556162,0.0272562889522114,20,upstream-analysis/analysis_outputs/dense_grid_claim1_2026_08_23/krr/krr_learning_curves_dense_m1024.csv
GemNet-OC,dense-grid-TOP,TOP,1024,128,rho_1e-08,1e-08,common,0.023168931773161802,0.02729517508308681,20,upstream-analysis/analysis_outputs/dense_grid_claim1_2026_08_23/krr/krr_learning_curves_dense_m1024.csv
GemNet-OC,dense-grid-TOP,TOP,1024,128,ridgeless,0.0,common,0.02316965007438357,0.027302645032413652,20,upstream-analysis/analysis_outputs/dense_grid_claim1_2026_08_23/krr/krr_learning_curves_dense_m1024.csv
GemNet-OC,dense-grid-TOP,TOP,1024,256,rho_0.0001,0.0001,common,0.006770335292412747,0.012340625160154045,20,upstream-analysis/analysis_outputs/dense_grid_claim1_2026_08_23/krr/krr_learning_curves_dense_m1024.csv
GemNet-OC,dense-grid-TOP,TOP,1024,256,rho_0.01,0.01,common,0.006870291336954963,0.012901216448638203,20,upstream-analysis/analysis_outputs/dense_grid_claim1_2026_08_23/krr/krr_learning_curves_dense_m1024.csv
GemNet-OC,dense-grid-TOP,TOP,1024,256,rho_0.1,0.1,common,0.00785519855003899,0.015274252663048288,20,upstream-analysis/analysis_outputs/dense_grid_claim1_2026_08_23/krr/krr_learning_curves_dense_m1024.csv
GemNet-OC,dense-grid-TOP,TOP,1024,256,rho_1e-06,1e-06,common,0.006754810736148514,0.012353512625507452,20,upstream-analysis/analysis_outputs/dense_grid_claim1_2026_08_23/krr/krr_learning_curves_dense_m1024.csv
GemNet-OC,dense-grid-TOP,TOP,1024,256,rho_1e-08,1e-08,common,0.006749759353028584,0.012381080106499711,20,upstream-analysis/analysis_outputs/dense_grid_claim1_2026_08_23/krr/krr_learning_curves_dense_m1024.csv
GemNet-OC,dense-grid-TOP,TOP,1024,256,ridgeless,0.0,common,0.006749558315577918,0.012395500659422107,20,upstream-analysis/analysis_outputs/dense_grid_claim1_2026_08_23/krr/krr_learning_curves_dense_m1024.csv
GemNet-OC,dense-grid-TOP,TOP,1024,512,rho_0.0001,0.0001,common,0.00402954097476782,0.004129643653721855,20,upstream-analysis/analysis_outputs/dense_grid_claim1_2026_08_23/krr/krr_learning_curves_dense_m1024.csv
GemNet-OC,dense-grid-TOP,TOP,1024,512,rho_0.01,0.01,common,0.004023867558497983,0.0041677442621910355,20,upstream-analysis/analysis_outputs/dense_grid_claim1_2026_08_23/krr/krr_learning_curves_dense_m1024.csv
GemNet-OC,dense-grid-TOP,TOP,1024,512,rho_0.1,0.1,common,0.004532722636465635,0.004563385986450616,20,upstream-analysis/analysis_outputs/dense_grid_claim1_2026_08_23/krr/krr_learning_curves_dense_m1024.csv
GemNet-OC,dense-grid-TOP,TOP,1024,512,rho_1e-06,1e-06,common,0.004019527768042504,0.00411822376651741,20,upstream-analysis/analysis_outputs/dense_grid_claim1_2026_08_23/krr/krr_learning_curves_dense_m1024.csv
GemNet-OC,dense-grid-TOP,TOP,1024,512,rho_1e-08,1e-08,common,0.004010988300951554,0.004123424738398467,20,upstream-analysis/analysis_outputs/dense_grid_claim1_2026_08_23/krr/krr_learning_curves_dense_m1024.csv
GemNet-OC,dense-grid-TOP,TOP,1024,512,ridgeless,0.0,common,0.004028746929857094,0.004120474600782944,20,upstream-analysis/analysis_outputs/dense_grid_claim1_2026_08_23/krr/krr_learning_curves_dense_m1024.csv
MPNN,dense-grid-TOP,TOP,1024,32,rho_0.0001,0.0001,common,0.8834556880614374,0.8565405322376615,20,upstream-analysis/analysis_outputs/dense_grid_claim1_2026_08_23/krr/krr_learning_curves_dense_m1024.csv
MPNN,dense-grid-TOP,TOP,1024,32,rho_0.01,0.01,common,0.8856472207378234,0.8580994569725545,20,upstream-analysis/analysis_outputs/dense_grid_claim1_2026_08_23/krr/krr_learning_curves_dense_m1024.csv
MPNN,dense-grid-TOP,TOP,1024,32,rho_0.1,0.1,common,0.9004517557791976,0.8692660446543172,20,upstream-analysis/analysis_outputs/dense_grid_claim1_2026_08_23/krr/krr_learning_curves_dense_m1024.csv
MPNN,dense-grid-TOP,TOP,1024,32,rho_1e-06,1e-06,common,0.8834329102057097,0.856524461351475,20,upstream-analysis/analysis_outputs/dense_grid_claim1_2026_08_23/krr/krr_learning_curves_dense_m1024.csv
MPNN,dense-grid-TOP,TOP,1024,32,rho_1e-08,1e-08,common,0.8834326823357315,0.8565243005919811,20,upstream-analysis/analysis_outputs/dense_grid_claim1_2026_08_23/krr/krr_learning_curves_dense_m1024.csv
MPNN,dense-grid-TOP,TOP,1024,32,ridgeless,0.0,common,0.8834326800340051,0.8565242989681426,20,upstream-analysis/analysis_outputs/dense_grid_claim1_2026_08_23/krr/krr_learning_curves_dense_m1024.csv
MPNN,dense-grid-TOP,TOP,1024,64,rho_0.0001,0.0001,common,0.7417046806620969,0.6856697616723924,20,upstream-analysis/analysis_outputs/dense_grid_claim1_2026_08_23/krr/krr_learning_curves_dense_m1024.csv
MPNN,dense-grid-TOP,TOP,1024,64,rho_0.01,0.01,common,0.7441955414780164,0.6890027848060623,20,upstream-analysis/analysis_outputs/dense_grid_claim1_2026_08_23/krr/krr_learning_curves_dense_m1024.csv
MPNN,dense-grid-TOP,TOP,1024,64,rho_0.1,0.1,common,0.762845806344743,0.7130181371279415,20,upstream-analysis/analysis_outputs/dense_grid_claim1_2026_08_23/krr/krr_learning_curves_dense_m1024.csv
MPNN,dense-grid-TOP,TOP,1024,64,rho_1e-06,1e-06,common,0.741679105877233,0.685635368383538,20,upstream-analysis/analysis_outputs/dense_grid_claim1_2026_08_23/krr/krr_learning_curves_dense_m1024.csv
MPNN,dense-grid-TOP,TOP,1024,64,rho_1e-08,1e-08,common,0.7416788500585778,0.6856350243374304,20,upstream-analysis/analysis_outputs/dense_grid_claim1_2026_08_23/krr/krr_learning_curves_dense_m1024.csv
MPNN,dense-grid-TOP,TOP,1024,64,ridgeless,0.0,common,0.7416788474745437,0.6856350208622058,20,upstream-analysis/analysis_outputs/dense_grid_claim1_2026_08_23/krr/krr_learning_curves_dense_m1024.csv
MPNN,dense-grid-TOP,TOP,1024,128,rho_0.0001,0.0001,common,0.46207646209837006,0.47756689878123815,20,upstream-analysis/analysis_outputs/dense_grid_claim1_2026_08_23/krr/krr_learning_curves_dense_m1024.csv
MPNN,dense-grid-TOP,TOP,1024,128,rho_0.01,0.01,common,0.4653528529264671,0.4812854752249695,20,upstream-analysis/analysis_outputs/dense_grid_claim1_2026_08_23/krr/krr_learning_curves_dense_m1024.csv
MPNN,dense-grid-TOP,TOP,1024,128,rho_0.1,0.1,common,0.4908259892731397,0.5087077562710882,20,upstream-analysis/analysis_outputs/dense_grid_claim1_2026_08_23/krr/krr_learning_curves_dense_m1024.csv
MPNN,dense-grid-TOP,TOP,1024,128,rho_1e-06,1e-06,common,0.46204305423467384,0.47752854499357733,20,upstream-analysis/analysis_outputs/dense_grid_claim1_2026_08_23/krr/krr_learning_curves_dense_m1024.csv
MPNN,dense-grid-TOP,TOP,1024,128,rho_1e-08,1e-08,common,0.4620427200894113,0.47752816132892806,20,upstream-analysis/analysis_outputs/dense_grid_claim1_2026_08_23/krr/krr_learning_curves_dense_m1024.csv
MPNN,dense-grid-TOP,TOP,1024,128,ridgeless,0.0,common,0.46204271671419983,0.47752815745351473,20,upstream-analysis/analysis_outputs/dense_grid_claim1_2026_08_23/krr/krr_learning_curves_dense_m1024.csv
MPNN,dense-grid-TOP,TOP,1024,256,rho_0.0001,0.0001,common,0.2823991948031097,0.29242207413519206,20,upstream-analysis/analysis_outputs/dense_grid_claim1_2026_08_23/krr/krr_learning_curves_dense_m1024.csv
MPNN,dense-grid-TOP,TOP,1024,256,rho_0.01,0.01,common,0.28538007634967044,0.29513217966361577,20,upstream-analysis/analysis_outputs/dense_grid_claim1_2026_08_23/krr/krr_learning_curves_dense_m1024.csv
MPNN,dense-grid-TOP,TOP,1024,256,rho_0.1,0.1,common,0.30687735030241137,0.31579426613539646,20,upstream-analysis/analysis_outputs/dense_grid_claim1_2026_08_23/krr/krr_learning_curves_dense_m1024.csv
MPNN,dense-grid-TOP,TOP,1024,256,rho_1e-06,1e-06,common,0.2823682818099005,0.2923941980816259,20,upstream-analysis/analysis_outputs/dense_grid_claim1_2026_08_23/krr/krr_learning_curves_dense_m1024.csv
MPNN,dense-grid-TOP,TOP,1024,256,rho_1e-08,1e-08,common,0.2823679725552768,0.29239391923600927,20,upstream-analysis/analysis_outputs/dense_grid_claim1_2026_08_23/krr/krr_learning_curves_dense_m1024.csv
MPNN,dense-grid-TOP,TOP,1024,256,ridgeless,0.0,common,0.28236796943148,0.2923939164193782,20,upstream-analysis/analysis_outputs/dense_grid_claim1_2026_08_23/krr/krr_learning_curves_dense_m1024.csv
MPNN,dense-grid-TOP,TOP,1024,512,rho_0.0001,0.0001,common,0.19225030287859884,0.1991186238301448,20,upstream-analysis/analysis_outputs/dense_grid_claim1_2026_08_23/krr/krr_learning_curves_dense_m1024.csv
MPNN,dense-grid-TOP,TOP,1024,512,rho_0.01,0.01,common,0.19340922618115491,0.20023647695903218,20,upstream-analysis/analysis_outputs/dense_grid_claim1_2026_08_23/krr/krr_learning_curves_dense_m1024.csv
MPNN,dense-grid-TOP,TOP,1024,512,rho_0.1,0.1,common,0.20254987439445096,0.20992027072259561,20,upstream-analysis/analysis_outputs/dense_grid_claim1_2026_08_23/krr/krr_learning_curves_dense_m1024.csv
MPNN,dense-grid-TOP,TOP,1024,512,rho_1e-06,1e-06,common,0.19223835617836205,0.19910747037355653,20,upstream-analysis/analysis_outputs/dense_grid_claim1_2026_08_23/krr/krr_learning_curves_dense_m1024.csv
MPNN,dense-grid-TOP,TOP,1024,512,rho_1e-08,1e-08,common,0.19223823667266182,0.19910735884827577,20,upstream-analysis/analysis_outputs/dense_grid_claim1_2026_08_23/krr/krr_learning_curves_dense_m1024.csv
MPNN,dense-grid-TOP,TOP,1024,512,ridgeless,0.0,common,0.19223823546552973,0.19910735772175875,20,upstream-analysis/analysis_outputs/dense_grid_claim1_2026_08_23/krr/krr_learning_curves_dense_m1024.csv
MC-EGNN,dense-grid-CROSS,CROSS,1024,32,SELECTED,,common,0.5284157332909349,0.48910543819892194,20,upstream-analysis/analysis_outputs/dense_grid_claim1_2026_08_23/krr/krr_learning_curves_dense_m1024.csv
MC-EGNN,dense-grid-CROSS,CROSS,1024,64,SELECTED,,common,0.2671075710290615,0.29255433251216256,20,upstream-analysis/analysis_outputs/dense_grid_claim1_2026_08_23/krr/krr_learning_curves_dense_m1024.csv
MC-EGNN,dense-grid-CROSS,CROSS,1024,128,SELECTED,,common,0.12823938505269306,0.15848562022666426,20,upstream-analysis/analysis_outputs/dense_grid_claim1_2026_08_23/krr/krr_learning_curves_dense_m1024.csv
MC-EGNN,dense-grid-CROSS,CROSS,1024,256,SELECTED,,common,0.06019065364995102,0.07026186994539038,20,upstream-analysis/analysis_outputs/dense_grid_claim1_2026_08_23/krr/krr_learning_curves_dense_m1024.csv
MC-EGNN,dense-grid-CROSS,CROSS,1024,512,SELECTED,,common,0.03696585676009105,0.040886862341404456,20,upstream-analysis/analysis_outputs/dense_grid_claim1_2026_08_23/krr/krr_learning_curves_dense_m1024.csv
eSEN,dense-grid-CROSS,CROSS,1024,32,SELECTED,,common,0.1838403618525416,0.17822037148527542,20,upstream-analysis/analysis_outputs/dense_grid_claim1_2026_08_23/krr/krr_learning_curves_dense_m1024.csv
eSEN,dense-grid-CROSS,CROSS,1024,64,SELECTED,,common,0.06993485551557735,0.07966909457626895,20,upstream-analysis/analysis_outputs/dense_grid_claim1_2026_08_23/krr/krr_learning_curves_dense_m1024.csv
eSEN,dense-grid-CROSS,CROSS,1024,128,SELECTED,,common,0.03239582977953466,0.03785979629539553,20,upstream-analysis/analysis_outputs/dense_grid_claim1_2026_08_23/krr/krr_learning_curves_dense_m1024.csv
eSEN,dense-grid-CROSS,CROSS,1024,256,SELECTED,,common,0.013850716407385843,0.018969099017195727,20,upstream-analysis/analysis_outputs/dense_grid_claim1_2026_08_23/krr/krr_learning_curves_dense_m1024.csv
eSEN,dense-grid-CROSS,CROSS,1024,512,SELECTED,,common,0.006900705899784377,0.008455221492248682,20,upstream-analysis/analysis_outputs/dense_grid_claim1_2026_08_23/krr/krr_learning_curves_dense_m1024.csv
GemNet-OC,dense-grid-CROSS,CROSS,1024,32,SELECTED,,common,0.054989683404336895,0.05887939548382187,20,upstream-analysis/analysis_outputs/dense_grid_claim1_2026_08_23/krr/krr_learning_curves_dense_m1024.csv
GemNet-OC,dense-grid-CROSS,CROSS,1024,64,SELECTED,,common,0.012965462020258119,0.017929187849508792,20,upstream-analysis/analysis_outputs/dense_grid_claim1_2026_08_23/krr/krr_learning_curves_dense_m1024.csv
GemNet-OC,dense-grid-CROSS,CROSS,1024,128,SELECTED,,common,0.007301063843286569,0.00818073476736857,20,upstream-analysis/analysis_outputs/dense_grid_claim1_2026_08_23/krr/krr_learning_curves_dense_m1024.csv
GemNet-OC,dense-grid-CROSS,CROSS,1024,256,SELECTED,,common,0.005575132274131469,0.00575086203840238,20,upstream-analysis/analysis_outputs/dense_grid_claim1_2026_08_23/krr/krr_learning_curves_dense_m1024.csv
GemNet-OC,dense-grid-CROSS,CROSS,1024,512,SELECTED,,common,0.004512892020613751,0.004534354992168055,20,upstream-analysis/analysis_outputs/dense_grid_claim1_2026_08_23/krr/krr_learning_curves_dense_m1024.csv
MPNN,dense-grid-CROSS,CROSS,1024,32,SELECTED,,common,0.9004259998710753,0.8767279073975613,20,upstream-analysis/analysis_outputs/dense_grid_claim1_2026_08_23/krr/krr_learning_curves_dense_m1024.csv
MPNN,dense-grid-CROSS,CROSS,1024,64,SELECTED,,common,0.7289465016960526,0.7049893193242531,20,upstream-analysis/analysis_outputs/dense_grid_claim1_2026_08_23/krr/krr_learning_curves_dense_m1024.csv
MPNN,dense-grid-CROSS,CROSS,1024,128,SELECTED,,common,0.4749876178106074,0.4745345966674968,20,upstream-analysis/analysis_outputs/dense_grid_claim1_2026_08_23/krr/krr_learning_curves_dense_m1024.csv
MPNN,dense-grid-CROSS,CROSS,1024,256,SELECTED,,common,0.29039803319347735,0.3022198744788678,20,upstream-analysis/analysis_outputs/dense_grid_claim1_2026_08_23/krr/krr_learning_curves_dense_m1024.csv
MPNN,dense-grid-CROSS,CROSS,1024,512,SELECTED,,common,0.21268505355924247,0.2299394509289606,20,upstream-analysis/analysis_outputs/dense_grid_claim1_2026_08_23/krr/krr_learning_curves_dense_m1024.csv
MC-EGNN,dense-grid-FITX,FITX,1024,32,SELECTED,,common,0.5180233403830721,0.47792124738587144,20,upstream-analysis/analysis_outputs/dense_grid_claim1_2026_08_23/krr/krr_learning_curves_dense_m1024.csv
MC-EGNN,dense-grid-FITX,FITX,1024,64,SELECTED,,common,0.27334487120185946,0.28821745899698403,20,upstream-analysis/analysis_outputs/dense_grid_claim1_2026_08_23/krr/krr_learning_curves_dense_m1024.csv
MC-EGNN,dense-grid-FITX,FITX,1024,128,SELECTED,,common,0.140205223149816,0.1611090092066836,20,upstream-analysis/analysis_outputs/dense_grid_claim1_2026_08_23/krr/krr_learning_curves_dense_m1024.csv
MC-EGNN,dense-grid-FITX,FITX,1024,256,SELECTED,,common,0.06564520052916667,0.07342776448068103,20,upstream-analysis/analysis_outputs/dense_grid_claim1_2026_08_23/krr/krr_learning_curves_dense_m1024.csv
MC-EGNN,dense-grid-FITX,FITX,1024,512,SELECTED,,common,0.03751419838545487,0.04052784054391724,20,upstream-analysis/analysis_outputs/dense_grid_claim1_2026_08_23/krr/krr_learning_curves_dense_m1024.csv
eSEN,dense-grid-FITX,FITX,1024,32,SELECTED,,common,0.1661827526616716,0.16322032228511046,20,upstream-analysis/analysis_outputs/dense_grid_claim1_2026_08_23/krr/krr_learning_curves_dense_m1024.csv
eSEN,dense-grid-FITX,FITX,1024,64,SELECTED,,common,0.06421066328265651,0.0735842554743956,20,upstream-analysis/analysis_outputs/dense_grid_claim1_2026_08_23/krr/krr_learning_curves_dense_m1024.csv
eSEN,dense-grid-FITX,FITX,1024,128,SELECTED,,common,0.028033890335618886,0.035138192973572104,20,upstream-analysis/analysis_outputs/dense_grid_claim1_2026_08_23/krr/krr_learning_curves_dense_m1024.csv
eSEN,dense-grid-FITX,FITX,1024,256,SELECTED,,common,0.012471332816549843,0.017579358867987154,20,upstream-analysis/analysis_outputs/dense_grid_claim1_2026_08_23/krr/krr_learning_curves_dense_m1024.csv
eSEN,dense-grid-FITX,FITX,1024,512,SELECTED,,common,0.0053740469943015946,0.0076791851079372015,20,upstream-analysis/analysis_outputs/dense_grid_claim1_2026_08_23/krr/krr_learning_curves_dense_m1024.csv
GemNet-OC,dense-grid-FITX,FITX,1024,32,SELECTED,,common,0.0627296482843302,0.0674227473841268,20,upstream-analysis/analysis_outputs/dense_grid_claim1_2026_08_23/krr/krr_learning_curves_dense_m1024.csv
GemNet-OC,dense-grid-FITX,FITX,1024,64,SELECTED,,common,0.014937985667878158,0.02177748259694825,20,upstream-analysis/analysis_outputs/dense_grid_claim1_2026_08_23/krr/krr_learning_curves_dense_m1024.csv
GemNet-OC,dense-grid-FITX,FITX,1024,128,SELECTED,,common,0.008448265312652307,0.009813749778317756,20,upstream-analysis/analysis_outputs/dense_grid_claim1_2026_08_23/krr/krr_learning_curves_dense_m1024.csv
GemNet-OC,dense-grid-FITX,FITX,1024,256,SELECTED,,common,0.006027840271856773,0.006341886498431079,20,upstream-analysis/analysis_outputs/dense_grid_claim1_2026_08_23/krr/krr_learning_curves_dense_m1024.csv
GemNet-OC,dense-grid-FITX,FITX,1024,512,SELECTED,,common,0.004938409350876432,0.004755266097551298,20,upstream-analysis/analysis_outputs/dense_grid_claim1_2026_08_23/krr/krr_learning_curves_dense_m1024.csv
MPNN,dense-grid-FITX,FITX,1024,32,SELECTED,,common,0.8756401603889765,0.8417246309832755,20,upstream-analysis/analysis_outputs/dense_grid_claim1_2026_08_23/krr/krr_learning_curves_dense_m1024.csv
MPNN,dense-grid-FITX,FITX,1024,64,SELECTED,,common,0.7016110735148331,0.6608745493186505,20,upstream-analysis/analysis_outputs/dense_grid_claim1_2026_08_23/krr/krr_learning_curves_dense_m1024.csv
MPNN,dense-grid-FITX,FITX,1024,128,SELECTED,,common,0.4237764775466273,0.43929912520915815,20,upstream-analysis/analysis_outputs/dense_grid_claim1_2026_08_23/krr/krr_learning_curves_dense_m1024.csv
MPNN,dense-grid-FITX,FITX,1024,256,SELECTED,,common,0.2579094054087372,0.2759821416348728,20,upstream-analysis/analysis_outputs/dense_grid_claim1_2026_08_23/krr/krr_learning_curves_dense_m1024.csv
MPNN,dense-grid-FITX,FITX,1024,512,SELECTED,,common,0.19851893894101136,0.2071620882815234,20,upstream-analysis/analysis_outputs/dense_grid_claim1_2026_08_23/krr/krr_learning_curves_dense_m1024.csv
MC-EGNN,dense-grid-POSTCROSS,POSTCROSS,1024,32,SELECTED,,common,0.5180233403830721,0.47792124738587144,20,upstream-analysis/analysis_outputs/dense_grid_claim1_2026_08_23/krr/krr_learning_curves_dense_m1024.csv
MC-EGNN,dense-grid-POSTCROSS,POSTCROSS,1024,64,SELECTED,,common,0.27334487120185946,0.28821745899698403,20,upstream-analysis/analysis_outputs/dense_grid_claim1_2026_08_23/krr/krr_learning_curves_dense_m1024.csv
MC-EGNN,dense-grid-POSTCROSS,POSTCROSS,1024,128,SELECTED,,common,0.140205223149816,0.1611090092066836,20,upstream-analysis/analysis_outputs/dense_grid_claim1_2026_08_23/krr/krr_learning_curves_dense_m1024.csv
MC-EGNN,dense-grid-POSTCROSS,POSTCROSS,1024,256,SELECTED,,common,0.06564520052916667,0.07342776448068103,20,upstream-analysis/analysis_outputs/dense_grid_claim1_2026_08_23/krr/krr_learning_curves_dense_m1024.csv
MC-EGNN,dense-grid-POSTCROSS,POSTCROSS,1024,512,SELECTED,,common,0.03751419838545487,0.04052784054391724,20,upstream-analysis/analysis_outputs/dense_grid_claim1_2026_08_23/krr/krr_learning_curves_dense_m1024.csv
eSEN,dense-grid-POSTCROSS,POSTCROSS,1024,32,SELECTED,,common,0.3632273779306806,0.338854746013706,20,upstream-analysis/analysis_outputs/dense_grid_claim1_2026_08_23/krr/krr_learning_curves_dense_m1024.csv
eSEN,dense-grid-POSTCROSS,POSTCROSS,1024,64,SELECTED,,common,0.1517387075005155,0.17182976890897786,20,upstream-analysis/analysis_outputs/dense_grid_claim1_2026_08_23/krr/krr_learning_curves_dense_m1024.csv
eSEN,dense-grid-POSTCROSS,POSTCROSS,1024,128,SELECTED,,common,0.07117837504959232,0.08651590829262712,20,upstream-analysis/analysis_outputs/dense_grid_claim1_2026_08_23/krr/krr_learning_curves_dense_m1024.csv
eSEN,dense-grid-POSTCROSS,POSTCROSS,1024,256,SELECTED,,common,0.020973310175100422,0.03715503372432839,20,upstream-analysis/analysis_outputs/dense_grid_claim1_2026_08_23/krr/krr_learning_curves_dense_m1024.csv
eSEN,dense-grid-POSTCROSS,POSTCROSS,1024,512,SELECTED,,common,0.007533506922798588,0.01086001635781985,20,upstream-analysis/analysis_outputs/dense_grid_claim1_2026_08_23/krr/krr_learning_curves_dense_m1024.csv
GemNet-OC,dense-grid-POSTCROSS,POSTCROSS,1024,32,SELECTED,,common,0.06997715690032472,0.07755549893252735,20,upstream-analysis/analysis_outputs/dense_grid_claim1_2026_08_23/krr/krr_learning_curves_dense_m1024.csv
GemNet-OC,dense-grid-POSTCROSS,POSTCROSS,1024,64,SELECTED,,common,0.015804073155616265,0.02236511731696924,20,upstream-analysis/analysis_outputs/dense_grid_claim1_2026_08_23/krr/krr_learning_curves_dense_m1024.csv
GemNet-OC,dense-grid-POSTCROSS,POSTCROSS,1024,128,SELECTED,,common,0.008213464235970348,0.00923107719671257,20,upstream-analysis/analysis_outputs/dense_grid_claim1_2026_08_23/krr/krr_learning_curves_dense_m1024.csv
GemNet-OC,dense-grid-POSTCROSS,POSTCROSS,1024,256,SELECTED,,common,0.004853594747513968,0.005540486190704799,20,upstream-analysis/analysis_outputs/dense_grid_claim1_2026_08_23/krr/krr_learning_curves_dense_m1024.csv
GemNet-OC,dense-grid-POSTCROSS,POSTCROSS,1024,512,SELECTED,,common,0.003800524637933961,0.003923151000871322,20,upstream-analysis/analysis_outputs/dense_grid_claim1_2026_08_23/krr/krr_learning_curves_dense_m1024.csv
MPNN,dense-grid-POSTCROSS,POSTCROSS,1024,32,SELECTED,,common,0.8771915327097815,0.8495718017715219,20,upstream-analysis/analysis_outputs/dense_grid_claim1_2026_08_23/krr/krr_learning_curves_dense_m1024.csv
MPNN,dense-grid-POSTCROSS,POSTCROSS,1024,64,SELECTED,,common,0.6984797106425435,0.6688052164914575,20,upstream-analysis/analysis_outputs/dense_grid_claim1_2026_08_23/krr/krr_learning_curves_dense_m1024.csv
MPNN,dense-grid-POSTCROSS,POSTCROSS,1024,128,SELECTED,,common,0.43757304378350026,0.45420560463708604,20,upstream-analysis/analysis_outputs/dense_grid_claim1_2026_08_23/krr/krr_learning_curves_dense_m1024.csv
MPNN,dense-grid-POSTCROSS,POSTCROSS,1024,256,SELECTED,,common,0.2731855279070463,0.28573065837490086,20,upstream-analysis/analysis_outputs/dense_grid_claim1_2026_08_23/krr/krr_learning_curves_dense_m1024.csv
MPNN,dense-grid-POSTCROSS,POSTCROSS,1024,512,SELECTED,,common,0.1947696647742879,0.20617981642500743,20,upstream-analysis/analysis_outputs/dense_grid_claim1_2026_08_23/krr/krr_learning_curves_dense_m1024.csv
MC-EGNN,dense-grid-PRECROSS,PRECROSS,1024,32,SELECTED,,common,0.5284157332909349,0.48910543819892194,20,upstream-analysis/analysis_outputs/dense_grid_claim1_2026_08_23/krr/krr_learning_curves_dense_m1024.csv
MC-EGNN,dense-grid-PRECROSS,PRECROSS,1024,64,SELECTED,,common,0.2671075710290615,0.29255433251216256,20,upstream-analysis/analysis_outputs/dense_grid_claim1_2026_08_23/krr/krr_learning_curves_dense_m1024.csv
MC-EGNN,dense-grid-PRECROSS,PRECROSS,1024,128,SELECTED,,common,0.12823938505269306,0.15848562022666426,20,upstream-analysis/analysis_outputs/dense_grid_claim1_2026_08_23/krr/krr_learning_curves_dense_m1024.csv
MC-EGNN,dense-grid-PRECROSS,PRECROSS,1024,256,SELECTED,,common,0.06019065364995102,0.07026186994539038,20,upstream-analysis/analysis_outputs/dense_grid_claim1_2026_08_23/krr/krr_learning_curves_dense_m1024.csv
MC-EGNN,dense-grid-PRECROSS,PRECROSS,1024,512,SELECTED,,common,0.03696585676009105,0.040886862341404456,20,upstream-analysis/analysis_outputs/dense_grid_claim1_2026_08_23/krr/krr_learning_curves_dense_m1024.csv
eSEN,dense-grid-PRECROSS,PRECROSS,1024,32,SELECTED,,common,0.11626766351260459,0.12130334905043709,20,upstream-analysis/analysis_outputs/dense_grid_claim1_2026_08_23/krr/krr_learning_curves_dense_m1024.csv
eSEN,dense-grid-PRECROSS,PRECROSS,1024,64,SELECTED,,common,0.034041853530061505,0.05139711310864736,20,upstream-analysis/analysis_outputs/dense_grid_claim1_2026_08_23/krr/krr_learning_curves_dense_m1024.csv
eSEN,dense-grid-PRECROSS,PRECROSS,1024,128,SELECTED,,common,0.01825961523704332,0.026111041011974184,20,upstream-analysis/analysis_outputs/dense_grid_claim1_2026_08_23/krr/krr_learning_curves_dense_m1024.csv
eSEN,dense-grid-PRECROSS,PRECROSS,1024,256,SELECTED,,common,0.01016663301193221,0.012883713825981394,20,upstream-analysis/analysis_outputs/dense_grid_claim1_2026_08_23/krr/krr_learning_curves_dense_m1024.csv
eSEN,dense-grid-PRECROSS,PRECROSS,1024,512,SELECTED,,common,0.006479845808436006,0.007870218778101555,20,upstream-analysis/analysis_outputs/dense_grid_claim1_2026_08_23/krr/krr_learning_curves_dense_m1024.csv
GemNet-OC,dense-grid-PRECROSS,PRECROSS,1024,32,SELECTED,,common,0.054989683404336895,0.05887939548382187,20,upstream-analysis/analysis_outputs/dense_grid_claim1_2026_08_23/krr/krr_learning_curves_dense_m1024.csv
GemNet-OC,dense-grid-PRECROSS,PRECROSS,1024,64,SELECTED,,common,0.012965462020258119,0.017929187849508792,20,upstream-analysis/analysis_outputs/dense_grid_claim1_2026_08_23/krr/krr_learning_curves_dense_m1024.csv
GemNet-OC,dense-grid-PRECROSS,PRECROSS,1024,128,SELECTED,,common,0.007301063843286569,0.00818073476736857,20,upstream-analysis/analysis_outputs/dense_grid_claim1_2026_08_23/krr/krr_learning_curves_dense_m1024.csv
GemNet-OC,dense-grid-PRECROSS,PRECROSS,1024,256,SELECTED,,common,0.005575132274131469,0.00575086203840238,20,upstream-analysis/analysis_outputs/dense_grid_claim1_2026_08_23/krr/krr_learning_curves_dense_m1024.csv
GemNet-OC,dense-grid-PRECROSS,PRECROSS,1024,512,SELECTED,,common,0.004512892020613751,0.004534354992168055,20,upstream-analysis/analysis_outputs/dense_grid_claim1_2026_08_23/krr/krr_learning_curves_dense_m1024.csv
MPNN,dense-grid-PRECROSS,PRECROSS,1024,32,SELECTED,,common,0.8816456443310311,0.8492334772215224,20,upstream-analysis/analysis_outputs/dense_grid_claim1_2026_08_23/krr/krr_learning_curves_dense_m1024.csv
MPNN,dense-grid-PRECROSS,PRECROSS,1024,64,SELECTED,,common,0.6934640743573454,0.6660591777802665,20,upstream-analysis/analysis_outputs/dense_grid_claim1_2026_08_23/krr/krr_learning_curves_dense_m1024.csv
MPNN,dense-grid-PRECROSS,PRECROSS,1024,128,SELECTED,,common,0.43819964074738676,0.4464214832834192,20,upstream-analysis/analysis_outputs/dense_grid_claim1_2026_08_23/krr/krr_learning_curves_dense_m1024.csv
MPNN,dense-grid-PRECROSS,PRECROSS,1024,256,SELECTED,,common,0.2826067616035673,0.30126277069183205,20,upstream-analysis/analysis_outputs/dense_grid_claim1_2026_08_23/krr/krr_learning_curves_dense_m1024.csv
MPNN,dense-grid-PRECROSS,PRECROSS,1024,512,SELECTED,,common,0.23166726318015035,0.24313650030235254,20,upstream-analysis/analysis_outputs/dense_grid_claim1_2026_08_23/krr/krr_learning_curves_dense_m1024.csv
MC-EGNN,dense-grid-TOP,TOP,1024,32,SELECTED,,common,0.5757518722957706,0.5415109037894836,20,upstream-analysis/analysis_outputs/dense_grid_claim1_2026_08_23/krr/krr_learning_curves_dense_m1024.csv
MC-EGNN,dense-grid-TOP,TOP,1024,64,SELECTED,,common,0.33935720343781417,0.3439455884848029,20,upstream-analysis/analysis_outputs/dense_grid_claim1_2026_08_23/krr/krr_learning_curves_dense_m1024.csv
MC-EGNN,dense-grid-TOP,TOP,1024,128,SELECTED,,common,0.1660496455170105,0.2056539878709883,20,upstream-analysis/analysis_outputs/dense_grid_claim1_2026_08_23/krr/krr_learning_curves_dense_m1024.csv
MC-EGNN,dense-grid-TOP,TOP,1024,256,SELECTED,,common,0.08826444921063659,0.10414535862469651,20,upstream-analysis/analysis_outputs/dense_grid_claim1_2026_08_23/krr/krr_learning_curves_dense_m1024.csv
MC-EGNN,dense-grid-TOP,TOP,1024,512,SELECTED,,common,0.03930255496311572,0.04625672211712763,20,upstream-analysis/analysis_outputs/dense_grid_claim1_2026_08_23/krr/krr_learning_curves_dense_m1024.csv
eSEN,dense-grid-TOP,TOP,1024,32,SELECTED,,common,0.2541170331002765,0.270385018067007,20,upstream-analysis/analysis_outputs/dense_grid_claim1_2026_08_23/krr/krr_learning_curves_dense_m1024.csv
eSEN,dense-grid-TOP,TOP,1024,64,SELECTED,,common,0.15734848043341138,0.14901718885762102,20,upstream-analysis/analysis_outputs/dense_grid_claim1_2026_08_23/krr/krr_learning_curves_dense_m1024.csv
eSEN,dense-grid-TOP,TOP,1024,128,SELECTED,,common,0.06925528017808541,0.08094632607076135,20,upstream-analysis/analysis_outputs/dense_grid_claim1_2026_08_23/krr/krr_learning_curves_dense_m1024.csv
eSEN,dense-grid-TOP,TOP,1024,256,SELECTED,,common,0.030502827227973733,0.03999499709838327,20,upstream-analysis/analysis_outputs/dense_grid_claim1_2026_08_23/krr/krr_learning_curves_dense_m1024.csv
eSEN,dense-grid-TOP,TOP,1024,512,SELECTED,,common,0.009863289238205484,0.011088916858276341,20,upstream-analysis/analysis_outputs/dense_grid_claim1_2026_08_23/krr/krr_learning_curves_dense_m1024.csv
GemNet-OC,dense-grid-TOP,TOP,1024,32,SELECTED,,common,0.1686774621242894,0.16238252916742452,20,upstream-analysis/analysis_outputs/dense_grid_claim1_2026_08_23/krr/krr_learning_curves_dense_m1024.csv
GemNet-OC,dense-grid-TOP,TOP,1024,64,SELECTED,,common,0.049333942132880115,0.06395403372880926,20,upstream-analysis/analysis_outputs/dense_grid_claim1_2026_08_23/krr/krr_learning_curves_dense_m1024.csv
GemNet-OC,dense-grid-TOP,TOP,1024,128,SELECTED,,common,0.023193536969614962,0.027271360740318884,20,upstream-analysis/analysis_outputs/dense_grid_claim1_2026_08_23/krr/krr_learning_curves_dense_m1024.csv
GemNet-OC,dense-grid-TOP,TOP,1024,256,SELECTED,,common,0.006749558315577918,0.01235830762575801,20,upstream-analysis/analysis_outputs/dense_grid_claim1_2026_08_23/krr/krr_learning_curves_dense_m1024.csv
GemNet-OC,dense-grid-TOP,TOP,1024,512,SELECTED,,common,0.004147668437500491,0.004152886194193501,20,upstream-analysis/analysis_outputs/dense_grid_claim1_2026_08_23/krr/krr_learning_curves_dense_m1024.csv
MPNN,dense-grid-TOP,TOP,1024,32,SELECTED,,common,0.8925645928493258,0.8596214652690863,20,upstream-analysis/analysis_outputs/dense_grid_claim1_2026_08_23/krr/krr_learning_curves_dense_m1024.csv
MPNN,dense-grid-TOP,TOP,1024,64,SELECTED,,common,0.7416788474745437,0.6869778897508233,20,upstream-analysis/analysis_outputs/dense_grid_claim1_2026_08_23/krr/krr_learning_curves_dense_m1024.csv
MPNN,dense-grid-TOP,TOP,1024,128,SELECTED,,common,0.46204271671419983,0.47752815745351473,20,upstream-analysis/analysis_outputs/dense_grid_claim1_2026_08_23/krr/krr_learning_curves_dense_m1024.csv
MPNN,dense-grid-TOP,TOP,1024,256,SELECTED,,common,0.28236796943148,0.2932163927594853,20,upstream-analysis/analysis_outputs/dense_grid_claim1_2026_08_23/krr/krr_learning_curves_dense_m1024.csv
MPNN,dense-grid-TOP,TOP,1024,512,SELECTED,,common,0.19223823546552973,0.1991291429057651,20,upstream-analysis/analysis_outputs/dense_grid_claim1_2026_08_23/krr/krr_learning_curves_dense_m1024.csv
