architecture,checkpoint_state,budget_tier,m,n_train,ridge_setting,ridge_value,target,test_nmse_median,test_nmse_mean,split_count,source_file
GemNet-OC,K0,,256,8,rho_1e-4,0.0001,raw_force,1.126305553777553,1.4787429227288076,20,dev-equivariant-scaling-laws-kernel-pilot-clean/analysis_outputs/four_arch_initial_force_kernel_pilot_2026_08_14/krr_learning_curves.csv
GemNet-OC,K0,,256,8,rho_1e-6,1e-06,raw_force,1.126616281005124,1.4805100070632222,20,dev-equivariant-scaling-laws-kernel-pilot-clean/analysis_outputs/four_arch_initial_force_kernel_pilot_2026_08_14/krr_learning_curves.csv
GemNet-OC,K0,,256,8,rho_1e-8,1e-08,raw_force,1.1266198720486558,1.4804835748818048,20,dev-equivariant-scaling-laws-kernel-pilot-clean/analysis_outputs/four_arch_initial_force_kernel_pilot_2026_08_14/krr_learning_curves.csv
GemNet-OC,K0,,256,8,ridgeless,0.0,raw_force,1.1266199083829145,1.4804828212160874,20,dev-equivariant-scaling-laws-kernel-pilot-clean/analysis_outputs/four_arch_initial_force_kernel_pilot_2026_08_14/krr_learning_curves.csv
GemNet-OC,K0,,256,16,rho_1e-4,0.0001,raw_force,1.4552663811120632,1.658936594064419,20,dev-equivariant-scaling-laws-kernel-pilot-clean/analysis_outputs/four_arch_initial_force_kernel_pilot_2026_08_14/krr_learning_curves.csv
GemNet-OC,K0,,256,16,rho_1e-6,1e-06,raw_force,1.4623777151680384,1.6652420513072492,20,dev-equivariant-scaling-laws-kernel-pilot-clean/analysis_outputs/four_arch_initial_force_kernel_pilot_2026_08_14/krr_learning_curves.csv
GemNet-OC,K0,,256,16,rho_1e-8,1e-08,raw_force,1.4620178103348018,1.6649930838586335,20,dev-equivariant-scaling-laws-kernel-pilot-clean/analysis_outputs/four_arch_initial_force_kernel_pilot_2026_08_14/krr_learning_curves.csv
GemNet-OC,K0,,256,16,ridgeless,0.0,raw_force,1.4620141698850402,1.6649862405364313,20,dev-equivariant-scaling-laws-kernel-pilot-clean/analysis_outputs/four_arch_initial_force_kernel_pilot_2026_08_14/krr_learning_curves.csv
GemNet-OC,K0,,256,32,rho_1e-4,0.0001,raw_force,2.077220565106918,2.0274276280851597,20,dev-equivariant-scaling-laws-kernel-pilot-clean/analysis_outputs/four_arch_initial_force_kernel_pilot_2026_08_14/krr_learning_curves.csv
GemNet-OC,K0,,256,32,rho_1e-6,1e-06,raw_force,2.1288191685161584,2.069273496183167,20,dev-equivariant-scaling-laws-kernel-pilot-clean/analysis_outputs/four_arch_initial_force_kernel_pilot_2026_08_14/krr_learning_curves.csv
GemNet-OC,K0,,256,32,rho_1e-8,1e-08,raw_force,2.1293647008911774,2.069528547194108,20,dev-equivariant-scaling-laws-kernel-pilot-clean/analysis_outputs/four_arch_initial_force_kernel_pilot_2026_08_14/krr_learning_curves.csv
GemNet-OC,K0,,256,32,ridgeless,0.0,raw_force,2.129370214169895,2.069552859577697,20,dev-equivariant-scaling-laws-kernel-pilot-clean/analysis_outputs/four_arch_initial_force_kernel_pilot_2026_08_14/krr_learning_curves.csv
GemNet-OC,K0,,256,64,rho_1e-4,0.0001,raw_force,1.88162009071772,2.235131570763202,20,dev-equivariant-scaling-laws-kernel-pilot-clean/analysis_outputs/four_arch_initial_force_kernel_pilot_2026_08_14/krr_learning_curves.csv
GemNet-OC,K0,,256,64,rho_1e-6,1e-06,raw_force,1.9574760831492917,2.3290162426684353,20,dev-equivariant-scaling-laws-kernel-pilot-clean/analysis_outputs/four_arch_initial_force_kernel_pilot_2026_08_14/krr_learning_curves.csv
GemNet-OC,K0,,256,64,rho_1e-8,1e-08,raw_force,1.964420434666921,2.3313930508895995,20,dev-equivariant-scaling-laws-kernel-pilot-clean/analysis_outputs/four_arch_initial_force_kernel_pilot_2026_08_14/krr_learning_curves.csv
GemNet-OC,K0,,256,64,ridgeless,0.0,raw_force,1.9646777829052855,2.3314831264245783,20,dev-equivariant-scaling-laws-kernel-pilot-clean/analysis_outputs/four_arch_initial_force_kernel_pilot_2026_08_14/krr_learning_curves.csv
GemNet-OC,K0,,256,96,rho_1e-4,0.0001,raw_force,1.7798911618976583,2.1875238465693836,20,dev-equivariant-scaling-laws-kernel-pilot-clean/analysis_outputs/four_arch_initial_force_kernel_pilot_2026_08_14/krr_learning_curves.csv
GemNet-OC,K0,,256,96,rho_1e-6,1e-06,raw_force,1.8548253497528475,2.2690148985849508,20,dev-equivariant-scaling-laws-kernel-pilot-clean/analysis_outputs/four_arch_initial_force_kernel_pilot_2026_08_14/krr_learning_curves.csv
GemNet-OC,K0,,256,96,rho_1e-8,1e-08,raw_force,1.856580853112952,2.262733266495641,20,dev-equivariant-scaling-laws-kernel-pilot-clean/analysis_outputs/four_arch_initial_force_kernel_pilot_2026_08_14/krr_learning_curves.csv
GemNet-OC,K0,,256,96,ridgeless,0.0,raw_force,1.8565794880354303,2.2628029140508743,20,dev-equivariant-scaling-laws-kernel-pilot-clean/analysis_outputs/four_arch_initial_force_kernel_pilot_2026_08_14/krr_learning_curves.csv
GemNet-OC,K0,,256,128,rho_1e-4,0.0001,raw_force,1.4750798146086697,1.8745348238638602,20,dev-equivariant-scaling-laws-kernel-pilot-clean/analysis_outputs/four_arch_initial_force_kernel_pilot_2026_08_14/krr_learning_curves.csv
GemNet-OC,K0,,256,128,rho_1e-6,1e-06,raw_force,1.5336420313540837,1.9573959343905478,20,dev-equivariant-scaling-laws-kernel-pilot-clean/analysis_outputs/four_arch_initial_force_kernel_pilot_2026_08_14/krr_learning_curves.csv
GemNet-OC,K0,,256,128,rho_1e-8,1e-08,raw_force,1.5363052616544584,1.9497340298893118,20,dev-equivariant-scaling-laws-kernel-pilot-clean/analysis_outputs/four_arch_initial_force_kernel_pilot_2026_08_14/krr_learning_curves.csv
GemNet-OC,K0,,256,128,ridgeless,0.0,raw_force,1.536562450306673,1.9496036671305714,20,dev-equivariant-scaling-laws-kernel-pilot-clean/analysis_outputs/four_arch_initial_force_kernel_pilot_2026_08_14/krr_learning_curves.csv
GemNet-OC,K0,,256,8,rho_1e-4,0.0001,raw_force,1.15372293115017,1.6169696697460938,20,dev-equivariant-scaling-laws-kernel-pilot-clean/analysis_outputs/four_arch_initial_force_kernel_pilot_2026_08_14/krr_learning_curves.csv
GemNet-OC,K0,,256,8,rho_1e-6,1e-06,raw_force,1.1540606030186267,1.6193524522289071,20,dev-equivariant-scaling-laws-kernel-pilot-clean/analysis_outputs/four_arch_initial_force_kernel_pilot_2026_08_14/krr_learning_curves.csv
GemNet-OC,K0,,256,8,rho_1e-8,1e-08,raw_force,1.1544540776753385,1.6194202780116354,20,dev-equivariant-scaling-laws-kernel-pilot-clean/analysis_outputs/four_arch_initial_force_kernel_pilot_2026_08_14/krr_learning_curves.csv
GemNet-OC,K0,,256,8,ridgeless,0.0,raw_force,1.1544678851216919,1.6194219443385094,20,dev-equivariant-scaling-laws-kernel-pilot-clean/analysis_outputs/four_arch_initial_force_kernel_pilot_2026_08_14/krr_learning_curves.csv
GemNet-OC,K0,,256,16,rho_1e-4,0.0001,raw_force,1.5074975753228803,1.7748330408420556,20,dev-equivariant-scaling-laws-kernel-pilot-clean/analysis_outputs/four_arch_initial_force_kernel_pilot_2026_08_14/krr_learning_curves.csv
GemNet-OC,K0,,256,16,rho_1e-6,1e-06,raw_force,1.501459839084489,1.7855011948335053,20,dev-equivariant-scaling-laws-kernel-pilot-clean/analysis_outputs/four_arch_initial_force_kernel_pilot_2026_08_14/krr_learning_curves.csv
GemNet-OC,K0,,256,16,rho_1e-8,1e-08,raw_force,1.4997739907230665,1.7855197372611609,20,dev-equivariant-scaling-laws-kernel-pilot-clean/analysis_outputs/four_arch_initial_force_kernel_pilot_2026_08_14/krr_learning_curves.csv
GemNet-OC,K0,,256,16,ridgeless,0.0,raw_force,1.4997294292531338,1.7855189643111227,20,dev-equivariant-scaling-laws-kernel-pilot-clean/analysis_outputs/four_arch_initial_force_kernel_pilot_2026_08_14/krr_learning_curves.csv
GemNet-OC,K0,,256,32,rho_1e-4,0.0001,raw_force,1.9824854072112772,1.9362998058243206,20,dev-equivariant-scaling-laws-kernel-pilot-clean/analysis_outputs/four_arch_initial_force_kernel_pilot_2026_08_14/krr_learning_curves.csv
GemNet-OC,K0,,256,32,rho_1e-6,1e-06,raw_force,2.0239410720281383,1.9825710783216137,20,dev-equivariant-scaling-laws-kernel-pilot-clean/analysis_outputs/four_arch_initial_force_kernel_pilot_2026_08_14/krr_learning_curves.csv
GemNet-OC,K0,,256,32,rho_1e-8,1e-08,raw_force,2.0244062760029116,1.9830171081061068,20,dev-equivariant-scaling-laws-kernel-pilot-clean/analysis_outputs/four_arch_initial_force_kernel_pilot_2026_08_14/krr_learning_curves.csv
GemNet-OC,K0,,256,32,ridgeless,0.0,raw_force,2.0244109828371917,1.9828407815800606,20,dev-equivariant-scaling-laws-kernel-pilot-clean/analysis_outputs/four_arch_initial_force_kernel_pilot_2026_08_14/krr_learning_curves.csv
GemNet-OC,K0,,256,64,rho_1e-4,0.0001,raw_force,1.7193699789517638,2.053960894423107,20,dev-equivariant-scaling-laws-kernel-pilot-clean/analysis_outputs/four_arch_initial_force_kernel_pilot_2026_08_14/krr_learning_curves.csv
GemNet-OC,K0,,256,64,rho_1e-6,1e-06,raw_force,1.8011801214531296,2.1457546339072815,20,dev-equivariant-scaling-laws-kernel-pilot-clean/analysis_outputs/four_arch_initial_force_kernel_pilot_2026_08_14/krr_learning_curves.csv
GemNet-OC,K0,,256,64,rho_1e-8,1e-08,raw_force,1.800623683695748,2.1475841434393232,20,dev-equivariant-scaling-laws-kernel-pilot-clean/analysis_outputs/four_arch_initial_force_kernel_pilot_2026_08_14/krr_learning_curves.csv
GemNet-OC,K0,,256,64,ridgeless,0.0,raw_force,1.800549992448314,2.147691413046275,20,dev-equivariant-scaling-laws-kernel-pilot-clean/analysis_outputs/four_arch_initial_force_kernel_pilot_2026_08_14/krr_learning_curves.csv
GemNet-OC,K0,,256,96,rho_1e-4,0.0001,raw_force,1.6873808318659798,2.1023371020150763,20,dev-equivariant-scaling-laws-kernel-pilot-clean/analysis_outputs/four_arch_initial_force_kernel_pilot_2026_08_14/krr_learning_curves.csv
GemNet-OC,K0,,256,96,rho_1e-6,1e-06,raw_force,1.758973858419352,2.1872135993543145,20,dev-equivariant-scaling-laws-kernel-pilot-clean/analysis_outputs/four_arch_initial_force_kernel_pilot_2026_08_14/krr_learning_curves.csv
GemNet-OC,K0,,256,96,rho_1e-8,1e-08,raw_force,1.760328946945617,2.183475098718928,20,dev-equivariant-scaling-laws-kernel-pilot-clean/analysis_outputs/four_arch_initial_force_kernel_pilot_2026_08_14/krr_learning_curves.csv
GemNet-OC,K0,,256,96,ridgeless,0.0,raw_force,1.7603933952803001,2.183542511057693,20,dev-equivariant-scaling-laws-kernel-pilot-clean/analysis_outputs/four_arch_initial_force_kernel_pilot_2026_08_14/krr_learning_curves.csv
GemNet-OC,K0,,256,128,rho_1e-4,0.0001,raw_force,1.3845458994806394,1.808992688105004,20,dev-equivariant-scaling-laws-kernel-pilot-clean/analysis_outputs/four_arch_initial_force_kernel_pilot_2026_08_14/krr_learning_curves.csv
GemNet-OC,K0,,256,128,rho_1e-6,1e-06,raw_force,1.484414041510419,1.891928813783159,20,dev-equivariant-scaling-laws-kernel-pilot-clean/analysis_outputs/four_arch_initial_force_kernel_pilot_2026_08_14/krr_learning_curves.csv
GemNet-OC,K0,,256,128,rho_1e-8,1e-08,raw_force,1.4851069538199893,1.888315054890084,20,dev-equivariant-scaling-laws-kernel-pilot-clean/analysis_outputs/four_arch_initial_force_kernel_pilot_2026_08_14/krr_learning_curves.csv
GemNet-OC,K0,,256,128,ridgeless,0.0,raw_force,1.4862755456986085,1.8884087435618668,20,dev-equivariant-scaling-laws-kernel-pilot-clean/analysis_outputs/four_arch_initial_force_kernel_pilot_2026_08_14/krr_learning_curves.csv
MC-EGNN,K0,,256,8,rho_1e-4,0.0001,raw_force,1.261311050241653,2.2148083041243454,20,dev-equivariant-scaling-laws-kernel-pilot-clean/analysis_outputs/four_arch_initial_force_kernel_pilot_2026_08_14/krr_learning_curves.csv
MC-EGNN,K0,,256,8,rho_1e-6,1e-06,raw_force,3.7816321263295265,12.626047247097834,20,dev-equivariant-scaling-laws-kernel-pilot-clean/analysis_outputs/four_arch_initial_force_kernel_pilot_2026_08_14/krr_learning_curves.csv
MC-EGNN,K0,,256,8,rho_1e-8,1e-08,raw_force,6.283272649585085,27.727284636454407,20,dev-equivariant-scaling-laws-kernel-pilot-clean/analysis_outputs/four_arch_initial_force_kernel_pilot_2026_08_14/krr_learning_curves.csv
MC-EGNN,K0,,256,8,ridgeless,0.0,raw_force,6.347156139385477,28.882979969076484,20,dev-equivariant-scaling-laws-kernel-pilot-clean/analysis_outputs/four_arch_initial_force_kernel_pilot_2026_08_14/krr_learning_curves.csv
MC-EGNN,K0,,256,16,rho_1e-4,0.0001,raw_force,1.138611507504255,1.4018684179653238,20,dev-equivariant-scaling-laws-kernel-pilot-clean/analysis_outputs/four_arch_initial_force_kernel_pilot_2026_08_14/krr_learning_curves.csv
MC-EGNN,K0,,256,16,rho_1e-6,1e-06,raw_force,2.50128757725079,7.829799337716757,20,dev-equivariant-scaling-laws-kernel-pilot-clean/analysis_outputs/four_arch_initial_force_kernel_pilot_2026_08_14/krr_learning_curves.csv
MC-EGNN,K0,,256,16,rho_1e-8,1e-08,raw_force,6.341949767761519,15.615190782259447,20,dev-equivariant-scaling-laws-kernel-pilot-clean/analysis_outputs/four_arch_initial_force_kernel_pilot_2026_08_14/krr_learning_curves.csv
MC-EGNN,K0,,256,16,ridgeless,0.0,raw_force,6.6135169055763585,16.286875785038863,20,dev-equivariant-scaling-laws-kernel-pilot-clean/analysis_outputs/four_arch_initial_force_kernel_pilot_2026_08_14/krr_learning_curves.csv
MC-EGNN,K0,,256,32,rho_1e-4,0.0001,raw_force,1.132279525330796,1.3741883173638172,20,dev-equivariant-scaling-laws-kernel-pilot-clean/analysis_outputs/four_arch_initial_force_kernel_pilot_2026_08_14/krr_learning_curves.csv
MC-EGNN,K0,,256,32,rho_1e-6,1e-06,raw_force,3.1821900879750014,12.219303403339142,20,dev-equivariant-scaling-laws-kernel-pilot-clean/analysis_outputs/four_arch_initial_force_kernel_pilot_2026_08_14/krr_learning_curves.csv
MC-EGNN,K0,,256,32,rho_1e-8,1e-08,raw_force,9.368567452084488,29.00749431418766,20,dev-equivariant-scaling-laws-kernel-pilot-clean/analysis_outputs/four_arch_initial_force_kernel_pilot_2026_08_14/krr_learning_curves.csv
MC-EGNN,K0,,256,32,ridgeless,0.0,raw_force,11.238584422623042,31.245103599264137,20,dev-equivariant-scaling-laws-kernel-pilot-clean/analysis_outputs/four_arch_initial_force_kernel_pilot_2026_08_14/krr_learning_curves.csv
MC-EGNN,K0,,256,64,rho_1e-4,0.0001,raw_force,1.1074546484135697,1.2470163512512626,20,dev-equivariant-scaling-laws-kernel-pilot-clean/analysis_outputs/four_arch_initial_force_kernel_pilot_2026_08_14/krr_learning_curves.csv
MC-EGNN,K0,,256,64,rho_1e-6,1e-06,raw_force,5.249108958720199,14.047826852314765,20,dev-equivariant-scaling-laws-kernel-pilot-clean/analysis_outputs/four_arch_initial_force_kernel_pilot_2026_08_14/krr_learning_curves.csv
MC-EGNN,K0,,256,64,rho_1e-8,1e-08,raw_force,10.20513370803611,32.08786986900361,20,dev-equivariant-scaling-laws-kernel-pilot-clean/analysis_outputs/four_arch_initial_force_kernel_pilot_2026_08_14/krr_learning_curves.csv
MC-EGNN,K0,,256,64,ridgeless,0.0,raw_force,11.502431601565991,36.29877131782659,20,dev-equivariant-scaling-laws-kernel-pilot-clean/analysis_outputs/four_arch_initial_force_kernel_pilot_2026_08_14/krr_learning_curves.csv
MC-EGNN,K0,,256,96,rho_1e-4,0.0001,raw_force,1.1493054476121913,1.2997577243504252,20,dev-equivariant-scaling-laws-kernel-pilot-clean/analysis_outputs/four_arch_initial_force_kernel_pilot_2026_08_14/krr_learning_curves.csv
MC-EGNN,K0,,256,96,rho_1e-6,1e-06,raw_force,7.179267547404136,13.938957966913474,20,dev-equivariant-scaling-laws-kernel-pilot-clean/analysis_outputs/four_arch_initial_force_kernel_pilot_2026_08_14/krr_learning_curves.csv
MC-EGNN,K0,,256,96,rho_1e-8,1e-08,raw_force,38.94167872939588,64.55648310441745,20,dev-equivariant-scaling-laws-kernel-pilot-clean/analysis_outputs/four_arch_initial_force_kernel_pilot_2026_08_14/krr_learning_curves.csv
MC-EGNN,K0,,256,96,ridgeless,0.0,raw_force,40.003705480278846,45.458923788201375,20,dev-equivariant-scaling-laws-kernel-pilot-clean/analysis_outputs/four_arch_initial_force_kernel_pilot_2026_08_14/krr_learning_curves.csv
MC-EGNN,K0,,256,128,rho_1e-4,0.0001,raw_force,1.1339662644920234,1.1730364241903766,20,dev-equivariant-scaling-laws-kernel-pilot-clean/analysis_outputs/four_arch_initial_force_kernel_pilot_2026_08_14/krr_learning_curves.csv
MC-EGNN,K0,,256,128,rho_1e-6,1e-06,raw_force,6.506776471328378,11.15139075184771,20,dev-equivariant-scaling-laws-kernel-pilot-clean/analysis_outputs/four_arch_initial_force_kernel_pilot_2026_08_14/krr_learning_curves.csv
MC-EGNN,K0,,256,128,rho_1e-8,1e-08,raw_force,58.353262785768564,67.2923974697369,20,dev-equivariant-scaling-laws-kernel-pilot-clean/analysis_outputs/four_arch_initial_force_kernel_pilot_2026_08_14/krr_learning_curves.csv
MC-EGNN,K0,,256,128,ridgeless,0.0,raw_force,36.76522987712126,64.47849869403085,20,dev-equivariant-scaling-laws-kernel-pilot-clean/analysis_outputs/four_arch_initial_force_kernel_pilot_2026_08_14/krr_learning_curves.csv
MC-EGNN,K0,,256,8,rho_1e-4,0.0001,raw_force,1.1681270726862336,1.496810294644177,20,dev-equivariant-scaling-laws-kernel-pilot-clean/analysis_outputs/four_arch_initial_force_kernel_pilot_2026_08_14/krr_learning_curves.csv
MC-EGNN,K0,,256,8,rho_1e-6,1e-06,raw_force,2.4960037947713234,11.704557476704892,20,dev-equivariant-scaling-laws-kernel-pilot-clean/analysis_outputs/four_arch_initial_force_kernel_pilot_2026_08_14/krr_learning_curves.csv
MC-EGNN,K0,,256,8,rho_1e-8,1e-08,raw_force,6.7484420622170465,28.629215256906186,20,dev-equivariant-scaling-laws-kernel-pilot-clean/analysis_outputs/four_arch_initial_force_kernel_pilot_2026_08_14/krr_learning_curves.csv
MC-EGNN,K0,,256,8,ridgeless,0.0,raw_force,7.077676285507294,29.4251712297714,20,dev-equivariant-scaling-laws-kernel-pilot-clean/analysis_outputs/four_arch_initial_force_kernel_pilot_2026_08_14/krr_learning_curves.csv
MC-EGNN,K0,,256,16,rho_1e-4,0.0001,raw_force,1.120557912251626,1.2188036944712324,20,dev-equivariant-scaling-laws-kernel-pilot-clean/analysis_outputs/four_arch_initial_force_kernel_pilot_2026_08_14/krr_learning_curves.csv
MC-EGNN,K0,,256,16,rho_1e-6,1e-06,raw_force,2.7547819433422704,5.295380325568057,20,dev-equivariant-scaling-laws-kernel-pilot-clean/analysis_outputs/four_arch_initial_force_kernel_pilot_2026_08_14/krr_learning_curves.csv
MC-EGNN,K0,,256,16,rho_1e-8,1e-08,raw_force,5.7819517221607715,10.445802237177368,20,dev-equivariant-scaling-laws-kernel-pilot-clean/analysis_outputs/four_arch_initial_force_kernel_pilot_2026_08_14/krr_learning_curves.csv
MC-EGNN,K0,,256,16,ridgeless,0.0,raw_force,5.916060866358676,11.280251494236325,20,dev-equivariant-scaling-laws-kernel-pilot-clean/analysis_outputs/four_arch_initial_force_kernel_pilot_2026_08_14/krr_learning_curves.csv
MC-EGNN,K0,,256,32,rho_1e-4,0.0001,raw_force,1.115901935374537,1.1913150155055803,20,dev-equivariant-scaling-laws-kernel-pilot-clean/analysis_outputs/four_arch_initial_force_kernel_pilot_2026_08_14/krr_learning_curves.csv
MC-EGNN,K0,,256,32,rho_1e-6,1e-06,raw_force,3.0186728852144378,5.239093255070272,20,dev-equivariant-scaling-laws-kernel-pilot-clean/analysis_outputs/four_arch_initial_force_kernel_pilot_2026_08_14/krr_learning_curves.csv
MC-EGNN,K0,,256,32,rho_1e-8,1e-08,raw_force,7.859900929136006,15.94253192288601,20,dev-equivariant-scaling-laws-kernel-pilot-clean/analysis_outputs/four_arch_initial_force_kernel_pilot_2026_08_14/krr_learning_curves.csv
MC-EGNN,K0,,256,32,ridgeless,0.0,raw_force,11.470130404612997,22.892494944324543,20,dev-equivariant-scaling-laws-kernel-pilot-clean/analysis_outputs/four_arch_initial_force_kernel_pilot_2026_08_14/krr_learning_curves.csv
MC-EGNN,K0,,256,64,rho_1e-4,0.0001,raw_force,1.0954668984031892,1.127085315226431,20,dev-equivariant-scaling-laws-kernel-pilot-clean/analysis_outputs/four_arch_initial_force_kernel_pilot_2026_08_14/krr_learning_curves.csv
MC-EGNN,K0,,256,64,rho_1e-6,1e-06,raw_force,3.257276843580761,6.3522192646910405,20,dev-equivariant-scaling-laws-kernel-pilot-clean/analysis_outputs/four_arch_initial_force_kernel_pilot_2026_08_14/krr_learning_curves.csv
MC-EGNN,K0,,256,64,rho_1e-8,1e-08,raw_force,10.2675690101992,38.21785350631619,20,dev-equivariant-scaling-laws-kernel-pilot-clean/analysis_outputs/four_arch_initial_force_kernel_pilot_2026_08_14/krr_learning_curves.csv
MC-EGNN,K0,,256,64,ridgeless,0.0,raw_force,10.278432582210897,38.91613009389979,20,dev-equivariant-scaling-laws-kernel-pilot-clean/analysis_outputs/four_arch_initial_force_kernel_pilot_2026_08_14/krr_learning_curves.csv
MC-EGNN,K0,,256,96,rho_1e-4,0.0001,raw_force,1.1249080397811086,1.1889131359297778,20,dev-equivariant-scaling-laws-kernel-pilot-clean/analysis_outputs/four_arch_initial_force_kernel_pilot_2026_08_14/krr_learning_curves.csv
MC-EGNN,K0,,256,96,rho_1e-6,1e-06,raw_force,6.3453221226004874,18.030098100489894,20,dev-equivariant-scaling-laws-kernel-pilot-clean/analysis_outputs/four_arch_initial_force_kernel_pilot_2026_08_14/krr_learning_curves.csv
MC-EGNN,K0,,256,96,rho_1e-8,1e-08,raw_force,39.52968507882649,142.06886342230732,20,dev-equivariant-scaling-laws-kernel-pilot-clean/analysis_outputs/four_arch_initial_force_kernel_pilot_2026_08_14/krr_learning_curves.csv
MC-EGNN,K0,,256,96,ridgeless,0.0,raw_force,32.12738141781007,191.7541425363401,20,dev-equivariant-scaling-laws-kernel-pilot-clean/analysis_outputs/four_arch_initial_force_kernel_pilot_2026_08_14/krr_learning_curves.csv
MC-EGNN,K0,,256,128,rho_1e-4,0.0001,raw_force,1.10361404428166,1.185139058194542,20,dev-equivariant-scaling-laws-kernel-pilot-clean/analysis_outputs/four_arch_initial_force_kernel_pilot_2026_08_14/krr_learning_curves.csv
MC-EGNN,K0,,256,128,rho_1e-6,1e-06,raw_force,7.62408099633725,12.757066377769572,20,dev-equivariant-scaling-laws-kernel-pilot-clean/analysis_outputs/four_arch_initial_force_kernel_pilot_2026_08_14/krr_learning_curves.csv
MC-EGNN,K0,,256,128,rho_1e-8,1e-08,raw_force,56.199686255896886,202.58755077321428,20,dev-equivariant-scaling-laws-kernel-pilot-clean/analysis_outputs/four_arch_initial_force_kernel_pilot_2026_08_14/krr_learning_curves.csv
MC-EGNN,K0,,256,128,ridgeless,0.0,raw_force,49.29002344461057,186.93827770815585,20,dev-equivariant-scaling-laws-kernel-pilot-clean/analysis_outputs/four_arch_initial_force_kernel_pilot_2026_08_14/krr_learning_curves.csv
MPNN,K0,,256,8,rho_1e-4,0.0001,raw_force,1.1335116858464005,1.3558851359693027,20,dev-equivariant-scaling-laws-kernel-pilot-clean/analysis_outputs/four_arch_initial_force_kernel_pilot_2026_08_14/krr_learning_curves.csv
MPNN,K0,,256,8,rho_1e-6,1e-06,raw_force,1.1335501510778028,1.3561894773211187,20,dev-equivariant-scaling-laws-kernel-pilot-clean/analysis_outputs/four_arch_initial_force_kernel_pilot_2026_08_14/krr_learning_curves.csv
MPNN,K0,,256,8,rho_1e-8,1e-08,raw_force,1.1335505358520694,1.3561925244020636,20,dev-equivariant-scaling-laws-kernel-pilot-clean/analysis_outputs/four_arch_initial_force_kernel_pilot_2026_08_14/krr_learning_curves.csv
MPNN,K0,,256,8,ridgeless,0.0,raw_force,1.1335505397386907,1.3561925551810303,20,dev-equivariant-scaling-laws-kernel-pilot-clean/analysis_outputs/four_arch_initial_force_kernel_pilot_2026_08_14/krr_learning_curves.csv
MPNN,K0,,256,16,rho_1e-4,0.0001,raw_force,1.1830808771249612,1.367780910223609,20,dev-equivariant-scaling-laws-kernel-pilot-clean/analysis_outputs/four_arch_initial_force_kernel_pilot_2026_08_14/krr_learning_curves.csv
MPNN,K0,,256,16,rho_1e-6,1e-06,raw_force,1.1832115169378636,1.3681130137390318,20,dev-equivariant-scaling-laws-kernel-pilot-clean/analysis_outputs/four_arch_initial_force_kernel_pilot_2026_08_14/krr_learning_curves.csv
MPNN,K0,,256,16,rho_1e-8,1e-08,raw_force,1.1832128248056355,1.368116339030014,20,dev-equivariant-scaling-laws-kernel-pilot-clean/analysis_outputs/four_arch_initial_force_kernel_pilot_2026_08_14/krr_learning_curves.csv
MPNN,K0,,256,16,ridgeless,0.0,raw_force,1.1832128380165698,1.3681163726192422,20,dev-equivariant-scaling-laws-kernel-pilot-clean/analysis_outputs/four_arch_initial_force_kernel_pilot_2026_08_14/krr_learning_curves.csv
MPNN,K0,,256,32,rho_1e-4,0.0001,raw_force,1.2322412127388096,1.2844079294492479,20,dev-equivariant-scaling-laws-kernel-pilot-clean/analysis_outputs/four_arch_initial_force_kernel_pilot_2026_08_14/krr_learning_curves.csv
MPNN,K0,,256,32,rho_1e-6,1e-06,raw_force,1.2324211567506609,1.284624529187592,20,dev-equivariant-scaling-laws-kernel-pilot-clean/analysis_outputs/four_arch_initial_force_kernel_pilot_2026_08_14/krr_learning_curves.csv
MPNN,K0,,256,32,rho_1e-8,1e-08,raw_force,1.2324229580988302,1.284626697617162,20,dev-equivariant-scaling-laws-kernel-pilot-clean/analysis_outputs/four_arch_initial_force_kernel_pilot_2026_08_14/krr_learning_curves.csv
MPNN,K0,,256,32,ridgeless,0.0,raw_force,1.2324229762944596,1.2846267195207373,20,dev-equivariant-scaling-laws-kernel-pilot-clean/analysis_outputs/four_arch_initial_force_kernel_pilot_2026_08_14/krr_learning_curves.csv
MPNN,K0,,256,64,rho_1e-4,0.0001,raw_force,1.2254744988769355,1.337953254334005,20,dev-equivariant-scaling-laws-kernel-pilot-clean/analysis_outputs/four_arch_initial_force_kernel_pilot_2026_08_14/krr_learning_curves.csv
MPNN,K0,,256,64,rho_1e-6,1e-06,raw_force,1.2257118413995913,1.3382348167353872,20,dev-equivariant-scaling-laws-kernel-pilot-clean/analysis_outputs/four_arch_initial_force_kernel_pilot_2026_08_14/krr_learning_curves.csv
MPNN,K0,,256,64,rho_1e-8,1e-08,raw_force,1.2257142187068801,1.3382376358357015,20,dev-equivariant-scaling-laws-kernel-pilot-clean/analysis_outputs/four_arch_initial_force_kernel_pilot_2026_08_14/krr_learning_curves.csv
MPNN,K0,,256,64,ridgeless,0.0,raw_force,1.225714242720478,1.3382376643118143,20,dev-equivariant-scaling-laws-kernel-pilot-clean/analysis_outputs/four_arch_initial_force_kernel_pilot_2026_08_14/krr_learning_curves.csv
MPNN,K0,,256,96,rho_1e-4,0.0001,raw_force,1.3126185834862798,1.489335249843197,20,dev-equivariant-scaling-laws-kernel-pilot-clean/analysis_outputs/four_arch_initial_force_kernel_pilot_2026_08_14/krr_learning_curves.csv
MPNN,K0,,256,96,rho_1e-6,1e-06,raw_force,1.3128808288676244,1.4897912622958658,20,dev-equivariant-scaling-laws-kernel-pilot-clean/analysis_outputs/four_arch_initial_force_kernel_pilot_2026_08_14/krr_learning_curves.csv
MPNN,K0,,256,96,rho_1e-8,1e-08,raw_force,1.31288345450302,1.4897958285266806,20,dev-equivariant-scaling-laws-kernel-pilot-clean/analysis_outputs/four_arch_initial_force_kernel_pilot_2026_08_14/krr_learning_curves.csv
MPNN,K0,,256,96,ridgeless,0.0,raw_force,1.3128834810249117,1.489795874650842,20,dev-equivariant-scaling-laws-kernel-pilot-clean/analysis_outputs/four_arch_initial_force_kernel_pilot_2026_08_14/krr_learning_curves.csv
MPNN,K0,,256,128,rho_1e-4,0.0001,raw_force,1.3706547030677316,1.5323297042517736,20,dev-equivariant-scaling-laws-kernel-pilot-clean/analysis_outputs/four_arch_initial_force_kernel_pilot_2026_08_14/krr_learning_curves.csv
MPNN,K0,,256,128,rho_1e-6,1e-06,raw_force,1.37096387439827,1.532922965726945,20,dev-equivariant-scaling-laws-kernel-pilot-clean/analysis_outputs/four_arch_initial_force_kernel_pilot_2026_08_14/krr_learning_curves.csv
MPNN,K0,,256,128,rho_1e-8,1e-08,raw_force,1.3709669702409677,1.5329289070481826,20,dev-equivariant-scaling-laws-kernel-pilot-clean/analysis_outputs/four_arch_initial_force_kernel_pilot_2026_08_14/krr_learning_curves.csv
MPNN,K0,,256,128,ridgeless,0.0,raw_force,1.370967001512524,1.5329289670624084,20,dev-equivariant-scaling-laws-kernel-pilot-clean/analysis_outputs/four_arch_initial_force_kernel_pilot_2026_08_14/krr_learning_curves.csv
MPNN,K0,,256,8,rho_1e-4,0.0001,raw_force,1.153835436411272,1.407831261227147,20,dev-equivariant-scaling-laws-kernel-pilot-clean/analysis_outputs/four_arch_initial_force_kernel_pilot_2026_08_14/krr_learning_curves.csv
MPNN,K0,,256,8,rho_1e-6,1e-06,raw_force,1.153894448710544,1.408217594648837,20,dev-equivariant-scaling-laws-kernel-pilot-clean/analysis_outputs/four_arch_initial_force_kernel_pilot_2026_08_14/krr_learning_curves.csv
MPNN,K0,,256,8,rho_1e-8,1e-08,raw_force,1.1538950390996892,1.4082214630062686,20,dev-equivariant-scaling-laws-kernel-pilot-clean/analysis_outputs/four_arch_initial_force_kernel_pilot_2026_08_14/krr_learning_curves.csv
MPNN,K0,,256,8,ridgeless,0.0,raw_force,1.1538950450632428,1.4082215020810946,20,dev-equivariant-scaling-laws-kernel-pilot-clean/analysis_outputs/four_arch_initial_force_kernel_pilot_2026_08_14/krr_learning_curves.csv
MPNN,K0,,256,16,rho_1e-4,0.0001,raw_force,1.2063536006710414,1.4102792424411474,20,dev-equivariant-scaling-laws-kernel-pilot-clean/analysis_outputs/four_arch_initial_force_kernel_pilot_2026_08_14/krr_learning_curves.csv
MPNN,K0,,256,16,rho_1e-6,1e-06,raw_force,1.2065225657593799,1.410690734163876,20,dev-equivariant-scaling-laws-kernel-pilot-clean/analysis_outputs/four_arch_initial_force_kernel_pilot_2026_08_14/krr_learning_curves.csv
MPNN,K0,,256,16,rho_1e-8,1e-08,raw_force,1.2065242573982569,1.41069485492318,20,dev-equivariant-scaling-laws-kernel-pilot-clean/analysis_outputs/four_arch_initial_force_kernel_pilot_2026_08_14/krr_learning_curves.csv
MPNN,K0,,256,16,ridgeless,0.0,raw_force,1.206524274485719,1.4106948965476023,20,dev-equivariant-scaling-laws-kernel-pilot-clean/analysis_outputs/four_arch_initial_force_kernel_pilot_2026_08_14/krr_learning_curves.csv
MPNN,K0,,256,32,rho_1e-4,0.0001,raw_force,1.2561144677409861,1.305383217137273,20,dev-equivariant-scaling-laws-kernel-pilot-clean/analysis_outputs/four_arch_initial_force_kernel_pilot_2026_08_14/krr_learning_curves.csv
MPNN,K0,,256,32,rho_1e-6,1e-06,raw_force,1.2562985841840941,1.3056470378859881,20,dev-equivariant-scaling-laws-kernel-pilot-clean/analysis_outputs/four_arch_initial_force_kernel_pilot_2026_08_14/krr_learning_curves.csv
MPNN,K0,,256,32,rho_1e-8,1e-08,raw_force,1.2563004273408784,1.3056496795763635,20,dev-equivariant-scaling-laws-kernel-pilot-clean/analysis_outputs/four_arch_initial_force_kernel_pilot_2026_08_14/krr_learning_curves.csv
MPNN,K0,,256,32,ridgeless,0.0,raw_force,1.256300445958825,1.3056497062604568,20,dev-equivariant-scaling-laws-kernel-pilot-clean/analysis_outputs/four_arch_initial_force_kernel_pilot_2026_08_14/krr_learning_curves.csv
MPNN,K0,,256,64,rho_1e-4,0.0001,raw_force,1.2532174687552735,1.3733416110215646,20,dev-equivariant-scaling-laws-kernel-pilot-clean/analysis_outputs/four_arch_initial_force_kernel_pilot_2026_08_14/krr_learning_curves.csv
MPNN,K0,,256,64,rho_1e-6,1e-06,raw_force,1.253438553391965,1.3736920130047414,20,dev-equivariant-scaling-laws-kernel-pilot-clean/analysis_outputs/four_arch_initial_force_kernel_pilot_2026_08_14/krr_learning_curves.csv
MPNN,K0,,256,64,rho_1e-8,1e-08,raw_force,1.2534407680361497,1.3736955219302374,20,dev-equivariant-scaling-laws-kernel-pilot-clean/analysis_outputs/four_arch_initial_force_kernel_pilot_2026_08_14/krr_learning_curves.csv
MPNN,K0,,256,64,ridgeless,0.0,raw_force,1.2534407904066773,1.3736955573744258,20,dev-equivariant-scaling-laws-kernel-pilot-clean/analysis_outputs/four_arch_initial_force_kernel_pilot_2026_08_14/krr_learning_curves.csv
MPNN,K0,,256,96,rho_1e-4,0.0001,raw_force,1.3051999190989307,1.5781962259040476,20,dev-equivariant-scaling-laws-kernel-pilot-clean/analysis_outputs/four_arch_initial_force_kernel_pilot_2026_08_14/krr_learning_curves.csv
MPNN,K0,,256,96,rho_1e-6,1e-06,raw_force,1.305510643345162,1.5789204040179072,20,dev-equivariant-scaling-laws-kernel-pilot-clean/analysis_outputs/four_arch_initial_force_kernel_pilot_2026_08_14/krr_learning_curves.csv
MPNN,K0,,256,96,rho_1e-8,1e-08,raw_force,1.3055137557438337,1.5789276584520002,20,dev-equivariant-scaling-laws-kernel-pilot-clean/analysis_outputs/four_arch_initial_force_kernel_pilot_2026_08_14/krr_learning_curves.csv
MPNN,K0,,256,96,ridgeless,0.0,raw_force,1.3055137871827267,1.5789277317303934,20,dev-equivariant-scaling-laws-kernel-pilot-clean/analysis_outputs/four_arch_initial_force_kernel_pilot_2026_08_14/krr_learning_curves.csv
MPNN,K0,,256,128,rho_1e-4,0.0001,raw_force,1.3606644829810468,1.6087911954506855,20,dev-equivariant-scaling-laws-kernel-pilot-clean/analysis_outputs/four_arch_initial_force_kernel_pilot_2026_08_14/krr_learning_curves.csv
MPNN,K0,,256,128,rho_1e-6,1e-06,raw_force,1.3609551956326746,1.6097144551302431,20,dev-equivariant-scaling-laws-kernel-pilot-clean/analysis_outputs/four_arch_initial_force_kernel_pilot_2026_08_14/krr_learning_curves.csv
MPNN,K0,,256,128,rho_1e-8,1e-08,raw_force,1.3609581070530923,1.6097237059233929,20,dev-equivariant-scaling-laws-kernel-pilot-clean/analysis_outputs/four_arch_initial_force_kernel_pilot_2026_08_14/krr_learning_curves.csv
MPNN,K0,,256,128,ridgeless,0.0,raw_force,1.360958136461814,1.6097237993675886,20,dev-equivariant-scaling-laws-kernel-pilot-clean/analysis_outputs/four_arch_initial_force_kernel_pilot_2026_08_14/krr_learning_curves.csv
eSEN,K0,,256,8,rho_1e-4,0.0001,raw_force,1.1582881390118231,1.4236910516350487,20,dev-equivariant-scaling-laws-kernel-pilot-clean/analysis_outputs/four_arch_initial_force_kernel_pilot_2026_08_14/krr_learning_curves.csv
eSEN,K0,,256,8,rho_1e-6,1e-06,raw_force,1.1586509172581563,1.424628874435906,20,dev-equivariant-scaling-laws-kernel-pilot-clean/analysis_outputs/four_arch_initial_force_kernel_pilot_2026_08_14/krr_learning_curves.csv
eSEN,K0,,256,8,rho_1e-8,1e-08,raw_force,1.1586545642752752,1.4246382849813413,20,dev-equivariant-scaling-laws-kernel-pilot-clean/analysis_outputs/four_arch_initial_force_kernel_pilot_2026_08_14/krr_learning_curves.csv
eSEN,K0,,256,8,ridgeless,0.0,raw_force,1.158654601115802,1.424638380040641,20,dev-equivariant-scaling-laws-kernel-pilot-clean/analysis_outputs/four_arch_initial_force_kernel_pilot_2026_08_14/krr_learning_curves.csv
eSEN,K0,,256,16,rho_1e-4,0.0001,raw_force,1.2737800177288705,1.3766700459716827,20,dev-equivariant-scaling-laws-kernel-pilot-clean/analysis_outputs/four_arch_initial_force_kernel_pilot_2026_08_14/krr_learning_curves.csv
eSEN,K0,,256,16,rho_1e-6,1e-06,raw_force,1.274506135507427,1.3778248610762114,20,dev-equivariant-scaling-laws-kernel-pilot-clean/analysis_outputs/four_arch_initial_force_kernel_pilot_2026_08_14/krr_learning_curves.csv
eSEN,K0,,256,16,rho_1e-8,1e-08,raw_force,1.2745134376063205,1.377836470394557,20,dev-equivariant-scaling-laws-kernel-pilot-clean/analysis_outputs/four_arch_initial_force_kernel_pilot_2026_08_14/krr_learning_curves.csv
eSEN,K0,,256,16,ridgeless,0.0,raw_force,1.27451351136905,1.3778365876666245,20,dev-equivariant-scaling-laws-kernel-pilot-clean/analysis_outputs/four_arch_initial_force_kernel_pilot_2026_08_14/krr_learning_curves.csv
eSEN,K0,,256,32,rho_1e-4,0.0001,raw_force,1.249132403704091,1.3775982417140067,20,dev-equivariant-scaling-laws-kernel-pilot-clean/analysis_outputs/four_arch_initial_force_kernel_pilot_2026_08_14/krr_learning_curves.csv
eSEN,K0,,256,32,rho_1e-6,1e-06,raw_force,1.250683520467514,1.3793827352181673,20,dev-equivariant-scaling-laws-kernel-pilot-clean/analysis_outputs/four_arch_initial_force_kernel_pilot_2026_08_14/krr_learning_curves.csv
eSEN,K0,,256,32,rho_1e-8,1e-08,raw_force,1.2506991536079668,1.3794007232204901,20,dev-equivariant-scaling-laws-kernel-pilot-clean/analysis_outputs/four_arch_initial_force_kernel_pilot_2026_08_14/krr_learning_curves.csv
eSEN,K0,,256,32,ridgeless,0.0,raw_force,1.250699311530918,1.3794009049320797,20,dev-equivariant-scaling-laws-kernel-pilot-clean/analysis_outputs/four_arch_initial_force_kernel_pilot_2026_08_14/krr_learning_curves.csv
eSEN,K0,,256,64,rho_1e-4,0.0001,raw_force,1.2666438993136082,1.414764701760651,20,dev-equivariant-scaling-laws-kernel-pilot-clean/analysis_outputs/four_arch_initial_force_kernel_pilot_2026_08_14/krr_learning_curves.csv
eSEN,K0,,256,64,rho_1e-6,1e-06,raw_force,1.2698364074290547,1.4181189733541728,20,dev-equivariant-scaling-laws-kernel-pilot-clean/analysis_outputs/four_arch_initial_force_kernel_pilot_2026_08_14/krr_learning_curves.csv
eSEN,K0,,256,64,rho_1e-8,1e-08,raw_force,1.2698687559304445,1.4181529540075504,20,dev-equivariant-scaling-laws-kernel-pilot-clean/analysis_outputs/four_arch_initial_force_kernel_pilot_2026_08_14/krr_learning_curves.csv
eSEN,K0,,256,64,ridgeless,0.0,raw_force,1.269869082726322,1.4181532972913657,20,dev-equivariant-scaling-laws-kernel-pilot-clean/analysis_outputs/four_arch_initial_force_kernel_pilot_2026_08_14/krr_learning_curves.csv
eSEN,K0,,256,96,rho_1e-4,0.0001,raw_force,1.2565408185710059,1.5459887439434215,20,dev-equivariant-scaling-laws-kernel-pilot-clean/analysis_outputs/four_arch_initial_force_kernel_pilot_2026_08_14/krr_learning_curves.csv
eSEN,K0,,256,96,rho_1e-6,1e-06,raw_force,1.2597866385712513,1.5518609858335701,20,dev-equivariant-scaling-laws-kernel-pilot-clean/analysis_outputs/four_arch_initial_force_kernel_pilot_2026_08_14/krr_learning_curves.csv
eSEN,K0,,256,96,rho_1e-8,1e-08,raw_force,1.2598197856175504,1.5519206244949806,20,dev-equivariant-scaling-laws-kernel-pilot-clean/analysis_outputs/four_arch_initial_force_kernel_pilot_2026_08_14/krr_learning_curves.csv
eSEN,K0,,256,96,ridgeless,0.0,raw_force,1.2598201205075,1.5519212269999607,20,dev-equivariant-scaling-laws-kernel-pilot-clean/analysis_outputs/four_arch_initial_force_kernel_pilot_2026_08_14/krr_learning_curves.csv
eSEN,K0,,256,128,rho_1e-4,0.0001,raw_force,1.2182105556100484,1.5161078494245728,20,dev-equivariant-scaling-laws-kernel-pilot-clean/analysis_outputs/four_arch_initial_force_kernel_pilot_2026_08_14/krr_learning_curves.csv
eSEN,K0,,256,128,rho_1e-6,1e-06,raw_force,1.2207201596001516,1.522415623523653,20,dev-equivariant-scaling-laws-kernel-pilot-clean/analysis_outputs/four_arch_initial_force_kernel_pilot_2026_08_14/krr_learning_curves.csv
eSEN,K0,,256,128,rho_1e-8,1e-08,raw_force,1.2207457764023815,1.5224797917133424,20,dev-equivariant-scaling-laws-kernel-pilot-clean/analysis_outputs/four_arch_initial_force_kernel_pilot_2026_08_14/krr_learning_curves.csv
eSEN,K0,,256,128,ridgeless,0.0,raw_force,1.2207460352118829,1.52248043998881,20,dev-equivariant-scaling-laws-kernel-pilot-clean/analysis_outputs/four_arch_initial_force_kernel_pilot_2026_08_14/krr_learning_curves.csv
eSEN,K0,,256,8,rho_1e-4,0.0001,raw_force,1.114232051468282,1.2805778702739383,20,dev-equivariant-scaling-laws-kernel-pilot-clean/analysis_outputs/four_arch_initial_force_kernel_pilot_2026_08_14/krr_learning_curves.csv
eSEN,K0,,256,8,rho_1e-6,1e-06,raw_force,1.1142836828020959,1.2809453056495053,20,dev-equivariant-scaling-laws-kernel-pilot-clean/analysis_outputs/four_arch_initial_force_kernel_pilot_2026_08_14/krr_learning_curves.csv
eSEN,K0,,256,8,rho_1e-8,1e-08,raw_force,1.114284199710379,1.2809489864335146,20,dev-equivariant-scaling-laws-kernel-pilot-clean/analysis_outputs/four_arch_initial_force_kernel_pilot_2026_08_14/krr_learning_curves.csv
eSEN,K0,,256,8,ridgeless,0.0,raw_force,1.1142842049317347,1.2809490236138028,20,dev-equivariant-scaling-laws-kernel-pilot-clean/analysis_outputs/four_arch_initial_force_kernel_pilot_2026_08_14/krr_learning_curves.csv
eSEN,K0,,256,16,rho_1e-4,0.0001,raw_force,1.1619143309824662,1.2846047361886161,20,dev-equivariant-scaling-laws-kernel-pilot-clean/analysis_outputs/four_arch_initial_force_kernel_pilot_2026_08_14/krr_learning_curves.csv
eSEN,K0,,256,16,rho_1e-6,1e-06,raw_force,1.1621947932796572,1.28514047157405,20,dev-equivariant-scaling-laws-kernel-pilot-clean/analysis_outputs/four_arch_initial_force_kernel_pilot_2026_08_14/krr_learning_curves.csv
eSEN,K0,,256,16,rho_1e-8,1e-08,raw_force,1.1621976075330025,1.285145844369066,20,dev-equivariant-scaling-laws-kernel-pilot-clean/analysis_outputs/four_arch_initial_force_kernel_pilot_2026_08_14/krr_learning_curves.csv
eSEN,K0,,256,16,ridgeless,0.0,raw_force,1.1621976359607817,1.28514589864129,20,dev-equivariant-scaling-laws-kernel-pilot-clean/analysis_outputs/four_arch_initial_force_kernel_pilot_2026_08_14/krr_learning_curves.csv
eSEN,K0,,256,32,rho_1e-4,0.0001,raw_force,1.2010626146300774,1.2951863746601737,20,dev-equivariant-scaling-laws-kernel-pilot-clean/analysis_outputs/four_arch_initial_force_kernel_pilot_2026_08_14/krr_learning_curves.csv
eSEN,K0,,256,32,rho_1e-6,1e-06,raw_force,1.2015657604411425,1.2959400857106291,20,dev-equivariant-scaling-laws-kernel-pilot-clean/analysis_outputs/four_arch_initial_force_kernel_pilot_2026_08_14/krr_learning_curves.csv
eSEN,K0,,256,32,rho_1e-8,1e-08,raw_force,1.2015708160070329,1.2959476569695303,20,dev-equivariant-scaling-laws-kernel-pilot-clean/analysis_outputs/four_arch_initial_force_kernel_pilot_2026_08_14/krr_learning_curves.csv
eSEN,K0,,256,32,ridgeless,0.0,raw_force,1.2015708670758067,1.2959477334503655,20,dev-equivariant-scaling-laws-kernel-pilot-clean/analysis_outputs/four_arch_initial_force_kernel_pilot_2026_08_14/krr_learning_curves.csv
eSEN,K0,,256,64,rho_1e-4,0.0001,raw_force,1.20499262077669,1.318379762264422,20,dev-equivariant-scaling-laws-kernel-pilot-clean/analysis_outputs/four_arch_initial_force_kernel_pilot_2026_08_14/krr_learning_curves.csv
eSEN,K0,,256,64,rho_1e-6,1e-06,raw_force,1.2059035059866015,1.3196195679762965,20,dev-equivariant-scaling-laws-kernel-pilot-clean/analysis_outputs/four_arch_initial_force_kernel_pilot_2026_08_14/krr_learning_curves.csv
eSEN,K0,,256,64,rho_1e-8,1e-08,raw_force,1.2059126634122386,1.319632048799713,20,dev-equivariant-scaling-laws-kernel-pilot-clean/analysis_outputs/four_arch_initial_force_kernel_pilot_2026_08_14/krr_learning_curves.csv
eSEN,K0,,256,64,ridgeless,0.0,raw_force,1.2059127559163931,1.319632174877054,20,dev-equivariant-scaling-laws-kernel-pilot-clean/analysis_outputs/four_arch_initial_force_kernel_pilot_2026_08_14/krr_learning_curves.csv
eSEN,K0,,256,96,rho_1e-4,0.0001,raw_force,1.1818441619410083,1.3523913777141727,20,dev-equivariant-scaling-laws-kernel-pilot-clean/analysis_outputs/four_arch_initial_force_kernel_pilot_2026_08_14/krr_learning_curves.csv
eSEN,K0,,256,96,rho_1e-6,1e-06,raw_force,1.182652020183827,1.3540904584062377,20,dev-equivariant-scaling-laws-kernel-pilot-clean/analysis_outputs/four_arch_initial_force_kernel_pilot_2026_08_14/krr_learning_curves.csv
eSEN,K0,,256,96,rho_1e-8,1e-08,raw_force,1.1826601599437732,1.3541075797859263,20,dev-equivariant-scaling-laws-kernel-pilot-clean/analysis_outputs/four_arch_initial_force_kernel_pilot_2026_08_14/krr_learning_curves.csv
eSEN,K0,,256,96,ridgeless,0.0,raw_force,1.1826602421698191,1.3541077527424399,20,dev-equivariant-scaling-laws-kernel-pilot-clean/analysis_outputs/four_arch_initial_force_kernel_pilot_2026_08_14/krr_learning_curves.csv
eSEN,K0,,256,128,rho_1e-4,0.0001,raw_force,1.1695170973090474,1.314578112295552,20,dev-equivariant-scaling-laws-kernel-pilot-clean/analysis_outputs/four_arch_initial_force_kernel_pilot_2026_08_14/krr_learning_curves.csv
eSEN,K0,,256,128,rho_1e-6,1e-06,raw_force,1.1709017773989778,1.3163450846552034,20,dev-equivariant-scaling-laws-kernel-pilot-clean/analysis_outputs/four_arch_initial_force_kernel_pilot_2026_08_14/krr_learning_curves.csv
eSEN,K0,,256,128,rho_1e-8,1e-08,raw_force,1.1709157895850688,1.3163629383715267,20,dev-equivariant-scaling-laws-kernel-pilot-clean/analysis_outputs/four_arch_initial_force_kernel_pilot_2026_08_14/krr_learning_curves.csv
eSEN,K0,,256,128,ridgeless,0.0,raw_force,1.1709159311392525,1.3163631187309304,20,dev-equivariant-scaling-laws-kernel-pilot-clean/analysis_outputs/four_arch_initial_force_kernel_pilot_2026_08_14/krr_learning_curves.csv
GemNet-OC,K0,,256,8,rho_1e-4,0.0001,common,1.1154139710705548,1.5601556051537688,20,dev-equivariant-scaling-laws-kernel-pilot-clean/analysis_outputs/four_arch_trained_force_kernel_pilot_2026_08_15/krr_learning_curves_common_target.csv
GemNet-OC,K0,,256,8,rho_1e-6,1e-06,common,1.118328854058707,1.5644707097149808,20,dev-equivariant-scaling-laws-kernel-pilot-clean/analysis_outputs/four_arch_trained_force_kernel_pilot_2026_08_15/krr_learning_curves_common_target.csv
GemNet-OC,K0,,256,8,rho_1e-8,1e-08,common,1.1183613277968922,1.5645240571577277,20,dev-equivariant-scaling-laws-kernel-pilot-clean/analysis_outputs/four_arch_trained_force_kernel_pilot_2026_08_15/krr_learning_curves_common_target.csv
GemNet-OC,K0,,256,8,ridgeless,0.0,common,1.1183616561853778,1.5645247131854711,20,dev-equivariant-scaling-laws-kernel-pilot-clean/analysis_outputs/four_arch_trained_force_kernel_pilot_2026_08_15/krr_learning_curves_common_target.csv
GemNet-OC,K0,,256,16,rho_1e-4,0.0001,common,1.4009805122081729,1.6906796534913338,20,dev-equivariant-scaling-laws-kernel-pilot-clean/analysis_outputs/four_arch_trained_force_kernel_pilot_2026_08_15/krr_learning_curves_common_target.csv
GemNet-OC,K0,,256,16,rho_1e-6,1e-06,common,1.3936943761822933,1.7012563744067422,20,dev-equivariant-scaling-laws-kernel-pilot-clean/analysis_outputs/four_arch_trained_force_kernel_pilot_2026_08_15/krr_learning_curves_common_target.csv
GemNet-OC,K0,,256,16,rho_1e-8,1e-08,common,1.3915927847238345,1.7011636333947966,20,dev-equivariant-scaling-laws-kernel-pilot-clean/analysis_outputs/four_arch_trained_force_kernel_pilot_2026_08_15/krr_learning_curves_common_target.csv
GemNet-OC,K0,,256,16,ridgeless,0.0,common,1.3915572282829347,1.701161087845081,20,dev-equivariant-scaling-laws-kernel-pilot-clean/analysis_outputs/four_arch_trained_force_kernel_pilot_2026_08_15/krr_learning_curves_common_target.csv
GemNet-OC,K0,,256,32,rho_1e-4,0.0001,common,2.039574969399952,1.9884337372398828,20,dev-equivariant-scaling-laws-kernel-pilot-clean/analysis_outputs/four_arch_trained_force_kernel_pilot_2026_08_15/krr_learning_curves_common_target.csv
GemNet-OC,K0,,256,32,rho_1e-6,1e-06,common,2.145274264170748,2.0538396600369806,20,dev-equivariant-scaling-laws-kernel-pilot-clean/analysis_outputs/four_arch_trained_force_kernel_pilot_2026_08_15/krr_learning_curves_common_target.csv
GemNet-OC,K0,,256,32,rho_1e-8,1e-08,common,2.1455486279746103,2.0541953011557563,20,dev-equivariant-scaling-laws-kernel-pilot-clean/analysis_outputs/four_arch_trained_force_kernel_pilot_2026_08_15/krr_learning_curves_common_target.csv
GemNet-OC,K0,,256,32,ridgeless,0.0,common,2.1455491943622698,2.054083889915308,20,dev-equivariant-scaling-laws-kernel-pilot-clean/analysis_outputs/four_arch_trained_force_kernel_pilot_2026_08_15/krr_learning_curves_common_target.csv
GemNet-OC,K0,,256,64,rho_1e-4,0.0001,common,1.7684180867766512,2.103193127516923,20,dev-equivariant-scaling-laws-kernel-pilot-clean/analysis_outputs/four_arch_trained_force_kernel_pilot_2026_08_15/krr_learning_curves_common_target.csv
GemNet-OC,K0,,256,64,rho_1e-6,1e-06,common,1.8923560692679477,2.2027673647103763,20,dev-equivariant-scaling-laws-kernel-pilot-clean/analysis_outputs/four_arch_trained_force_kernel_pilot_2026_08_15/krr_learning_curves_common_target.csv
GemNet-OC,K0,,256,64,rho_1e-8,1e-08,common,1.8938058313897366,2.2038086236878867,20,dev-equivariant-scaling-laws-kernel-pilot-clean/analysis_outputs/four_arch_trained_force_kernel_pilot_2026_08_15/krr_learning_curves_common_target.csv
GemNet-OC,K0,,256,64,ridgeless,0.0,common,1.893820496984051,2.203867635976822,20,dev-equivariant-scaling-laws-kernel-pilot-clean/analysis_outputs/four_arch_trained_force_kernel_pilot_2026_08_15/krr_learning_curves_common_target.csv
GemNet-OC,K0,,256,96,rho_1e-4,0.0001,common,1.8238340042066272,2.2877977876776914,20,dev-equivariant-scaling-laws-kernel-pilot-clean/analysis_outputs/four_arch_trained_force_kernel_pilot_2026_08_15/krr_learning_curves_common_target.csv
GemNet-OC,K0,,256,96,rho_1e-6,1e-06,common,1.9876457913743615,2.388190307091187,20,dev-equivariant-scaling-laws-kernel-pilot-clean/analysis_outputs/four_arch_trained_force_kernel_pilot_2026_08_15/krr_learning_curves_common_target.csv
GemNet-OC,K0,,256,96,rho_1e-8,1e-08,common,1.989295701517723,2.3874182241271007,20,dev-equivariant-scaling-laws-kernel-pilot-clean/analysis_outputs/four_arch_trained_force_kernel_pilot_2026_08_15/krr_learning_curves_common_target.csv
GemNet-OC,K0,,256,96,ridgeless,0.0,common,1.9892947602214148,2.3872739515609855,20,dev-equivariant-scaling-laws-kernel-pilot-clean/analysis_outputs/four_arch_trained_force_kernel_pilot_2026_08_15/krr_learning_curves_common_target.csv
GemNet-OC,K0,,256,128,rho_1e-4,0.0001,common,1.6786793989408821,2.1792700693651454,20,dev-equivariant-scaling-laws-kernel-pilot-clean/analysis_outputs/four_arch_trained_force_kernel_pilot_2026_08_15/krr_learning_curves_common_target.csv
GemNet-OC,K0,,256,128,rho_1e-6,1e-06,common,1.8337845559343584,2.2939655803508625,20,dev-equivariant-scaling-laws-kernel-pilot-clean/analysis_outputs/four_arch_trained_force_kernel_pilot_2026_08_15/krr_learning_curves_common_target.csv
GemNet-OC,K0,,256,128,rho_1e-8,1e-08,common,1.8296868817469059,2.291662268425903,20,dev-equivariant-scaling-laws-kernel-pilot-clean/analysis_outputs/four_arch_trained_force_kernel_pilot_2026_08_15/krr_learning_curves_common_target.csv
GemNet-OC,K0,,256,128,ridgeless,0.0,common,1.8293570985819052,2.291540053552184,20,dev-equivariant-scaling-laws-kernel-pilot-clean/analysis_outputs/four_arch_trained_force_kernel_pilot_2026_08_15/krr_learning_curves_common_target.csv
GemNet-OC,K500k,,256,8,rho_1e-4,0.0001,common,0.6117775391505056,0.6058383793427256,20,dev-equivariant-scaling-laws-kernel-pilot-clean/analysis_outputs/four_arch_trained_force_kernel_pilot_2026_08_15/krr_learning_curves_common_target.csv
GemNet-OC,K500k,,256,8,rho_1e-6,1e-06,common,0.6114403399311373,0.6054828674810986,20,dev-equivariant-scaling-laws-kernel-pilot-clean/analysis_outputs/four_arch_trained_force_kernel_pilot_2026_08_15/krr_learning_curves_common_target.csv
GemNet-OC,K500k,,256,8,rho_1e-8,1e-08,common,0.6098880156592226,0.605307590793047,20,dev-equivariant-scaling-laws-kernel-pilot-clean/analysis_outputs/four_arch_trained_force_kernel_pilot_2026_08_15/krr_learning_curves_common_target.csv
GemNet-OC,K500k,,256,8,ridgeless,0.0,common,0.6086865592192605,0.6051756856025085,20,dev-equivariant-scaling-laws-kernel-pilot-clean/analysis_outputs/four_arch_trained_force_kernel_pilot_2026_08_15/krr_learning_curves_common_target.csv
GemNet-OC,K500k,,256,16,rho_1e-4,0.0001,common,0.39215475230952557,0.3898078645240094,20,dev-equivariant-scaling-laws-kernel-pilot-clean/analysis_outputs/four_arch_trained_force_kernel_pilot_2026_08_15/krr_learning_curves_common_target.csv
GemNet-OC,K500k,,256,16,rho_1e-6,1e-06,common,0.39181181022362377,0.38935419032618673,20,dev-equivariant-scaling-laws-kernel-pilot-clean/analysis_outputs/four_arch_trained_force_kernel_pilot_2026_08_15/krr_learning_curves_common_target.csv
GemNet-OC,K500k,,256,16,rho_1e-8,1e-08,common,0.3922053001705976,0.38925561358084887,20,dev-equivariant-scaling-laws-kernel-pilot-clean/analysis_outputs/four_arch_trained_force_kernel_pilot_2026_08_15/krr_learning_curves_common_target.csv
GemNet-OC,K500k,,256,16,ridgeless,0.0,common,0.39277723958195787,0.38919559937766973,20,dev-equivariant-scaling-laws-kernel-pilot-clean/analysis_outputs/four_arch_trained_force_kernel_pilot_2026_08_15/krr_learning_curves_common_target.csv
GemNet-OC,K500k,,256,32,rho_1e-4,0.0001,common,0.22709034130766603,0.22294642759853903,20,dev-equivariant-scaling-laws-kernel-pilot-clean/analysis_outputs/four_arch_trained_force_kernel_pilot_2026_08_15/krr_learning_curves_common_target.csv
GemNet-OC,K500k,,256,32,rho_1e-6,1e-06,common,0.22676230328311187,0.22264074613190626,20,dev-equivariant-scaling-laws-kernel-pilot-clean/analysis_outputs/four_arch_trained_force_kernel_pilot_2026_08_15/krr_learning_curves_common_target.csv
GemNet-OC,K500k,,256,32,rho_1e-8,1e-08,common,0.2271869192765532,0.2226183550854124,20,dev-equivariant-scaling-laws-kernel-pilot-clean/analysis_outputs/four_arch_trained_force_kernel_pilot_2026_08_15/krr_learning_curves_common_target.csv
GemNet-OC,K500k,,256,32,ridgeless,0.0,common,0.227731048109658,0.22262851366102718,20,dev-equivariant-scaling-laws-kernel-pilot-clean/analysis_outputs/four_arch_trained_force_kernel_pilot_2026_08_15/krr_learning_curves_common_target.csv
GemNet-OC,K500k,,256,64,rho_1e-4,0.0001,common,0.09398916053510292,0.10023045745294801,20,dev-equivariant-scaling-laws-kernel-pilot-clean/analysis_outputs/four_arch_trained_force_kernel_pilot_2026_08_15/krr_learning_curves_common_target.csv
GemNet-OC,K500k,,256,64,rho_1e-6,1e-06,common,0.0938679423159294,0.10005257061507382,20,dev-equivariant-scaling-laws-kernel-pilot-clean/analysis_outputs/four_arch_trained_force_kernel_pilot_2026_08_15/krr_learning_curves_common_target.csv
GemNet-OC,K500k,,256,64,rho_1e-8,1e-08,common,0.09388146963683264,0.09996604559754582,20,dev-equivariant-scaling-laws-kernel-pilot-clean/analysis_outputs/four_arch_trained_force_kernel_pilot_2026_08_15/krr_learning_curves_common_target.csv
GemNet-OC,K500k,,256,64,ridgeless,0.0,common,0.09387805357187469,0.100006885012727,20,dev-equivariant-scaling-laws-kernel-pilot-clean/analysis_outputs/four_arch_trained_force_kernel_pilot_2026_08_15/krr_learning_curves_common_target.csv
GemNet-OC,K500k,,256,96,rho_1e-4,0.0001,common,0.05411079805962267,0.05793859284552463,20,dev-equivariant-scaling-laws-kernel-pilot-clean/analysis_outputs/four_arch_trained_force_kernel_pilot_2026_08_15/krr_learning_curves_common_target.csv
GemNet-OC,K500k,,256,96,rho_1e-6,1e-06,common,0.05409399485883881,0.05781619581586204,20,dev-equivariant-scaling-laws-kernel-pilot-clean/analysis_outputs/four_arch_trained_force_kernel_pilot_2026_08_15/krr_learning_curves_common_target.csv
GemNet-OC,K500k,,256,96,rho_1e-8,1e-08,common,0.05415880187663376,0.05785680053201362,20,dev-equivariant-scaling-laws-kernel-pilot-clean/analysis_outputs/four_arch_trained_force_kernel_pilot_2026_08_15/krr_learning_curves_common_target.csv
GemNet-OC,K500k,,256,96,ridgeless,0.0,common,0.05431753783908125,0.05795848584482758,20,dev-equivariant-scaling-laws-kernel-pilot-clean/analysis_outputs/four_arch_trained_force_kernel_pilot_2026_08_15/krr_learning_curves_common_target.csv
GemNet-OC,K500k,,256,128,rho_1e-4,0.0001,common,0.02632746113993175,0.03423708840656632,20,dev-equivariant-scaling-laws-kernel-pilot-clean/analysis_outputs/four_arch_trained_force_kernel_pilot_2026_08_15/krr_learning_curves_common_target.csv
GemNet-OC,K500k,,256,128,rho_1e-6,1e-06,common,0.02628279848839337,0.034150114190712705,20,dev-equivariant-scaling-laws-kernel-pilot-clean/analysis_outputs/four_arch_trained_force_kernel_pilot_2026_08_15/krr_learning_curves_common_target.csv
GemNet-OC,K500k,,256,128,rho_1e-8,1e-08,common,0.026289118635811286,0.03418003572671281,20,dev-equivariant-scaling-laws-kernel-pilot-clean/analysis_outputs/four_arch_trained_force_kernel_pilot_2026_08_15/krr_learning_curves_common_target.csv
GemNet-OC,K500k,,256,128,ridgeless,0.0,common,0.02628405162321265,0.03427731621526209,20,dev-equivariant-scaling-laws-kernel-pilot-clean/analysis_outputs/four_arch_trained_force_kernel_pilot_2026_08_15/krr_learning_curves_common_target.csv
GemNet-OC,K50k,,256,8,rho_1e-4,0.0001,common,0.6802734062792992,0.6596810039042953,20,dev-equivariant-scaling-laws-kernel-pilot-clean/analysis_outputs/four_arch_trained_force_kernel_pilot_2026_08_15/krr_learning_curves_common_target.csv
GemNet-OC,K50k,,256,8,rho_1e-6,1e-06,common,0.67942181495054,0.658608162456116,20,dev-equivariant-scaling-laws-kernel-pilot-clean/analysis_outputs/four_arch_trained_force_kernel_pilot_2026_08_15/krr_learning_curves_common_target.csv
GemNet-OC,K50k,,256,8,rho_1e-8,1e-08,common,0.6794118671269377,0.6586798181087457,20,dev-equivariant-scaling-laws-kernel-pilot-clean/analysis_outputs/four_arch_trained_force_kernel_pilot_2026_08_15/krr_learning_curves_common_target.csv
GemNet-OC,K50k,,256,8,ridgeless,0.0,common,0.6794117664542488,0.6588737254901224,20,dev-equivariant-scaling-laws-kernel-pilot-clean/analysis_outputs/four_arch_trained_force_kernel_pilot_2026_08_15/krr_learning_curves_common_target.csv
GemNet-OC,K50k,,256,16,rho_1e-4,0.0001,common,0.45219783775030875,0.4537144231897937,20,dev-equivariant-scaling-laws-kernel-pilot-clean/analysis_outputs/four_arch_trained_force_kernel_pilot_2026_08_15/krr_learning_curves_common_target.csv
GemNet-OC,K50k,,256,16,rho_1e-6,1e-06,common,0.4519334369646715,0.4531093938292341,20,dev-equivariant-scaling-laws-kernel-pilot-clean/analysis_outputs/four_arch_trained_force_kernel_pilot_2026_08_15/krr_learning_curves_common_target.csv
GemNet-OC,K50k,,256,16,rho_1e-8,1e-08,common,0.4517770011202676,0.45308286740954895,20,dev-equivariant-scaling-laws-kernel-pilot-clean/analysis_outputs/four_arch_trained_force_kernel_pilot_2026_08_15/krr_learning_curves_common_target.csv
GemNet-OC,K50k,,256,16,ridgeless,0.0,common,0.45156870280685923,0.4531737223974018,20,dev-equivariant-scaling-laws-kernel-pilot-clean/analysis_outputs/four_arch_trained_force_kernel_pilot_2026_08_15/krr_learning_curves_common_target.csv
GemNet-OC,K50k,,256,32,rho_1e-4,0.0001,common,0.29749502665776717,0.28398725654111534,20,dev-equivariant-scaling-laws-kernel-pilot-clean/analysis_outputs/four_arch_trained_force_kernel_pilot_2026_08_15/krr_learning_curves_common_target.csv
GemNet-OC,K50k,,256,32,rho_1e-6,1e-06,common,0.29619709925524945,0.28312985287753867,20,dev-equivariant-scaling-laws-kernel-pilot-clean/analysis_outputs/four_arch_trained_force_kernel_pilot_2026_08_15/krr_learning_curves_common_target.csv
GemNet-OC,K50k,,256,32,rho_1e-8,1e-08,common,0.29544804925254287,0.2830002448804555,20,dev-equivariant-scaling-laws-kernel-pilot-clean/analysis_outputs/four_arch_trained_force_kernel_pilot_2026_08_15/krr_learning_curves_common_target.csv
GemNet-OC,K50k,,256,32,ridgeless,0.0,common,0.2949581671220235,0.2830156351306202,20,dev-equivariant-scaling-laws-kernel-pilot-clean/analysis_outputs/four_arch_trained_force_kernel_pilot_2026_08_15/krr_learning_curves_common_target.csv
GemNet-OC,K50k,,256,64,rho_1e-4,0.0001,common,0.1387828722741023,0.1476664232056894,20,dev-equivariant-scaling-laws-kernel-pilot-clean/analysis_outputs/four_arch_trained_force_kernel_pilot_2026_08_15/krr_learning_curves_common_target.csv
GemNet-OC,K50k,,256,64,rho_1e-6,1e-06,common,0.13848677893521122,0.14693791094359707,20,dev-equivariant-scaling-laws-kernel-pilot-clean/analysis_outputs/four_arch_trained_force_kernel_pilot_2026_08_15/krr_learning_curves_common_target.csv
GemNet-OC,K50k,,256,64,rho_1e-8,1e-08,common,0.13852521693442787,0.14682153388816246,20,dev-equivariant-scaling-laws-kernel-pilot-clean/analysis_outputs/four_arch_trained_force_kernel_pilot_2026_08_15/krr_learning_curves_common_target.csv
GemNet-OC,K50k,,256,64,ridgeless,0.0,common,0.13853297345566892,0.14676654743848297,20,dev-equivariant-scaling-laws-kernel-pilot-clean/analysis_outputs/four_arch_trained_force_kernel_pilot_2026_08_15/krr_learning_curves_common_target.csv
GemNet-OC,K50k,,256,96,rho_1e-4,0.0001,common,0.08919237705434209,0.09817757161000348,20,dev-equivariant-scaling-laws-kernel-pilot-clean/analysis_outputs/four_arch_trained_force_kernel_pilot_2026_08_15/krr_learning_curves_common_target.csv
GemNet-OC,K50k,,256,96,rho_1e-6,1e-06,common,0.08902594975779896,0.0977623167354086,20,dev-equivariant-scaling-laws-kernel-pilot-clean/analysis_outputs/four_arch_trained_force_kernel_pilot_2026_08_15/krr_learning_curves_common_target.csv
GemNet-OC,K50k,,256,96,rho_1e-8,1e-08,common,0.08879627491028216,0.0976173014167902,20,dev-equivariant-scaling-laws-kernel-pilot-clean/analysis_outputs/four_arch_trained_force_kernel_pilot_2026_08_15/krr_learning_curves_common_target.csv
GemNet-OC,K50k,,256,96,ridgeless,0.0,common,0.08879468497938153,0.09749758712333055,20,dev-equivariant-scaling-laws-kernel-pilot-clean/analysis_outputs/four_arch_trained_force_kernel_pilot_2026_08_15/krr_learning_curves_common_target.csv
GemNet-OC,K50k,,256,128,rho_1e-4,0.0001,common,0.04701266772590261,0.06307222058688569,20,dev-equivariant-scaling-laws-kernel-pilot-clean/analysis_outputs/four_arch_trained_force_kernel_pilot_2026_08_15/krr_learning_curves_common_target.csv
GemNet-OC,K50k,,256,128,rho_1e-6,1e-06,common,0.04697905063686368,0.0625072019980322,20,dev-equivariant-scaling-laws-kernel-pilot-clean/analysis_outputs/four_arch_trained_force_kernel_pilot_2026_08_15/krr_learning_curves_common_target.csv
GemNet-OC,K50k,,256,128,rho_1e-8,1e-08,common,0.046581023162339835,0.062308835713258216,20,dev-equivariant-scaling-laws-kernel-pilot-clean/analysis_outputs/four_arch_trained_force_kernel_pilot_2026_08_15/krr_learning_curves_common_target.csv
GemNet-OC,K50k,,256,128,ridgeless,0.0,common,0.04657056083732239,0.062189408341854234,20,dev-equivariant-scaling-laws-kernel-pilot-clean/analysis_outputs/four_arch_trained_force_kernel_pilot_2026_08_15/krr_learning_curves_common_target.csv
MC-EGNN,K0,,256,8,rho_1e-4,0.0001,common,1.1732990588559247,1.5537356367655357,20,dev-equivariant-scaling-laws-kernel-pilot-clean/analysis_outputs/four_arch_trained_force_kernel_pilot_2026_08_15/krr_learning_curves_common_target.csv
MC-EGNN,K0,,256,8,rho_1e-6,1e-06,common,3.5915280704897024,11.168397857978032,20,dev-equivariant-scaling-laws-kernel-pilot-clean/analysis_outputs/four_arch_trained_force_kernel_pilot_2026_08_15/krr_learning_curves_common_target.csv
MC-EGNN,K0,,256,8,rho_1e-8,1e-08,common,5.362993232588716,28.09305945161399,20,dev-equivariant-scaling-laws-kernel-pilot-clean/analysis_outputs/four_arch_trained_force_kernel_pilot_2026_08_15/krr_learning_curves_common_target.csv
MC-EGNN,K0,,256,8,ridgeless,0.0,common,5.418682337987642,29.23737719519379,20,dev-equivariant-scaling-laws-kernel-pilot-clean/analysis_outputs/four_arch_trained_force_kernel_pilot_2026_08_15/krr_learning_curves_common_target.csv
MC-EGNN,K0,,256,16,rho_1e-4,0.0001,common,1.1339584478999798,1.3246473141858888,20,dev-equivariant-scaling-laws-kernel-pilot-clean/analysis_outputs/four_arch_trained_force_kernel_pilot_2026_08_15/krr_learning_curves_common_target.csv
MC-EGNN,K0,,256,16,rho_1e-6,1e-06,common,3.4916905073970783,10.82332302652409,20,dev-equivariant-scaling-laws-kernel-pilot-clean/analysis_outputs/four_arch_trained_force_kernel_pilot_2026_08_15/krr_learning_curves_common_target.csv
MC-EGNN,K0,,256,16,rho_1e-8,1e-08,common,7.148180811353393,18.215314887210702,20,dev-equivariant-scaling-laws-kernel-pilot-clean/analysis_outputs/four_arch_trained_force_kernel_pilot_2026_08_15/krr_learning_curves_common_target.csv
MC-EGNN,K0,,256,16,ridgeless,0.0,common,8.306295824497267,18.985872032741877,20,dev-equivariant-scaling-laws-kernel-pilot-clean/analysis_outputs/four_arch_trained_force_kernel_pilot_2026_08_15/krr_learning_curves_common_target.csv
MC-EGNN,K0,,256,32,rho_1e-4,0.0001,common,1.1037798850917673,1.2132107952238782,20,dev-equivariant-scaling-laws-kernel-pilot-clean/analysis_outputs/four_arch_trained_force_kernel_pilot_2026_08_15/krr_learning_curves_common_target.csv
MC-EGNN,K0,,256,32,rho_1e-6,1e-06,common,3.2680500632556653,9.174353239198805,20,dev-equivariant-scaling-laws-kernel-pilot-clean/analysis_outputs/four_arch_trained_force_kernel_pilot_2026_08_15/krr_learning_curves_common_target.csv
MC-EGNN,K0,,256,32,rho_1e-8,1e-08,common,11.891590875524562,25.411607148511717,20,dev-equivariant-scaling-laws-kernel-pilot-clean/analysis_outputs/four_arch_trained_force_kernel_pilot_2026_08_15/krr_learning_curves_common_target.csv
MC-EGNN,K0,,256,32,ridgeless,0.0,common,14.171987757528145,28.531185365345557,20,dev-equivariant-scaling-laws-kernel-pilot-clean/analysis_outputs/four_arch_trained_force_kernel_pilot_2026_08_15/krr_learning_curves_common_target.csv
MC-EGNN,K0,,256,64,rho_1e-4,0.0001,common,1.0909323171180438,1.1565787655697837,20,dev-equivariant-scaling-laws-kernel-pilot-clean/analysis_outputs/four_arch_trained_force_kernel_pilot_2026_08_15/krr_learning_curves_common_target.csv
MC-EGNN,K0,,256,64,rho_1e-6,1e-06,common,3.4537695726628943,8.317346049096,20,dev-equivariant-scaling-laws-kernel-pilot-clean/analysis_outputs/four_arch_trained_force_kernel_pilot_2026_08_15/krr_learning_curves_common_target.csv
MC-EGNN,K0,,256,64,rho_1e-8,1e-08,common,13.030455547135125,60.908890011357286,20,dev-equivariant-scaling-laws-kernel-pilot-clean/analysis_outputs/four_arch_trained_force_kernel_pilot_2026_08_15/krr_learning_curves_common_target.csv
MC-EGNN,K0,,256,64,ridgeless,0.0,common,17.359832626387266,72.50335958254792,20,dev-equivariant-scaling-laws-kernel-pilot-clean/analysis_outputs/four_arch_trained_force_kernel_pilot_2026_08_15/krr_learning_curves_common_target.csv
MC-EGNN,K0,,256,96,rho_1e-4,0.0001,common,1.1059377946442839,1.1752119157904302,20,dev-equivariant-scaling-laws-kernel-pilot-clean/analysis_outputs/four_arch_trained_force_kernel_pilot_2026_08_15/krr_learning_curves_common_target.csv
MC-EGNN,K0,,256,96,rho_1e-6,1e-06,common,9.388533098458826,18.2208862464224,20,dev-equivariant-scaling-laws-kernel-pilot-clean/analysis_outputs/four_arch_trained_force_kernel_pilot_2026_08_15/krr_learning_curves_common_target.csv
MC-EGNN,K0,,256,96,rho_1e-8,1e-08,common,28.571605145215607,185.14777774564578,20,dev-equivariant-scaling-laws-kernel-pilot-clean/analysis_outputs/four_arch_trained_force_kernel_pilot_2026_08_15/krr_learning_curves_common_target.csv
MC-EGNN,K0,,256,96,ridgeless,0.0,common,52.60628625222728,207.39564425794362,20,dev-equivariant-scaling-laws-kernel-pilot-clean/analysis_outputs/four_arch_trained_force_kernel_pilot_2026_08_15/krr_learning_curves_common_target.csv
MC-EGNN,K0,,256,128,rho_1e-4,0.0001,common,1.1597707306947744,1.1640426527970589,20,dev-equivariant-scaling-laws-kernel-pilot-clean/analysis_outputs/four_arch_trained_force_kernel_pilot_2026_08_15/krr_learning_curves_common_target.csv
MC-EGNN,K0,,256,128,rho_1e-6,1e-06,common,6.154241408765099,22.87298324266748,20,dev-equivariant-scaling-laws-kernel-pilot-clean/analysis_outputs/four_arch_trained_force_kernel_pilot_2026_08_15/krr_learning_curves_common_target.csv
MC-EGNN,K0,,256,128,rho_1e-8,1e-08,common,27.99334487050298,248.95582471660637,20,dev-equivariant-scaling-laws-kernel-pilot-clean/analysis_outputs/four_arch_trained_force_kernel_pilot_2026_08_15/krr_learning_curves_common_target.csv
MC-EGNN,K0,,256,128,ridgeless,0.0,common,33.08313839616464,260.4498095338445,20,dev-equivariant-scaling-laws-kernel-pilot-clean/analysis_outputs/four_arch_trained_force_kernel_pilot_2026_08_15/krr_learning_curves_common_target.csv
MC-EGNN,K500k,,256,8,rho_1e-4,0.0001,common,0.9660131607886051,0.9772757105168525,20,dev-equivariant-scaling-laws-kernel-pilot-clean/analysis_outputs/four_arch_trained_force_kernel_pilot_2026_08_15/krr_learning_curves_common_target.csv
MC-EGNN,K500k,,256,8,rho_1e-6,1e-06,common,0.9657088971957252,0.9774469646725225,20,dev-equivariant-scaling-laws-kernel-pilot-clean/analysis_outputs/four_arch_trained_force_kernel_pilot_2026_08_15/krr_learning_curves_common_target.csv
MC-EGNN,K500k,,256,8,rho_1e-8,1e-08,common,0.9657109407259779,0.9770183299890404,20,dev-equivariant-scaling-laws-kernel-pilot-clean/analysis_outputs/four_arch_trained_force_kernel_pilot_2026_08_15/krr_learning_curves_common_target.csv
MC-EGNN,K500k,,256,8,ridgeless,0.0,common,0.9657109626677725,0.976951308439536,20,dev-equivariant-scaling-laws-kernel-pilot-clean/analysis_outputs/four_arch_trained_force_kernel_pilot_2026_08_15/krr_learning_curves_common_target.csv
MC-EGNN,K500k,,256,16,rho_1e-4,0.0001,common,0.8706079788080067,0.8928930100100508,20,dev-equivariant-scaling-laws-kernel-pilot-clean/analysis_outputs/four_arch_trained_force_kernel_pilot_2026_08_15/krr_learning_curves_common_target.csv
MC-EGNN,K500k,,256,16,rho_1e-6,1e-06,common,0.8703374138004729,0.8895194981136518,20,dev-equivariant-scaling-laws-kernel-pilot-clean/analysis_outputs/four_arch_trained_force_kernel_pilot_2026_08_15/krr_learning_curves_common_target.csv
MC-EGNN,K500k,,256,16,rho_1e-8,1e-08,common,0.8703271407863,0.8875346405565192,20,dev-equivariant-scaling-laws-kernel-pilot-clean/analysis_outputs/four_arch_trained_force_kernel_pilot_2026_08_15/krr_learning_curves_common_target.csv
MC-EGNN,K500k,,256,16,ridgeless,0.0,common,0.8703118939930212,0.8874745128558266,20,dev-equivariant-scaling-laws-kernel-pilot-clean/analysis_outputs/four_arch_trained_force_kernel_pilot_2026_08_15/krr_learning_curves_common_target.csv
MC-EGNN,K500k,,256,32,rho_1e-4,0.0001,common,0.7350491359413576,0.8959885233738945,20,dev-equivariant-scaling-laws-kernel-pilot-clean/analysis_outputs/four_arch_trained_force_kernel_pilot_2026_08_15/krr_learning_curves_common_target.csv
MC-EGNN,K500k,,256,32,rho_1e-6,1e-06,common,0.7350708216938404,0.8816600455452315,20,dev-equivariant-scaling-laws-kernel-pilot-clean/analysis_outputs/four_arch_trained_force_kernel_pilot_2026_08_15/krr_learning_curves_common_target.csv
MC-EGNN,K500k,,256,32,rho_1e-8,1e-08,common,0.7354490224281385,0.8803338499376133,20,dev-equivariant-scaling-laws-kernel-pilot-clean/analysis_outputs/four_arch_trained_force_kernel_pilot_2026_08_15/krr_learning_curves_common_target.csv
MC-EGNN,K500k,,256,32,ridgeless,0.0,common,0.7350619666613976,0.8794733067751457,20,dev-equivariant-scaling-laws-kernel-pilot-clean/analysis_outputs/four_arch_trained_force_kernel_pilot_2026_08_15/krr_learning_curves_common_target.csv
MC-EGNN,K500k,,256,64,rho_1e-4,0.0001,common,0.65002842219734,0.84713216543035,20,dev-equivariant-scaling-laws-kernel-pilot-clean/analysis_outputs/four_arch_trained_force_kernel_pilot_2026_08_15/krr_learning_curves_common_target.csv
MC-EGNN,K500k,,256,64,rho_1e-6,1e-06,common,0.6392333289690777,0.8328436053112597,20,dev-equivariant-scaling-laws-kernel-pilot-clean/analysis_outputs/four_arch_trained_force_kernel_pilot_2026_08_15/krr_learning_curves_common_target.csv
MC-EGNN,K500k,,256,64,rho_1e-8,1e-08,common,0.6400850081230572,0.827691742133756,20,dev-equivariant-scaling-laws-kernel-pilot-clean/analysis_outputs/four_arch_trained_force_kernel_pilot_2026_08_15/krr_learning_curves_common_target.csv
MC-EGNN,K500k,,256,64,ridgeless,0.0,common,0.640281984019989,0.8252522562604575,20,dev-equivariant-scaling-laws-kernel-pilot-clean/analysis_outputs/four_arch_trained_force_kernel_pilot_2026_08_15/krr_learning_curves_common_target.csv
MC-EGNN,K500k,,256,96,rho_1e-4,0.0001,common,0.482137274447079,0.9209181893708418,20,dev-equivariant-scaling-laws-kernel-pilot-clean/analysis_outputs/four_arch_trained_force_kernel_pilot_2026_08_15/krr_learning_curves_common_target.csv
MC-EGNN,K500k,,256,96,rho_1e-6,1e-06,common,0.474551660031735,0.8919499516438938,20,dev-equivariant-scaling-laws-kernel-pilot-clean/analysis_outputs/four_arch_trained_force_kernel_pilot_2026_08_15/krr_learning_curves_common_target.csv
MC-EGNN,K500k,,256,96,rho_1e-8,1e-08,common,0.4738657229309222,0.8890809097972067,20,dev-equivariant-scaling-laws-kernel-pilot-clean/analysis_outputs/four_arch_trained_force_kernel_pilot_2026_08_15/krr_learning_curves_common_target.csv
MC-EGNN,K500k,,256,96,ridgeless,0.0,common,0.47400366314437514,0.886778092789308,20,dev-equivariant-scaling-laws-kernel-pilot-clean/analysis_outputs/four_arch_trained_force_kernel_pilot_2026_08_15/krr_learning_curves_common_target.csv
MC-EGNN,K500k,,256,128,rho_1e-4,0.0001,common,0.4424675227514482,1.106627345662404,20,dev-equivariant-scaling-laws-kernel-pilot-clean/analysis_outputs/four_arch_trained_force_kernel_pilot_2026_08_15/krr_learning_curves_common_target.csv
MC-EGNN,K500k,,256,128,rho_1e-6,1e-06,common,0.4342216967006096,1.0333613231300645,20,dev-equivariant-scaling-laws-kernel-pilot-clean/analysis_outputs/four_arch_trained_force_kernel_pilot_2026_08_15/krr_learning_curves_common_target.csv
MC-EGNN,K500k,,256,128,rho_1e-8,1e-08,common,0.4343133440172784,1.0321647974926227,20,dev-equivariant-scaling-laws-kernel-pilot-clean/analysis_outputs/four_arch_trained_force_kernel_pilot_2026_08_15/krr_learning_curves_common_target.csv
MC-EGNN,K500k,,256,128,ridgeless,0.0,common,0.43436341545100765,1.0296657769011839,20,dev-equivariant-scaling-laws-kernel-pilot-clean/analysis_outputs/four_arch_trained_force_kernel_pilot_2026_08_15/krr_learning_curves_common_target.csv
MC-EGNN,K50k,,256,8,rho_1e-4,0.0001,common,0.9193719652033344,0.8936790495352543,20,dev-equivariant-scaling-laws-kernel-pilot-clean/analysis_outputs/four_arch_trained_force_kernel_pilot_2026_08_15/krr_learning_curves_common_target.csv
MC-EGNN,K50k,,256,8,rho_1e-6,1e-06,common,0.9192683296363888,0.8941001143331269,20,dev-equivariant-scaling-laws-kernel-pilot-clean/analysis_outputs/four_arch_trained_force_kernel_pilot_2026_08_15/krr_learning_curves_common_target.csv
MC-EGNN,K50k,,256,8,rho_1e-8,1e-08,common,0.9193054543810621,0.89425041875822,20,dev-equivariant-scaling-laws-kernel-pilot-clean/analysis_outputs/four_arch_trained_force_kernel_pilot_2026_08_15/krr_learning_curves_common_target.csv
MC-EGNN,K50k,,256,8,ridgeless,0.0,common,0.9193058550451214,0.8942123131203246,20,dev-equivariant-scaling-laws-kernel-pilot-clean/analysis_outputs/four_arch_trained_force_kernel_pilot_2026_08_15/krr_learning_curves_common_target.csv
MC-EGNN,K50k,,256,16,rho_1e-4,0.0001,common,0.797832839694198,0.7764081466369199,20,dev-equivariant-scaling-laws-kernel-pilot-clean/analysis_outputs/four_arch_trained_force_kernel_pilot_2026_08_15/krr_learning_curves_common_target.csv
MC-EGNN,K50k,,256,16,rho_1e-6,1e-06,common,0.7963706425715735,0.7752217213013513,20,dev-equivariant-scaling-laws-kernel-pilot-clean/analysis_outputs/four_arch_trained_force_kernel_pilot_2026_08_15/krr_learning_curves_common_target.csv
MC-EGNN,K50k,,256,16,rho_1e-8,1e-08,common,0.7963203118912914,0.7752578276745892,20,dev-equivariant-scaling-laws-kernel-pilot-clean/analysis_outputs/four_arch_trained_force_kernel_pilot_2026_08_15/krr_learning_curves_common_target.csv
MC-EGNN,K50k,,256,16,ridgeless,0.0,common,0.7963197920781113,0.7752325892307923,20,dev-equivariant-scaling-laws-kernel-pilot-clean/analysis_outputs/four_arch_trained_force_kernel_pilot_2026_08_15/krr_learning_curves_common_target.csv
MC-EGNN,K50k,,256,32,rho_1e-4,0.0001,common,0.6672039731869697,0.6452812053021371,20,dev-equivariant-scaling-laws-kernel-pilot-clean/analysis_outputs/four_arch_trained_force_kernel_pilot_2026_08_15/krr_learning_curves_common_target.csv
MC-EGNN,K50k,,256,32,rho_1e-6,1e-06,common,0.6684951250629246,0.6447480385058856,20,dev-equivariant-scaling-laws-kernel-pilot-clean/analysis_outputs/four_arch_trained_force_kernel_pilot_2026_08_15/krr_learning_curves_common_target.csv
MC-EGNN,K50k,,256,32,rho_1e-8,1e-08,common,0.6685224923928859,0.6447518640178724,20,dev-equivariant-scaling-laws-kernel-pilot-clean/analysis_outputs/four_arch_trained_force_kernel_pilot_2026_08_15/krr_learning_curves_common_target.csv
MC-EGNN,K50k,,256,32,ridgeless,0.0,common,0.6685227721586984,0.6446695858626829,20,dev-equivariant-scaling-laws-kernel-pilot-clean/analysis_outputs/four_arch_trained_force_kernel_pilot_2026_08_15/krr_learning_curves_common_target.csv
MC-EGNN,K50k,,256,64,rho_1e-4,0.0001,common,0.5242334983379253,0.49705868482809146,20,dev-equivariant-scaling-laws-kernel-pilot-clean/analysis_outputs/four_arch_trained_force_kernel_pilot_2026_08_15/krr_learning_curves_common_target.csv
MC-EGNN,K50k,,256,64,rho_1e-6,1e-06,common,0.5260195459946897,0.4974787102754211,20,dev-equivariant-scaling-laws-kernel-pilot-clean/analysis_outputs/four_arch_trained_force_kernel_pilot_2026_08_15/krr_learning_curves_common_target.csv
MC-EGNN,K50k,,256,64,rho_1e-8,1e-08,common,0.5266680755725934,0.4977942047071049,20,dev-equivariant-scaling-laws-kernel-pilot-clean/analysis_outputs/four_arch_trained_force_kernel_pilot_2026_08_15/krr_learning_curves_common_target.csv
MC-EGNN,K50k,,256,64,ridgeless,0.0,common,0.5266797750846504,0.4978460983465981,20,dev-equivariant-scaling-laws-kernel-pilot-clean/analysis_outputs/four_arch_trained_force_kernel_pilot_2026_08_15/krr_learning_curves_common_target.csv
MC-EGNN,K50k,,256,96,rho_1e-4,0.0001,common,0.4361849904383219,0.3973926186903026,20,dev-equivariant-scaling-laws-kernel-pilot-clean/analysis_outputs/four_arch_trained_force_kernel_pilot_2026_08_15/krr_learning_curves_common_target.csv
MC-EGNN,K50k,,256,96,rho_1e-6,1e-06,common,0.43445994380308295,0.397517748212975,20,dev-equivariant-scaling-laws-kernel-pilot-clean/analysis_outputs/four_arch_trained_force_kernel_pilot_2026_08_15/krr_learning_curves_common_target.csv
MC-EGNN,K50k,,256,96,rho_1e-8,1e-08,common,0.43417231806551204,0.39753859615845083,20,dev-equivariant-scaling-laws-kernel-pilot-clean/analysis_outputs/four_arch_trained_force_kernel_pilot_2026_08_15/krr_learning_curves_common_target.csv
MC-EGNN,K50k,,256,96,ridgeless,0.0,common,0.4341456414304015,0.3975709562729516,20,dev-equivariant-scaling-laws-kernel-pilot-clean/analysis_outputs/four_arch_trained_force_kernel_pilot_2026_08_15/krr_learning_curves_common_target.csv
MC-EGNN,K50k,,256,128,rho_1e-4,0.0001,common,0.3601112518419648,0.3390573122749749,20,dev-equivariant-scaling-laws-kernel-pilot-clean/analysis_outputs/four_arch_trained_force_kernel_pilot_2026_08_15/krr_learning_curves_common_target.csv
MC-EGNN,K50k,,256,128,rho_1e-6,1e-06,common,0.3593812188381903,0.33976242231256487,20,dev-equivariant-scaling-laws-kernel-pilot-clean/analysis_outputs/four_arch_trained_force_kernel_pilot_2026_08_15/krr_learning_curves_common_target.csv
MC-EGNN,K50k,,256,128,rho_1e-8,1e-08,common,0.3588230085165175,0.33939401503023175,20,dev-equivariant-scaling-laws-kernel-pilot-clean/analysis_outputs/four_arch_trained_force_kernel_pilot_2026_08_15/krr_learning_curves_common_target.csv
MC-EGNN,K50k,,256,128,ridgeless,0.0,common,0.3587468142919089,0.3394305649655855,20,dev-equivariant-scaling-laws-kernel-pilot-clean/analysis_outputs/four_arch_trained_force_kernel_pilot_2026_08_15/krr_learning_curves_common_target.csv
MPNN,K0,,256,8,rho_1e-4,0.0001,common,1.1364872923257257,1.356828474344105,20,dev-equivariant-scaling-laws-kernel-pilot-clean/analysis_outputs/four_arch_trained_force_kernel_pilot_2026_08_15/krr_learning_curves_common_target.csv
MPNN,K0,,256,8,rho_1e-6,1e-06,common,1.136541966093489,1.3571207579127,20,dev-equivariant-scaling-laws-kernel-pilot-clean/analysis_outputs/four_arch_trained_force_kernel_pilot_2026_08_15/krr_learning_curves_common_target.csv
MPNN,K0,,256,8,rho_1e-8,1e-08,common,1.1365425130856246,1.35712368412145,20,dev-equivariant-scaling-laws-kernel-pilot-clean/analysis_outputs/four_arch_trained_force_kernel_pilot_2026_08_15/krr_learning_curves_common_target.csv
MPNN,K0,,256,8,ridgeless,0.0,common,1.1365425186108233,1.3571237136794552,20,dev-equivariant-scaling-laws-kernel-pilot-clean/analysis_outputs/four_arch_trained_force_kernel_pilot_2026_08_15/krr_learning_curves_common_target.csv
MPNN,K0,,256,16,rho_1e-4,0.0001,common,1.1846562956697833,1.3745469956723075,20,dev-equivariant-scaling-laws-kernel-pilot-clean/analysis_outputs/four_arch_trained_force_kernel_pilot_2026_08_15/krr_learning_curves_common_target.csv
MPNN,K0,,256,16,rho_1e-6,1e-06,common,1.1847230100255843,1.3748934424703718,20,dev-equivariant-scaling-laws-kernel-pilot-clean/analysis_outputs/four_arch_trained_force_kernel_pilot_2026_08_15/krr_learning_curves_common_target.csv
MPNN,K0,,256,16,rho_1e-8,1e-08,common,1.1847236776744294,1.3748969117003957,20,dev-equivariant-scaling-laws-kernel-pilot-clean/analysis_outputs/four_arch_trained_force_kernel_pilot_2026_08_15/krr_learning_curves_common_target.csv
MPNN,K0,,256,16,ridgeless,0.0,common,1.1847236844184086,1.3748969467436052,20,dev-equivariant-scaling-laws-kernel-pilot-clean/analysis_outputs/four_arch_trained_force_kernel_pilot_2026_08_15/krr_learning_curves_common_target.csv
MPNN,K0,,256,32,rho_1e-4,0.0001,common,1.2402138250694605,1.2934541254214573,20,dev-equivariant-scaling-laws-kernel-pilot-clean/analysis_outputs/four_arch_trained_force_kernel_pilot_2026_08_15/krr_learning_curves_common_target.csv
MPNN,K0,,256,32,rho_1e-6,1e-06,common,1.2404141014278818,1.2936875770904916,20,dev-equivariant-scaling-laws-kernel-pilot-clean/analysis_outputs/four_arch_trained_force_kernel_pilot_2026_08_15/krr_learning_curves_common_target.csv
MPNN,K0,,256,32,rho_1e-8,1e-08,common,1.2404161065647703,1.293689914454949,20,dev-equivariant-scaling-laws-kernel-pilot-clean/analysis_outputs/four_arch_trained_force_kernel_pilot_2026_08_15/krr_learning_curves_common_target.csv
MPNN,K0,,256,32,ridgeless,0.0,common,1.2404161268189182,1.293689938064979,20,dev-equivariant-scaling-laws-kernel-pilot-clean/analysis_outputs/four_arch_trained_force_kernel_pilot_2026_08_15/krr_learning_curves_common_target.csv
MPNN,K0,,256,64,rho_1e-4,0.0001,common,1.2591395909981906,1.344613870336358,20,dev-equivariant-scaling-laws-kernel-pilot-clean/analysis_outputs/four_arch_trained_force_kernel_pilot_2026_08_15/krr_learning_curves_common_target.csv
MPNN,K0,,256,64,rho_1e-6,1e-06,common,1.2594558734047432,1.3449081003037922,20,dev-equivariant-scaling-laws-kernel-pilot-clean/analysis_outputs/four_arch_trained_force_kernel_pilot_2026_08_15/krr_learning_curves_common_target.csv
MPNN,K0,,256,64,rho_1e-8,1e-08,common,1.2594590416566485,1.3449110464385927,20,dev-equivariant-scaling-laws-kernel-pilot-clean/analysis_outputs/four_arch_trained_force_kernel_pilot_2026_08_15/krr_learning_curves_common_target.csv
MPNN,K0,,256,64,ridgeless,0.0,common,1.2594590736597424,1.344911076197918,20,dev-equivariant-scaling-laws-kernel-pilot-clean/analysis_outputs/four_arch_trained_force_kernel_pilot_2026_08_15/krr_learning_curves_common_target.csv
MPNN,K0,,256,96,rho_1e-4,0.0001,common,1.3130850311438858,1.5146429253540101,20,dev-equivariant-scaling-laws-kernel-pilot-clean/analysis_outputs/four_arch_trained_force_kernel_pilot_2026_08_15/krr_learning_curves_common_target.csv
MPNN,K0,,256,96,rho_1e-6,1e-06,common,1.3133702279045623,1.5151482478154708,20,dev-equivariant-scaling-laws-kernel-pilot-clean/analysis_outputs/four_arch_trained_force_kernel_pilot_2026_08_15/krr_learning_curves_common_target.csv
MPNN,K0,,256,96,rho_1e-8,1e-08,common,1.3133730839025517,1.5151533082162565,20,dev-equivariant-scaling-laws-kernel-pilot-clean/analysis_outputs/four_arch_trained_force_kernel_pilot_2026_08_15/krr_learning_curves_common_target.csv
MPNN,K0,,256,96,ridgeless,0.0,common,1.313373112751424,1.5151533593321425,20,dev-equivariant-scaling-laws-kernel-pilot-clean/analysis_outputs/four_arch_trained_force_kernel_pilot_2026_08_15/krr_learning_curves_common_target.csv
MPNN,K0,,256,128,rho_1e-4,0.0001,common,1.3712785546566704,1.5391420530601077,20,dev-equivariant-scaling-laws-kernel-pilot-clean/analysis_outputs/four_arch_trained_force_kernel_pilot_2026_08_15/krr_learning_curves_common_target.csv
MPNN,K0,,256,128,rho_1e-6,1e-06,common,1.371600363072973,1.5397598581570282,20,dev-equivariant-scaling-laws-kernel-pilot-clean/analysis_outputs/four_arch_trained_force_kernel_pilot_2026_08_15/krr_learning_curves_common_target.csv
MPNN,K0,,256,128,rho_1e-8,1e-08,common,1.3716035860735458,1.539766045768292,20,dev-equivariant-scaling-laws-kernel-pilot-clean/analysis_outputs/four_arch_trained_force_kernel_pilot_2026_08_15/krr_learning_curves_common_target.csv
MPNN,K0,,256,128,ridgeless,0.0,common,1.3716036186296054,1.5397661082703835,20,dev-equivariant-scaling-laws-kernel-pilot-clean/analysis_outputs/four_arch_trained_force_kernel_pilot_2026_08_15/krr_learning_curves_common_target.csv
MPNN,K500k,,256,8,rho_1e-4,0.0001,common,0.9924287966711522,0.9987457730835352,20,dev-equivariant-scaling-laws-kernel-pilot-clean/analysis_outputs/four_arch_trained_force_kernel_pilot_2026_08_15/krr_learning_curves_common_target.csv
MPNN,K500k,,256,8,rho_1e-6,1e-06,common,0.9924280208736243,0.9987447527619787,20,dev-equivariant-scaling-laws-kernel-pilot-clean/analysis_outputs/four_arch_trained_force_kernel_pilot_2026_08_15/krr_learning_curves_common_target.csv
MPNN,K500k,,256,8,rho_1e-8,1e-08,common,0.9924280131130145,0.998744742554391,20,dev-equivariant-scaling-laws-kernel-pilot-clean/analysis_outputs/four_arch_trained_force_kernel_pilot_2026_08_15/krr_learning_curves_common_target.csv
MPNN,K500k,,256,8,ridgeless,0.0,common,0.9924280130346241,0.9987447424512835,20,dev-equivariant-scaling-laws-kernel-pilot-clean/analysis_outputs/four_arch_trained_force_kernel_pilot_2026_08_15/krr_learning_curves_common_target.csv
MPNN,K500k,,256,16,rho_1e-4,0.0001,common,0.9910389927210328,0.9843996382165118,20,dev-equivariant-scaling-laws-kernel-pilot-clean/analysis_outputs/four_arch_trained_force_kernel_pilot_2026_08_15/krr_learning_curves_common_target.csv
MPNN,K500k,,256,16,rho_1e-6,1e-06,common,0.991036806777904,0.9843956226946335,20,dev-equivariant-scaling-laws-kernel-pilot-clean/analysis_outputs/four_arch_trained_force_kernel_pilot_2026_08_15/krr_learning_curves_common_target.csv
MPNN,K500k,,256,16,rho_1e-8,1e-08,common,0.9910367849020287,0.9843955825248777,20,dev-equivariant-scaling-laws-kernel-pilot-clean/analysis_outputs/four_arch_trained_force_kernel_pilot_2026_08_15/krr_learning_curves_common_target.csv
MPNN,K500k,,256,16,ridgeless,0.0,common,0.9910367846810584,0.984395582119121,20,dev-equivariant-scaling-laws-kernel-pilot-clean/analysis_outputs/four_arch_trained_force_kernel_pilot_2026_08_15/krr_learning_curves_common_target.csv
MPNN,K500k,,256,32,rho_1e-4,0.0001,common,0.927646530706381,0.9286110147290134,20,dev-equivariant-scaling-laws-kernel-pilot-clean/analysis_outputs/four_arch_trained_force_kernel_pilot_2026_08_15/krr_learning_curves_common_target.csv
MPNN,K500k,,256,32,rho_1e-6,1e-06,common,0.9276400676036689,0.9285981972919082,20,dev-equivariant-scaling-laws-kernel-pilot-clean/analysis_outputs/four_arch_trained_force_kernel_pilot_2026_08_15/krr_learning_curves_common_target.csv
MPNN,K500k,,256,32,rho_1e-8,1e-08,common,0.927640002980162,0.9285980690807154,20,dev-equivariant-scaling-laws-kernel-pilot-clean/analysis_outputs/four_arch_trained_force_kernel_pilot_2026_08_15/krr_learning_curves_common_target.csv
MPNN,K500k,,256,32,ridgeless,0.0,common,0.9276400023274,0.9285980677856491,20,dev-equivariant-scaling-laws-kernel-pilot-clean/analysis_outputs/four_arch_trained_force_kernel_pilot_2026_08_15/krr_learning_curves_common_target.csv
MPNN,K500k,,256,64,rho_1e-4,0.0001,common,0.8153471805706659,0.81583718572962,20,dev-equivariant-scaling-laws-kernel-pilot-clean/analysis_outputs/four_arch_trained_force_kernel_pilot_2026_08_15/krr_learning_curves_common_target.csv
MPNN,K500k,,256,64,rho_1e-6,1e-06,common,0.8153204047062832,0.8158089806515203,20,dev-equivariant-scaling-laws-kernel-pilot-clean/analysis_outputs/four_arch_trained_force_kernel_pilot_2026_08_15/krr_learning_curves_common_target.csv
MPNN,K500k,,256,64,rho_1e-8,1e-08,common,0.8153201368524226,0.8158086985151514,20,dev-equivariant-scaling-laws-kernel-pilot-clean/analysis_outputs/four_arch_trained_force_kernel_pilot_2026_08_15/krr_learning_curves_common_target.csv
MPNN,K500k,,256,64,ridgeless,0.0,common,0.8153201341468184,0.8158086956652804,20,dev-equivariant-scaling-laws-kernel-pilot-clean/analysis_outputs/four_arch_trained_force_kernel_pilot_2026_08_15/krr_learning_curves_common_target.csv
MPNN,K500k,,256,96,rho_1e-4,0.0001,common,0.7080865590339069,0.7004502491503674,20,dev-equivariant-scaling-laws-kernel-pilot-clean/analysis_outputs/four_arch_trained_force_kernel_pilot_2026_08_15/krr_learning_curves_common_target.csv
MPNN,K500k,,256,96,rho_1e-6,1e-06,common,0.7080387386539102,0.7004113443141937,20,dev-equivariant-scaling-laws-kernel-pilot-clean/analysis_outputs/four_arch_trained_force_kernel_pilot_2026_08_15/krr_learning_curves_common_target.csv
MPNN,K500k,,256,96,rho_1e-8,1e-08,common,0.7080382602506039,0.7004109551320538,20,dev-equivariant-scaling-laws-kernel-pilot-clean/analysis_outputs/four_arch_trained_force_kernel_pilot_2026_08_15/krr_learning_curves_common_target.csv
MPNN,K500k,,256,96,ridgeless,0.0,common,0.708038255418227,0.7004109512009074,20,dev-equivariant-scaling-laws-kernel-pilot-clean/analysis_outputs/four_arch_trained_force_kernel_pilot_2026_08_15/krr_learning_curves_common_target.csv
MPNN,K500k,,256,128,rho_1e-4,0.0001,common,0.633161347727509,0.6293048257980987,20,dev-equivariant-scaling-laws-kernel-pilot-clean/analysis_outputs/four_arch_trained_force_kernel_pilot_2026_08_15/krr_learning_curves_common_target.csv
MPNN,K500k,,256,128,rho_1e-6,1e-06,common,0.633114377358734,0.6292640209421257,20,dev-equivariant-scaling-laws-kernel-pilot-clean/analysis_outputs/four_arch_trained_force_kernel_pilot_2026_08_15/krr_learning_curves_common_target.csv
MPNN,K500k,,256,128,rho_1e-8,1e-08,common,0.6331139074384855,0.6292636127307482,20,dev-equivariant-scaling-laws-kernel-pilot-clean/analysis_outputs/four_arch_trained_force_kernel_pilot_2026_08_15/krr_learning_curves_common_target.csv
MPNN,K500k,,256,128,ridgeless,0.0,common,0.6331139026917945,0.6292636086073846,20,dev-equivariant-scaling-laws-kernel-pilot-clean/analysis_outputs/four_arch_trained_force_kernel_pilot_2026_08_15/krr_learning_curves_common_target.csv
MPNN,K50k,,256,8,rho_1e-4,0.0001,common,0.9880213860503506,1.0076982043070595,20,dev-equivariant-scaling-laws-kernel-pilot-clean/analysis_outputs/four_arch_trained_force_kernel_pilot_2026_08_15/krr_learning_curves_common_target.csv
MPNN,K50k,,256,8,rho_1e-6,1e-06,common,0.9880214505641755,1.0077039031619457,20,dev-equivariant-scaling-laws-kernel-pilot-clean/analysis_outputs/four_arch_trained_force_kernel_pilot_2026_08_15/krr_learning_curves_common_target.csv
MPNN,K50k,,256,8,rho_1e-8,1e-08,common,0.9880214512201371,1.0077039601842774,20,dev-equivariant-scaling-laws-kernel-pilot-clean/analysis_outputs/four_arch_trained_force_kernel_pilot_2026_08_15/krr_learning_curves_common_target.csv
MPNN,K50k,,256,8,ridgeless,0.0,common,0.9880214512267642,1.0077039607602638,20,dev-equivariant-scaling-laws-kernel-pilot-clean/analysis_outputs/four_arch_trained_force_kernel_pilot_2026_08_15/krr_learning_curves_common_target.csv
MPNN,K50k,,256,16,rho_1e-4,0.0001,common,0.9931271992831756,0.9854374263960443,20,dev-equivariant-scaling-laws-kernel-pilot-clean/analysis_outputs/four_arch_trained_force_kernel_pilot_2026_08_15/krr_learning_curves_common_target.csv
MPNN,K50k,,256,16,rho_1e-6,1e-06,common,0.9931282382543567,0.9854383270977707,20,dev-equivariant-scaling-laws-kernel-pilot-clean/analysis_outputs/four_arch_trained_force_kernel_pilot_2026_08_15/krr_learning_curves_common_target.csv
MPNN,K50k,,256,16,rho_1e-8,1e-08,common,0.993128248651769,0.9854383361550815,20,dev-equivariant-scaling-laws-kernel-pilot-clean/analysis_outputs/four_arch_trained_force_kernel_pilot_2026_08_15/krr_learning_curves_common_target.csv
MPNN,K50k,,256,16,ridgeless,0.0,common,0.9931282487567941,0.9854383362465746,20,dev-equivariant-scaling-laws-kernel-pilot-clean/analysis_outputs/four_arch_trained_force_kernel_pilot_2026_08_15/krr_learning_curves_common_target.csv
MPNN,K50k,,256,32,rho_1e-4,0.0001,common,0.9442748000290715,0.9525141982334484,20,dev-equivariant-scaling-laws-kernel-pilot-clean/analysis_outputs/four_arch_trained_force_kernel_pilot_2026_08_15/krr_learning_curves_common_target.csv
MPNN,K50k,,256,32,rho_1e-6,1e-06,common,0.94426875813169,0.9525031467896394,20,dev-equivariant-scaling-laws-kernel-pilot-clean/analysis_outputs/four_arch_trained_force_kernel_pilot_2026_08_15/krr_learning_curves_common_target.csv
MPNN,K50k,,256,32,rho_1e-8,1e-08,common,0.9442686977181933,0.9525030362105905,20,dev-equivariant-scaling-laws-kernel-pilot-clean/analysis_outputs/four_arch_trained_force_kernel_pilot_2026_08_15/krr_learning_curves_common_target.csv
MPNN,K50k,,256,32,ridgeless,0.0,common,0.9442686971079566,0.9525030350936241,20,dev-equivariant-scaling-laws-kernel-pilot-clean/analysis_outputs/four_arch_trained_force_kernel_pilot_2026_08_15/krr_learning_curves_common_target.csv
MPNN,K50k,,256,64,rho_1e-4,0.0001,common,0.8728216063895134,0.8747079885039805,20,dev-equivariant-scaling-laws-kernel-pilot-clean/analysis_outputs/four_arch_trained_force_kernel_pilot_2026_08_15/krr_learning_curves_common_target.csv
MPNN,K50k,,256,64,rho_1e-6,1e-06,common,0.8728172708014141,0.8746755517697512,20,dev-equivariant-scaling-laws-kernel-pilot-clean/analysis_outputs/four_arch_trained_force_kernel_pilot_2026_08_15/krr_learning_curves_common_target.csv
MPNN,K50k,,256,64,rho_1e-8,1e-08,common,0.8728172275210474,0.8746752271143166,20,dev-equivariant-scaling-laws-kernel-pilot-clean/analysis_outputs/four_arch_trained_force_kernel_pilot_2026_08_15/krr_learning_curves_common_target.csv
MPNN,K50k,,256,64,ridgeless,0.0,common,0.8728172270838797,0.8746752238349396,20,dev-equivariant-scaling-laws-kernel-pilot-clean/analysis_outputs/four_arch_trained_force_kernel_pilot_2026_08_15/krr_learning_curves_common_target.csv
MPNN,K50k,,256,96,rho_1e-4,0.0001,common,0.7714091081677288,0.8007399457532681,20,dev-equivariant-scaling-laws-kernel-pilot-clean/analysis_outputs/four_arch_trained_force_kernel_pilot_2026_08_15/krr_learning_curves_common_target.csv
MPNN,K50k,,256,96,rho_1e-6,1e-06,common,0.7713555452006603,0.8006939658992247,20,dev-equivariant-scaling-laws-kernel-pilot-clean/analysis_outputs/four_arch_trained_force_kernel_pilot_2026_08_15/krr_learning_curves_common_target.csv
MPNN,K50k,,256,96,rho_1e-8,1e-08,common,0.7713550087811669,0.8006935056965757,20,dev-equivariant-scaling-laws-kernel-pilot-clean/analysis_outputs/four_arch_trained_force_kernel_pilot_2026_08_15/krr_learning_curves_common_target.csv
MPNN,K50k,,256,96,ridgeless,0.0,common,0.7713550033627081,0.8006935010480231,20,dev-equivariant-scaling-laws-kernel-pilot-clean/analysis_outputs/four_arch_trained_force_kernel_pilot_2026_08_15/krr_learning_curves_common_target.csv
MPNN,K50k,,256,128,rho_1e-4,0.0001,common,0.7142690273786434,0.740344346777951,20,dev-equivariant-scaling-laws-kernel-pilot-clean/analysis_outputs/four_arch_trained_force_kernel_pilot_2026_08_15/krr_learning_curves_common_target.csv
MPNN,K50k,,256,128,rho_1e-6,1e-06,common,0.7142025138373073,0.7402979827003351,20,dev-equivariant-scaling-laws-kernel-pilot-clean/analysis_outputs/four_arch_trained_force_kernel_pilot_2026_08_15/krr_learning_curves_common_target.csv
MPNN,K50k,,256,128,rho_1e-8,1e-08,common,0.7142018477221432,0.7402975187430524,20,dev-equivariant-scaling-laws-kernel-pilot-clean/analysis_outputs/four_arch_trained_force_kernel_pilot_2026_08_15/krr_learning_curves_common_target.csv
MPNN,K50k,,256,128,ridgeless,0.0,common,0.7142018409936081,0.7402975140565833,20,dev-equivariant-scaling-laws-kernel-pilot-clean/analysis_outputs/four_arch_trained_force_kernel_pilot_2026_08_15/krr_learning_curves_common_target.csv
eSEN,K0,,256,8,rho_1e-4,0.0001,common,1.1343260645282314,1.4010709892389874,20,dev-equivariant-scaling-laws-kernel-pilot-clean/analysis_outputs/four_arch_trained_force_kernel_pilot_2026_08_15/krr_learning_curves_common_target.csv
eSEN,K0,,256,8,rho_1e-6,1e-06,common,1.1347230368038947,1.401941923142199,20,dev-equivariant-scaling-laws-kernel-pilot-clean/analysis_outputs/four_arch_trained_force_kernel_pilot_2026_08_15/krr_learning_curves_common_target.csv
eSEN,K0,,256,8,rho_1e-8,1e-08,common,1.1347270281032809,1.4019506470921848,20,dev-equivariant-scaling-laws-kernel-pilot-clean/analysis_outputs/four_arch_trained_force_kernel_pilot_2026_08_15/krr_learning_curves_common_target.csv
eSEN,K0,,256,8,ridgeless,0.0,common,1.1347270684216295,1.401950735214358,20,dev-equivariant-scaling-laws-kernel-pilot-clean/analysis_outputs/four_arch_trained_force_kernel_pilot_2026_08_15/krr_learning_curves_common_target.csv
eSEN,K0,,256,16,rho_1e-4,0.0001,common,1.2702115057539365,1.398736963825788,20,dev-equivariant-scaling-laws-kernel-pilot-clean/analysis_outputs/four_arch_trained_force_kernel_pilot_2026_08_15/krr_learning_curves_common_target.csv
eSEN,K0,,256,16,rho_1e-6,1e-06,common,1.2708168434440004,1.4001622834310266,20,dev-equivariant-scaling-laws-kernel-pilot-clean/analysis_outputs/four_arch_trained_force_kernel_pilot_2026_08_15/krr_learning_curves_common_target.csv
eSEN,K0,,256,16,rho_1e-8,1e-08,common,1.270822927785317,1.4001766183097577,20,dev-equivariant-scaling-laws-kernel-pilot-clean/analysis_outputs/four_arch_trained_force_kernel_pilot_2026_08_15/krr_learning_curves_common_target.csv
eSEN,K0,,256,16,ridgeless,0.0,common,1.2708229892464595,1.4001767631148292,20,dev-equivariant-scaling-laws-kernel-pilot-clean/analysis_outputs/four_arch_trained_force_kernel_pilot_2026_08_15/krr_learning_curves_common_target.csv
eSEN,K0,,256,32,rho_1e-4,0.0001,common,1.2612313859241904,1.4122582190044235,20,dev-equivariant-scaling-laws-kernel-pilot-clean/analysis_outputs/four_arch_trained_force_kernel_pilot_2026_08_15/krr_learning_curves_common_target.csv
eSEN,K0,,256,32,rho_1e-6,1e-06,common,1.263009919885,1.414724181829816,20,dev-equivariant-scaling-laws-kernel-pilot-clean/analysis_outputs/four_arch_trained_force_kernel_pilot_2026_08_15/krr_learning_curves_common_target.csv
eSEN,K0,,256,32,rho_1e-8,1e-08,common,1.2630278507204586,1.4147490915444985,20,dev-equivariant-scaling-laws-kernel-pilot-clean/analysis_outputs/four_arch_trained_force_kernel_pilot_2026_08_15/krr_learning_curves_common_target.csv
eSEN,K0,,256,32,ridgeless,0.0,common,1.2630280318548415,1.4147493431833578,20,dev-equivariant-scaling-laws-kernel-pilot-clean/analysis_outputs/four_arch_trained_force_kernel_pilot_2026_08_15/krr_learning_curves_common_target.csv
eSEN,K0,,256,64,rho_1e-4,0.0001,common,1.288682723949814,1.4384724492628678,20,dev-equivariant-scaling-laws-kernel-pilot-clean/analysis_outputs/four_arch_trained_force_kernel_pilot_2026_08_15/krr_learning_curves_common_target.csv
eSEN,K0,,256,64,rho_1e-6,1e-06,common,1.2906724870354607,1.442301498422212,20,dev-equivariant-scaling-laws-kernel-pilot-clean/analysis_outputs/four_arch_trained_force_kernel_pilot_2026_08_15/krr_learning_curves_common_target.csv
eSEN,K0,,256,64,rho_1e-8,1e-08,common,1.2906925147907118,1.4423403923639473,20,dev-equivariant-scaling-laws-kernel-pilot-clean/analysis_outputs/four_arch_trained_force_kernel_pilot_2026_08_15/krr_learning_curves_common_target.csv
eSEN,K0,,256,64,ridgeless,0.0,common,1.290692717103729,1.4423407852941026,20,dev-equivariant-scaling-laws-kernel-pilot-clean/analysis_outputs/four_arch_trained_force_kernel_pilot_2026_08_15/krr_learning_curves_common_target.csv
eSEN,K0,,256,96,rho_1e-4,0.0001,common,1.2712789342247937,1.5107776658495538,20,dev-equivariant-scaling-laws-kernel-pilot-clean/analysis_outputs/four_arch_trained_force_kernel_pilot_2026_08_15/krr_learning_curves_common_target.csv
eSEN,K0,,256,96,rho_1e-6,1e-06,common,1.2735604262124878,1.5162798091409058,20,dev-equivariant-scaling-laws-kernel-pilot-clean/analysis_outputs/four_arch_trained_force_kernel_pilot_2026_08_15/krr_learning_curves_common_target.csv
eSEN,K0,,256,96,rho_1e-8,1e-08,common,1.2735836700552536,1.5163358090611103,20,dev-equivariant-scaling-laws-kernel-pilot-clean/analysis_outputs/four_arch_trained_force_kernel_pilot_2026_08_15/krr_learning_curves_common_target.csv
eSEN,K0,,256,96,ridgeless,0.0,common,1.273583904885908,1.5163363748176133,20,dev-equivariant-scaling-laws-kernel-pilot-clean/analysis_outputs/four_arch_trained_force_kernel_pilot_2026_08_15/krr_learning_curves_common_target.csv
eSEN,K0,,256,128,rho_1e-4,0.0001,common,1.260808908147396,1.4634483859591256,20,dev-equivariant-scaling-laws-kernel-pilot-clean/analysis_outputs/four_arch_trained_force_kernel_pilot_2026_08_15/krr_learning_curves_common_target.csv
eSEN,K0,,256,128,rho_1e-6,1e-06,common,1.263340038510364,1.4691675688295842,20,dev-equivariant-scaling-laws-kernel-pilot-clean/analysis_outputs/four_arch_trained_force_kernel_pilot_2026_08_15/krr_learning_curves_common_target.csv
eSEN,K0,,256,128,rho_1e-8,1e-08,common,1.263365929688967,1.4692260876152665,20,dev-equivariant-scaling-laws-kernel-pilot-clean/analysis_outputs/four_arch_trained_force_kernel_pilot_2026_08_15/krr_learning_curves_common_target.csv
eSEN,K0,,256,128,ridgeless,0.0,common,1.2633661912763836,1.4692266788529396,20,dev-equivariant-scaling-laws-kernel-pilot-clean/analysis_outputs/four_arch_trained_force_kernel_pilot_2026_08_15/krr_learning_curves_common_target.csv
eSEN,K500k,,256,8,rho_1e-4,0.0001,common,0.6470657735523755,0.6370962217753463,20,dev-equivariant-scaling-laws-kernel-pilot-clean/analysis_outputs/four_arch_trained_force_kernel_pilot_2026_08_15/krr_learning_curves_common_target.csv
eSEN,K500k,,256,8,rho_1e-6,1e-06,common,0.6456237961908848,0.63609596453831,20,dev-equivariant-scaling-laws-kernel-pilot-clean/analysis_outputs/four_arch_trained_force_kernel_pilot_2026_08_15/krr_learning_curves_common_target.csv
eSEN,K500k,,256,8,rho_1e-8,1e-08,common,0.6456086047685219,0.6360856103117125,20,dev-equivariant-scaling-laws-kernel-pilot-clean/analysis_outputs/four_arch_trained_force_kernel_pilot_2026_08_15/krr_learning_curves_common_target.csv
eSEN,K500k,,256,8,ridgeless,0.0,common,0.6456084512362459,0.6360855056850817,20,dev-equivariant-scaling-laws-kernel-pilot-clean/analysis_outputs/four_arch_trained_force_kernel_pilot_2026_08_15/krr_learning_curves_common_target.csv
eSEN,K500k,,256,16,rho_1e-4,0.0001,common,0.38512992899667164,0.4174055181735352,20,dev-equivariant-scaling-laws-kernel-pilot-clean/analysis_outputs/four_arch_trained_force_kernel_pilot_2026_08_15/krr_learning_curves_common_target.csv
eSEN,K500k,,256,16,rho_1e-6,1e-06,common,0.38462727954379156,0.4164416282654894,20,dev-equivariant-scaling-laws-kernel-pilot-clean/analysis_outputs/four_arch_trained_force_kernel_pilot_2026_08_15/krr_learning_curves_common_target.csv
eSEN,K500k,,256,16,rho_1e-8,1e-08,common,0.38462221076235026,0.4164307774342933,20,dev-equivariant-scaling-laws-kernel-pilot-clean/analysis_outputs/four_arch_trained_force_kernel_pilot_2026_08_15/krr_learning_curves_common_target.csv
eSEN,K500k,,256,16,ridgeless,0.0,common,0.3846221595581184,0.41643066753779656,20,dev-equivariant-scaling-laws-kernel-pilot-clean/analysis_outputs/four_arch_trained_force_kernel_pilot_2026_08_15/krr_learning_curves_common_target.csv
eSEN,K500k,,256,32,rho_1e-4,0.0001,common,0.2784483258013477,0.2634257824783943,20,dev-equivariant-scaling-laws-kernel-pilot-clean/analysis_outputs/four_arch_trained_force_kernel_pilot_2026_08_15/krr_learning_curves_common_target.csv
eSEN,K500k,,256,32,rho_1e-6,1e-06,common,0.27811454618112635,0.26259565288374664,20,dev-equivariant-scaling-laws-kernel-pilot-clean/analysis_outputs/four_arch_trained_force_kernel_pilot_2026_08_15/krr_learning_curves_common_target.csv
eSEN,K500k,,256,32,rho_1e-8,1e-08,common,0.2781117128226539,0.2625834432424765,20,dev-equivariant-scaling-laws-kernel-pilot-clean/analysis_outputs/four_arch_trained_force_kernel_pilot_2026_08_15/krr_learning_curves_common_target.csv
eSEN,K500k,,256,32,ridgeless,0.0,common,0.278111684303766,0.2625833188300465,20,dev-equivariant-scaling-laws-kernel-pilot-clean/analysis_outputs/four_arch_trained_force_kernel_pilot_2026_08_15/krr_learning_curves_common_target.csv
eSEN,K500k,,256,64,rho_1e-4,0.0001,common,0.12329874932981749,0.13329881781832195,20,dev-equivariant-scaling-laws-kernel-pilot-clean/analysis_outputs/four_arch_trained_force_kernel_pilot_2026_08_15/krr_learning_curves_common_target.csv
eSEN,K500k,,256,64,rho_1e-6,1e-06,common,0.12303642288387406,0.13282520962238448,20,dev-equivariant-scaling-laws-kernel-pilot-clean/analysis_outputs/four_arch_trained_force_kernel_pilot_2026_08_15/krr_learning_curves_common_target.csv
eSEN,K500k,,256,64,rho_1e-8,1e-08,common,0.12303373412133708,0.1328172818628113,20,dev-equivariant-scaling-laws-kernel-pilot-clean/analysis_outputs/four_arch_trained_force_kernel_pilot_2026_08_15/krr_learning_curves_common_target.csv
eSEN,K500k,,256,64,ridgeless,0.0,common,0.12303370695437245,0.13281720076981687,20,dev-equivariant-scaling-laws-kernel-pilot-clean/analysis_outputs/four_arch_trained_force_kernel_pilot_2026_08_15/krr_learning_curves_common_target.csv
eSEN,K500k,,256,96,rho_1e-4,0.0001,common,0.08575538557038463,0.09030035732574368,20,dev-equivariant-scaling-laws-kernel-pilot-clean/analysis_outputs/four_arch_trained_force_kernel_pilot_2026_08_15/krr_learning_curves_common_target.csv
eSEN,K500k,,256,96,rho_1e-6,1e-06,common,0.08545988406758927,0.08998877737826176,20,dev-equivariant-scaling-laws-kernel-pilot-clean/analysis_outputs/four_arch_trained_force_kernel_pilot_2026_08_15/krr_learning_curves_common_target.csv
eSEN,K500k,,256,96,rho_1e-8,1e-08,common,0.08545676733663668,0.08998401379624674,20,dev-equivariant-scaling-laws-kernel-pilot-clean/analysis_outputs/four_arch_trained_force_kernel_pilot_2026_08_15/krr_learning_curves_common_target.csv
eSEN,K500k,,256,96,ridgeless,0.0,common,0.08545673583828495,0.08998396513616116,20,dev-equivariant-scaling-laws-kernel-pilot-clean/analysis_outputs/four_arch_trained_force_kernel_pilot_2026_08_15/krr_learning_curves_common_target.csv
eSEN,K500k,,256,128,rho_1e-4,0.0001,common,0.06672377018399057,0.06164395125442397,20,dev-equivariant-scaling-laws-kernel-pilot-clean/analysis_outputs/four_arch_trained_force_kernel_pilot_2026_08_15/krr_learning_curves_common_target.csv
eSEN,K500k,,256,128,rho_1e-6,1e-06,common,0.06671242782934261,0.06137551619666766,20,dev-equivariant-scaling-laws-kernel-pilot-clean/analysis_outputs/four_arch_trained_force_kernel_pilot_2026_08_15/krr_learning_curves_common_target.csv
eSEN,K500k,,256,128,rho_1e-8,1e-08,common,0.0667130876532755,0.06137088499082373,20,dev-equivariant-scaling-laws-kernel-pilot-clean/analysis_outputs/four_arch_trained_force_kernel_pilot_2026_08_15/krr_learning_curves_common_target.csv
eSEN,K500k,,256,128,ridgeless,0.0,common,0.06671309442733506,0.061370837520016194,20,dev-equivariant-scaling-laws-kernel-pilot-clean/analysis_outputs/four_arch_trained_force_kernel_pilot_2026_08_15/krr_learning_curves_common_target.csv
eSEN,K50k,,256,8,rho_1e-4,0.0001,common,0.8094917187848141,0.7944035102018769,20,dev-equivariant-scaling-laws-kernel-pilot-clean/analysis_outputs/four_arch_trained_force_kernel_pilot_2026_08_15/krr_learning_curves_common_target.csv
eSEN,K50k,,256,8,rho_1e-6,1e-06,common,0.8091717659898301,0.7938977194627365,20,dev-equivariant-scaling-laws-kernel-pilot-clean/analysis_outputs/four_arch_trained_force_kernel_pilot_2026_08_15/krr_learning_curves_common_target.csv
eSEN,K50k,,256,8,rho_1e-8,1e-08,common,0.8091685588032869,0.7938925025972823,20,dev-equivariant-scaling-laws-kernel-pilot-clean/analysis_outputs/four_arch_trained_force_kernel_pilot_2026_08_15/krr_learning_curves_common_target.csv
eSEN,K50k,,256,8,ridgeless,0.0,common,0.8091685264067011,0.793892449884434,20,dev-equivariant-scaling-laws-kernel-pilot-clean/analysis_outputs/four_arch_trained_force_kernel_pilot_2026_08_15/krr_learning_curves_common_target.csv
eSEN,K50k,,256,16,rho_1e-4,0.0001,common,0.6315775758358212,0.6229274316536249,20,dev-equivariant-scaling-laws-kernel-pilot-clean/analysis_outputs/four_arch_trained_force_kernel_pilot_2026_08_15/krr_learning_curves_common_target.csv
eSEN,K50k,,256,16,rho_1e-6,1e-06,common,0.631337465302316,0.6222919360112932,20,dev-equivariant-scaling-laws-kernel-pilot-clean/analysis_outputs/four_arch_trained_force_kernel_pilot_2026_08_15/krr_learning_curves_common_target.csv
eSEN,K50k,,256,16,rho_1e-8,1e-08,common,0.6313350599239177,0.6222850280001426,20,dev-equivariant-scaling-laws-kernel-pilot-clean/analysis_outputs/four_arch_trained_force_kernel_pilot_2026_08_15/krr_learning_curves_common_target.csv
eSEN,K50k,,256,16,ridgeless,0.0,common,0.6313350356267344,0.6222849581238095,20,dev-equivariant-scaling-laws-kernel-pilot-clean/analysis_outputs/four_arch_trained_force_kernel_pilot_2026_08_15/krr_learning_curves_common_target.csv
eSEN,K50k,,256,32,rho_1e-4,0.0001,common,0.491078508732088,0.46455592200814255,20,dev-equivariant-scaling-laws-kernel-pilot-clean/analysis_outputs/four_arch_trained_force_kernel_pilot_2026_08_15/krr_learning_curves_common_target.csv
eSEN,K50k,,256,32,rho_1e-6,1e-06,common,0.49059917702786604,0.4640119607943266,20,dev-equivariant-scaling-laws-kernel-pilot-clean/analysis_outputs/four_arch_trained_force_kernel_pilot_2026_08_15/krr_learning_curves_common_target.csv
eSEN,K50k,,256,32,rho_1e-8,1e-08,common,0.49059430385516467,0.46400625550465513,20,dev-equivariant-scaling-laws-kernel-pilot-clean/analysis_outputs/four_arch_trained_force_kernel_pilot_2026_08_15/krr_learning_curves_common_target.csv
eSEN,K50k,,256,32,ridgeless,0.0,common,0.49059425462280737,0.4640061978452189,20,dev-equivariant-scaling-laws-kernel-pilot-clean/analysis_outputs/four_arch_trained_force_kernel_pilot_2026_08_15/krr_learning_curves_common_target.csv
eSEN,K50k,,256,64,rho_1e-4,0.0001,common,0.28163493007348506,0.2733821560644088,20,dev-equivariant-scaling-laws-kernel-pilot-clean/analysis_outputs/four_arch_trained_force_kernel_pilot_2026_08_15/krr_learning_curves_common_target.csv
eSEN,K50k,,256,64,rho_1e-6,1e-06,common,0.2814447427106942,0.2729849062465912,20,dev-equivariant-scaling-laws-kernel-pilot-clean/analysis_outputs/four_arch_trained_force_kernel_pilot_2026_08_15/krr_learning_curves_common_target.csv
eSEN,K50k,,256,64,rho_1e-8,1e-08,common,0.28144346861062675,0.27298060547685554,20,dev-equivariant-scaling-laws-kernel-pilot-clean/analysis_outputs/four_arch_trained_force_kernel_pilot_2026_08_15/krr_learning_curves_common_target.csv
eSEN,K50k,,256,64,ridgeless,0.0,common,0.28144345591784803,0.27298056199765836,20,dev-equivariant-scaling-laws-kernel-pilot-clean/analysis_outputs/four_arch_trained_force_kernel_pilot_2026_08_15/krr_learning_curves_common_target.csv
eSEN,K50k,,256,96,rho_1e-4,0.0001,common,0.19061430054717954,0.1913487906671766,20,dev-equivariant-scaling-laws-kernel-pilot-clean/analysis_outputs/four_arch_trained_force_kernel_pilot_2026_08_15/krr_learning_curves_common_target.csv
eSEN,K50k,,256,96,rho_1e-6,1e-06,common,0.19025909995098916,0.19106956284061816,20,dev-equivariant-scaling-laws-kernel-pilot-clean/analysis_outputs/four_arch_trained_force_kernel_pilot_2026_08_15/krr_learning_curves_common_target.csv
eSEN,K50k,,256,96,rho_1e-8,1e-08,common,0.19025524293098806,0.19106648873932558,20,dev-equivariant-scaling-laws-kernel-pilot-clean/analysis_outputs/four_arch_trained_force_kernel_pilot_2026_08_15/krr_learning_curves_common_target.csv
eSEN,K50k,,256,96,ridgeless,0.0,common,0.19025520393456827,0.19106645763306937,20,dev-equivariant-scaling-laws-kernel-pilot-clean/analysis_outputs/four_arch_trained_force_kernel_pilot_2026_08_15/krr_learning_curves_common_target.csv
eSEN,K50k,,256,128,rho_1e-4,0.0001,common,0.13419623971360273,0.13367783444259212,20,dev-equivariant-scaling-laws-kernel-pilot-clean/analysis_outputs/four_arch_trained_force_kernel_pilot_2026_08_15/krr_learning_curves_common_target.csv
eSEN,K50k,,256,128,rho_1e-6,1e-06,common,0.13396798818821748,0.1334648284809345,20,dev-equivariant-scaling-laws-kernel-pilot-clean/analysis_outputs/four_arch_trained_force_kernel_pilot_2026_08_15/krr_learning_curves_common_target.csv
eSEN,K50k,,256,128,rho_1e-8,1e-08,common,0.1339657234424852,0.13346262925126076,20,dev-equivariant-scaling-laws-kernel-pilot-clean/analysis_outputs/four_arch_trained_force_kernel_pilot_2026_08_15/krr_learning_curves_common_target.csv
eSEN,K50k,,256,128,ridgeless,0.0,common,0.1339657006185238,0.13346260704482402,20,dev-equivariant-scaling-laws-kernel-pilot-clean/analysis_outputs/four_arch_trained_force_kernel_pilot_2026_08_15/krr_learning_curves_common_target.csv
GemNet-OC,K0,,256,8,rho_1e-4,0.0001,residual,1.1083192713963284,1.5410874075499672,20,dev-equivariant-scaling-laws-kernel-pilot-clean/analysis_outputs/four_arch_trained_force_kernel_pilot_2026_08_15/krr_learning_curves_residual.csv
GemNet-OC,K0,,256,8,rho_1e-6,1e-06,residual,1.1115842447529407,1.5452798209240517,20,dev-equivariant-scaling-laws-kernel-pilot-clean/analysis_outputs/four_arch_trained_force_kernel_pilot_2026_08_15/krr_learning_curves_residual.csv
GemNet-OC,K0,,256,8,rho_1e-8,1e-08,residual,1.1116139819575976,1.5453344411516867,20,dev-equivariant-scaling-laws-kernel-pilot-clean/analysis_outputs/four_arch_trained_force_kernel_pilot_2026_08_15/krr_learning_curves_residual.csv
GemNet-OC,K0,,256,8,ridgeless,0.0,residual,1.1116145116181593,1.5453351499963621,20,dev-equivariant-scaling-laws-kernel-pilot-clean/analysis_outputs/four_arch_trained_force_kernel_pilot_2026_08_15/krr_learning_curves_residual.csv
GemNet-OC,K0,,256,16,rho_1e-4,0.0001,residual,1.4056950400962354,1.674154466843023,20,dev-equivariant-scaling-laws-kernel-pilot-clean/analysis_outputs/four_arch_trained_force_kernel_pilot_2026_08_15/krr_learning_curves_residual.csv
GemNet-OC,K0,,256,16,rho_1e-6,1e-06,residual,1.3984891791610088,1.6845675524924175,20,dev-equivariant-scaling-laws-kernel-pilot-clean/analysis_outputs/four_arch_trained_force_kernel_pilot_2026_08_15/krr_learning_curves_residual.csv
GemNet-OC,K0,,256,16,rho_1e-8,1e-08,residual,1.3961598103284296,1.6844489475998905,20,dev-equivariant-scaling-laws-kernel-pilot-clean/analysis_outputs/four_arch_trained_force_kernel_pilot_2026_08_15/krr_learning_curves_residual.csv
GemNet-OC,K0,,256,16,ridgeless,0.0,residual,1.396119321676655,1.6844458841986305,20,dev-equivariant-scaling-laws-kernel-pilot-clean/analysis_outputs/four_arch_trained_force_kernel_pilot_2026_08_15/krr_learning_curves_residual.csv
GemNet-OC,K0,,256,32,rho_1e-4,0.0001,residual,2.0207595114027272,1.9705478582489289,20,dev-equivariant-scaling-laws-kernel-pilot-clean/analysis_outputs/four_arch_trained_force_kernel_pilot_2026_08_15/krr_learning_curves_residual.csv
GemNet-OC,K0,,256,32,rho_1e-6,1e-06,residual,2.1257829984115024,2.035319315637561,20,dev-equivariant-scaling-laws-kernel-pilot-clean/analysis_outputs/four_arch_trained_force_kernel_pilot_2026_08_15/krr_learning_curves_residual.csv
GemNet-OC,K0,,256,32,rho_1e-8,1e-08,residual,2.12697360378784,2.0356757476986425,20,dev-equivariant-scaling-laws-kernel-pilot-clean/analysis_outputs/four_arch_trained_force_kernel_pilot_2026_08_15/krr_learning_curves_residual.csv
GemNet-OC,K0,,256,32,ridgeless,0.0,residual,2.126985645924741,2.035587898497519,20,dev-equivariant-scaling-laws-kernel-pilot-clean/analysis_outputs/four_arch_trained_force_kernel_pilot_2026_08_15/krr_learning_curves_residual.csv
GemNet-OC,K0,,256,64,rho_1e-4,0.0001,residual,1.7541506864627585,2.0793581269367842,20,dev-equivariant-scaling-laws-kernel-pilot-clean/analysis_outputs/four_arch_trained_force_kernel_pilot_2026_08_15/krr_learning_curves_residual.csv
GemNet-OC,K0,,256,64,rho_1e-6,1e-06,residual,1.8772887966966165,2.177626630343777,20,dev-equivariant-scaling-laws-kernel-pilot-clean/analysis_outputs/four_arch_trained_force_kernel_pilot_2026_08_15/krr_learning_curves_residual.csv
GemNet-OC,K0,,256,64,rho_1e-8,1e-08,residual,1.8787294611624388,2.1786788299107607,20,dev-equivariant-scaling-laws-kernel-pilot-clean/analysis_outputs/four_arch_trained_force_kernel_pilot_2026_08_15/krr_learning_curves_residual.csv
GemNet-OC,K0,,256,64,ridgeless,0.0,residual,1.8787440347381945,2.1787393287692587,20,dev-equivariant-scaling-laws-kernel-pilot-clean/analysis_outputs/four_arch_trained_force_kernel_pilot_2026_08_15/krr_learning_curves_residual.csv
GemNet-OC,K0,,256,96,rho_1e-4,0.0001,residual,1.8062139600541374,2.260364614283673,20,dev-equivariant-scaling-laws-kernel-pilot-clean/analysis_outputs/four_arch_trained_force_kernel_pilot_2026_08_15/krr_learning_curves_residual.csv
GemNet-OC,K0,,256,96,rho_1e-6,1e-06,residual,1.9774617769260212,2.3597600232703533,20,dev-equivariant-scaling-laws-kernel-pilot-clean/analysis_outputs/four_arch_trained_force_kernel_pilot_2026_08_15/krr_learning_curves_residual.csv
GemNet-OC,K0,,256,96,rho_1e-8,1e-08,residual,1.9791037060631336,2.3590552875559423,20,dev-equivariant-scaling-laws-kernel-pilot-clean/analysis_outputs/four_arch_trained_force_kernel_pilot_2026_08_15/krr_learning_curves_residual.csv
GemNet-OC,K0,,256,96,ridgeless,0.0,residual,1.9790973760120498,2.3589073170606265,20,dev-equivariant-scaling-laws-kernel-pilot-clean/analysis_outputs/four_arch_trained_force_kernel_pilot_2026_08_15/krr_learning_curves_residual.csv
GemNet-OC,K0,,256,128,rho_1e-4,0.0001,residual,1.6616092562971763,2.153725062005333,20,dev-equivariant-scaling-laws-kernel-pilot-clean/analysis_outputs/four_arch_trained_force_kernel_pilot_2026_08_15/krr_learning_curves_residual.csv
GemNet-OC,K0,,256,128,rho_1e-6,1e-06,residual,1.8148411128445967,2.267116071251986,20,dev-equivariant-scaling-laws-kernel-pilot-clean/analysis_outputs/four_arch_trained_force_kernel_pilot_2026_08_15/krr_learning_curves_residual.csv
GemNet-OC,K0,,256,128,rho_1e-8,1e-08,residual,1.8107131609356146,2.2648825161585093,20,dev-equivariant-scaling-laws-kernel-pilot-clean/analysis_outputs/four_arch_trained_force_kernel_pilot_2026_08_15/krr_learning_curves_residual.csv
GemNet-OC,K0,,256,128,ridgeless,0.0,residual,1.8103816766308816,2.2647544174763965,20,dev-equivariant-scaling-laws-kernel-pilot-clean/analysis_outputs/four_arch_trained_force_kernel_pilot_2026_08_15/krr_learning_curves_residual.csv
GemNet-OC,K500k,,256,8,rho_1e-4,0.0001,residual,1.0075576174083682,1.0162605376832479,20,dev-equivariant-scaling-laws-kernel-pilot-clean/analysis_outputs/four_arch_trained_force_kernel_pilot_2026_08_15/krr_learning_curves_residual.csv
GemNet-OC,K500k,,256,8,rho_1e-6,1e-06,residual,1.0089772466485645,1.0185613027685165,20,dev-equivariant-scaling-laws-kernel-pilot-clean/analysis_outputs/four_arch_trained_force_kernel_pilot_2026_08_15/krr_learning_curves_residual.csv
GemNet-OC,K500k,,256,8,rho_1e-8,1e-08,residual,1.0108919933738183,1.0191299347070462,20,dev-equivariant-scaling-laws-kernel-pilot-clean/analysis_outputs/four_arch_trained_force_kernel_pilot_2026_08_15/krr_learning_curves_residual.csv
GemNet-OC,K500k,,256,8,ridgeless,0.0,residual,1.0109156989499937,1.0223534571772446,20,dev-equivariant-scaling-laws-kernel-pilot-clean/analysis_outputs/four_arch_trained_force_kernel_pilot_2026_08_15/krr_learning_curves_residual.csv
GemNet-OC,K500k,,256,16,rho_1e-4,0.0001,residual,1.0116341594887022,1.0149722900525278,20,dev-equivariant-scaling-laws-kernel-pilot-clean/analysis_outputs/four_arch_trained_force_kernel_pilot_2026_08_15/krr_learning_curves_residual.csv
GemNet-OC,K500k,,256,16,rho_1e-6,1e-06,residual,1.0115645956517825,1.0179420532438979,20,dev-equivariant-scaling-laws-kernel-pilot-clean/analysis_outputs/four_arch_trained_force_kernel_pilot_2026_08_15/krr_learning_curves_residual.csv
GemNet-OC,K500k,,256,16,rho_1e-8,1e-08,residual,1.0115482110685732,1.0197760741250885,20,dev-equivariant-scaling-laws-kernel-pilot-clean/analysis_outputs/four_arch_trained_force_kernel_pilot_2026_08_15/krr_learning_curves_residual.csv
GemNet-OC,K500k,,256,16,ridgeless,0.0,residual,1.0115480452393284,1.0244118290811088,20,dev-equivariant-scaling-laws-kernel-pilot-clean/analysis_outputs/four_arch_trained_force_kernel_pilot_2026_08_15/krr_learning_curves_residual.csv
GemNet-OC,K500k,,256,32,rho_1e-4,0.0001,residual,1.036706825415349,1.043725038941264,20,dev-equivariant-scaling-laws-kernel-pilot-clean/analysis_outputs/four_arch_trained_force_kernel_pilot_2026_08_15/krr_learning_curves_residual.csv
GemNet-OC,K500k,,256,32,rho_1e-6,1e-06,residual,1.0472514631731635,1.0475276241920504,20,dev-equivariant-scaling-laws-kernel-pilot-clean/analysis_outputs/four_arch_trained_force_kernel_pilot_2026_08_15/krr_learning_curves_residual.csv
GemNet-OC,K500k,,256,32,rho_1e-8,1e-08,residual,1.051258087274078,1.0511181849598272,20,dev-equivariant-scaling-laws-kernel-pilot-clean/analysis_outputs/four_arch_trained_force_kernel_pilot_2026_08_15/krr_learning_curves_residual.csv
GemNet-OC,K500k,,256,32,ridgeless,0.0,residual,1.055344451207285,1.0578416846986793,20,dev-equivariant-scaling-laws-kernel-pilot-clean/analysis_outputs/four_arch_trained_force_kernel_pilot_2026_08_15/krr_learning_curves_residual.csv
GemNet-OC,K500k,,256,64,rho_1e-4,0.0001,residual,1.0608185353795774,1.0560182107288625,20,dev-equivariant-scaling-laws-kernel-pilot-clean/analysis_outputs/four_arch_trained_force_kernel_pilot_2026_08_15/krr_learning_curves_residual.csv
GemNet-OC,K500k,,256,64,rho_1e-6,1e-06,residual,1.0826315456465059,1.0576304555242175,20,dev-equivariant-scaling-laws-kernel-pilot-clean/analysis_outputs/four_arch_trained_force_kernel_pilot_2026_08_15/krr_learning_curves_residual.csv
GemNet-OC,K500k,,256,64,rho_1e-8,1e-08,residual,1.093258587136119,1.0818549667428583,20,dev-equivariant-scaling-laws-kernel-pilot-clean/analysis_outputs/four_arch_trained_force_kernel_pilot_2026_08_15/krr_learning_curves_residual.csv
GemNet-OC,K500k,,256,64,ridgeless,0.0,residual,1.0936789308326382,1.093098586730188,20,dev-equivariant-scaling-laws-kernel-pilot-clean/analysis_outputs/four_arch_trained_force_kernel_pilot_2026_08_15/krr_learning_curves_residual.csv
GemNet-OC,K500k,,256,96,rho_1e-4,0.0001,residual,1.055069642982067,1.075428016044261,20,dev-equivariant-scaling-laws-kernel-pilot-clean/analysis_outputs/four_arch_trained_force_kernel_pilot_2026_08_15/krr_learning_curves_residual.csv
GemNet-OC,K500k,,256,96,rho_1e-6,1e-06,residual,1.0558094624575194,1.0777408400645612,20,dev-equivariant-scaling-laws-kernel-pilot-clean/analysis_outputs/four_arch_trained_force_kernel_pilot_2026_08_15/krr_learning_curves_residual.csv
GemNet-OC,K500k,,256,96,rho_1e-8,1e-08,residual,1.075516383242193,1.1085411735333601,20,dev-equivariant-scaling-laws-kernel-pilot-clean/analysis_outputs/four_arch_trained_force_kernel_pilot_2026_08_15/krr_learning_curves_residual.csv
GemNet-OC,K500k,,256,96,ridgeless,0.0,residual,1.0836709480032172,1.1250564868168804,20,dev-equivariant-scaling-laws-kernel-pilot-clean/analysis_outputs/four_arch_trained_force_kernel_pilot_2026_08_15/krr_learning_curves_residual.csv
GemNet-OC,K500k,,256,128,rho_1e-4,0.0001,residual,1.0336538128767034,1.0671987150379234,20,dev-equivariant-scaling-laws-kernel-pilot-clean/analysis_outputs/four_arch_trained_force_kernel_pilot_2026_08_15/krr_learning_curves_residual.csv
GemNet-OC,K500k,,256,128,rho_1e-6,1e-06,residual,1.0300280463206288,1.0632141927613303,20,dev-equivariant-scaling-laws-kernel-pilot-clean/analysis_outputs/four_arch_trained_force_kernel_pilot_2026_08_15/krr_learning_curves_residual.csv
GemNet-OC,K500k,,256,128,rho_1e-8,1e-08,residual,1.0498366108659876,1.0951968972510424,20,dev-equivariant-scaling-laws-kernel-pilot-clean/analysis_outputs/four_arch_trained_force_kernel_pilot_2026_08_15/krr_learning_curves_residual.csv
GemNet-OC,K500k,,256,128,ridgeless,0.0,residual,1.0578838920031512,1.115585208942052,20,dev-equivariant-scaling-laws-kernel-pilot-clean/analysis_outputs/four_arch_trained_force_kernel_pilot_2026_08_15/krr_learning_curves_residual.csv
GemNet-OC,K50k,,256,8,rho_1e-4,0.0001,residual,1.060261712614794,1.0912060992726524,20,dev-equivariant-scaling-laws-kernel-pilot-clean/analysis_outputs/four_arch_trained_force_kernel_pilot_2026_08_15/krr_learning_curves_residual.csv
GemNet-OC,K50k,,256,8,rho_1e-6,1e-06,residual,1.0602773294793018,1.0954819393676414,20,dev-equivariant-scaling-laws-kernel-pilot-clean/analysis_outputs/four_arch_trained_force_kernel_pilot_2026_08_15/krr_learning_curves_residual.csv
GemNet-OC,K50k,,256,8,rho_1e-8,1e-08,residual,1.0747918722417766,1.099928830219498,20,dev-equivariant-scaling-laws-kernel-pilot-clean/analysis_outputs/four_arch_trained_force_kernel_pilot_2026_08_15/krr_learning_curves_residual.csv
GemNet-OC,K50k,,256,8,ridgeless,0.0,residual,1.0756952187706081,1.101433685398756,20,dev-equivariant-scaling-laws-kernel-pilot-clean/analysis_outputs/four_arch_trained_force_kernel_pilot_2026_08_15/krr_learning_curves_residual.csv
GemNet-OC,K50k,,256,16,rho_1e-4,0.0001,residual,1.0938177100900726,1.1356627763301819,20,dev-equivariant-scaling-laws-kernel-pilot-clean/analysis_outputs/four_arch_trained_force_kernel_pilot_2026_08_15/krr_learning_curves_residual.csv
GemNet-OC,K50k,,256,16,rho_1e-6,1e-06,residual,1.1124834930569185,1.198779686984929,20,dev-equivariant-scaling-laws-kernel-pilot-clean/analysis_outputs/four_arch_trained_force_kernel_pilot_2026_08_15/krr_learning_curves_residual.csv
GemNet-OC,K50k,,256,16,rho_1e-8,1e-08,residual,1.1261185051647744,1.20765202338303,20,dev-equivariant-scaling-laws-kernel-pilot-clean/analysis_outputs/four_arch_trained_force_kernel_pilot_2026_08_15/krr_learning_curves_residual.csv
GemNet-OC,K50k,,256,16,ridgeless,0.0,residual,1.1262163051430722,1.2091783794387703,20,dev-equivariant-scaling-laws-kernel-pilot-clean/analysis_outputs/four_arch_trained_force_kernel_pilot_2026_08_15/krr_learning_curves_residual.csv
GemNet-OC,K50k,,256,32,rho_1e-4,0.0001,residual,1.1517497969581774,1.180529300711295,20,dev-equivariant-scaling-laws-kernel-pilot-clean/analysis_outputs/four_arch_trained_force_kernel_pilot_2026_08_15/krr_learning_curves_residual.csv
GemNet-OC,K50k,,256,32,rho_1e-6,1e-06,residual,1.213282791536827,1.2444398679138657,20,dev-equivariant-scaling-laws-kernel-pilot-clean/analysis_outputs/four_arch_trained_force_kernel_pilot_2026_08_15/krr_learning_curves_residual.csv
GemNet-OC,K50k,,256,32,rho_1e-8,1e-08,residual,1.21592514066522,1.2518990289540914,20,dev-equivariant-scaling-laws-kernel-pilot-clean/analysis_outputs/four_arch_trained_force_kernel_pilot_2026_08_15/krr_learning_curves_residual.csv
GemNet-OC,K50k,,256,32,ridgeless,0.0,residual,1.2159645490497555,1.2526735038355656,20,dev-equivariant-scaling-laws-kernel-pilot-clean/analysis_outputs/four_arch_trained_force_kernel_pilot_2026_08_15/krr_learning_curves_residual.csv
GemNet-OC,K50k,,256,64,rho_1e-4,0.0001,residual,1.2604611057216726,1.2591304419226206,20,dev-equivariant-scaling-laws-kernel-pilot-clean/analysis_outputs/four_arch_trained_force_kernel_pilot_2026_08_15/krr_learning_curves_residual.csv
GemNet-OC,K50k,,256,64,rho_1e-6,1e-06,residual,1.302895610229729,1.3017479037251403,20,dev-equivariant-scaling-laws-kernel-pilot-clean/analysis_outputs/four_arch_trained_force_kernel_pilot_2026_08_15/krr_learning_curves_residual.csv
GemNet-OC,K50k,,256,64,rho_1e-8,1e-08,residual,1.3137027121900027,1.3083770859623154,20,dev-equivariant-scaling-laws-kernel-pilot-clean/analysis_outputs/four_arch_trained_force_kernel_pilot_2026_08_15/krr_learning_curves_residual.csv
GemNet-OC,K50k,,256,64,ridgeless,0.0,residual,1.2957466887032947,1.3079301230144504,20,dev-equivariant-scaling-laws-kernel-pilot-clean/analysis_outputs/four_arch_trained_force_kernel_pilot_2026_08_15/krr_learning_curves_residual.csv
GemNet-OC,K50k,,256,96,rho_1e-4,0.0001,residual,1.3192879809043452,1.3232093612276468,20,dev-equivariant-scaling-laws-kernel-pilot-clean/analysis_outputs/four_arch_trained_force_kernel_pilot_2026_08_15/krr_learning_curves_residual.csv
GemNet-OC,K50k,,256,96,rho_1e-6,1e-06,residual,1.35307086854295,1.3604785354011475,20,dev-equivariant-scaling-laws-kernel-pilot-clean/analysis_outputs/four_arch_trained_force_kernel_pilot_2026_08_15/krr_learning_curves_residual.csv
GemNet-OC,K50k,,256,96,rho_1e-8,1e-08,residual,1.3347453999499337,1.3652361819203889,20,dev-equivariant-scaling-laws-kernel-pilot-clean/analysis_outputs/four_arch_trained_force_kernel_pilot_2026_08_15/krr_learning_curves_residual.csv
GemNet-OC,K50k,,256,96,ridgeless,0.0,residual,1.3134479074387275,1.3645800619509036,20,dev-equivariant-scaling-laws-kernel-pilot-clean/analysis_outputs/four_arch_trained_force_kernel_pilot_2026_08_15/krr_learning_curves_residual.csv
GemNet-OC,K50k,,256,128,rho_1e-4,0.0001,residual,1.313578956955626,1.352480313828338,20,dev-equivariant-scaling-laws-kernel-pilot-clean/analysis_outputs/four_arch_trained_force_kernel_pilot_2026_08_15/krr_learning_curves_residual.csv
GemNet-OC,K50k,,256,128,rho_1e-6,1e-06,residual,1.386736442891955,1.39311509914063,20,dev-equivariant-scaling-laws-kernel-pilot-clean/analysis_outputs/four_arch_trained_force_kernel_pilot_2026_08_15/krr_learning_curves_residual.csv
GemNet-OC,K50k,,256,128,rho_1e-8,1e-08,residual,1.3736484505296098,1.396633276667107,20,dev-equivariant-scaling-laws-kernel-pilot-clean/analysis_outputs/four_arch_trained_force_kernel_pilot_2026_08_15/krr_learning_curves_residual.csv
GemNet-OC,K50k,,256,128,ridgeless,0.0,residual,1.3841210092766545,1.3977877407116726,20,dev-equivariant-scaling-laws-kernel-pilot-clean/analysis_outputs/four_arch_trained_force_kernel_pilot_2026_08_15/krr_learning_curves_residual.csv
MC-EGNN,K0,,256,8,rho_1e-4,0.0001,residual,0.4241370849122123,0.5042713138222049,20,dev-equivariant-scaling-laws-kernel-pilot-clean/analysis_outputs/four_arch_trained_force_kernel_pilot_2026_08_15/krr_learning_curves_residual.csv
MC-EGNN,K0,,256,8,rho_1e-6,1e-06,residual,1.1839532641204995,3.1917633912726604,20,dev-equivariant-scaling-laws-kernel-pilot-clean/analysis_outputs/four_arch_trained_force_kernel_pilot_2026_08_15/krr_learning_curves_residual.csv
MC-EGNN,K0,,256,8,rho_1e-8,1e-08,residual,1.9677545076607235,7.470323644681128,20,dev-equivariant-scaling-laws-kernel-pilot-clean/analysis_outputs/four_arch_trained_force_kernel_pilot_2026_08_15/krr_learning_curves_residual.csv
MC-EGNN,K0,,256,8,ridgeless,0.0,residual,1.9721922279351993,7.740764895059894,20,dev-equivariant-scaling-laws-kernel-pilot-clean/analysis_outputs/four_arch_trained_force_kernel_pilot_2026_08_15/krr_learning_curves_residual.csv
MC-EGNN,K0,,256,16,rho_1e-4,0.0001,residual,0.4027429251676793,0.42014832866153623,20,dev-equivariant-scaling-laws-kernel-pilot-clean/analysis_outputs/four_arch_trained_force_kernel_pilot_2026_08_15/krr_learning_curves_residual.csv
MC-EGNN,K0,,256,16,rho_1e-6,1e-06,residual,1.1072671606249667,2.9374996958265784,20,dev-equivariant-scaling-laws-kernel-pilot-clean/analysis_outputs/four_arch_trained_force_kernel_pilot_2026_08_15/krr_learning_curves_residual.csv
MC-EGNN,K0,,256,16,rho_1e-8,1e-08,residual,2.561953660882372,5.246521833781676,20,dev-equivariant-scaling-laws-kernel-pilot-clean/analysis_outputs/four_arch_trained_force_kernel_pilot_2026_08_15/krr_learning_curves_residual.csv
MC-EGNN,K0,,256,16,ridgeless,0.0,residual,2.614514734328301,5.478411929651453,20,dev-equivariant-scaling-laws-kernel-pilot-clean/analysis_outputs/four_arch_trained_force_kernel_pilot_2026_08_15/krr_learning_curves_residual.csv
MC-EGNN,K0,,256,32,rho_1e-4,0.0001,residual,0.39997036700059035,0.3946205454044602,20,dev-equivariant-scaling-laws-kernel-pilot-clean/analysis_outputs/four_arch_trained_force_kernel_pilot_2026_08_15/krr_learning_curves_residual.csv
MC-EGNN,K0,,256,32,rho_1e-6,1e-06,residual,0.9376184782226317,2.6600872580578865,20,dev-equivariant-scaling-laws-kernel-pilot-clean/analysis_outputs/four_arch_trained_force_kernel_pilot_2026_08_15/krr_learning_curves_residual.csv
MC-EGNN,K0,,256,32,rho_1e-8,1e-08,residual,3.7474631803094263,7.856217334018761,20,dev-equivariant-scaling-laws-kernel-pilot-clean/analysis_outputs/four_arch_trained_force_kernel_pilot_2026_08_15/krr_learning_curves_residual.csv
MC-EGNN,K0,,256,32,ridgeless,0.0,residual,4.713041838299725,8.920670692330733,20,dev-equivariant-scaling-laws-kernel-pilot-clean/analysis_outputs/four_arch_trained_force_kernel_pilot_2026_08_15/krr_learning_curves_residual.csv
MC-EGNN,K0,,256,64,rho_1e-4,0.0001,residual,0.3965488718647264,0.3852496372609574,20,dev-equivariant-scaling-laws-kernel-pilot-clean/analysis_outputs/four_arch_trained_force_kernel_pilot_2026_08_15/krr_learning_curves_residual.csv
MC-EGNN,K0,,256,64,rho_1e-6,1e-06,residual,1.182734928301523,2.663919165624473,20,dev-equivariant-scaling-laws-kernel-pilot-clean/analysis_outputs/four_arch_trained_force_kernel_pilot_2026_08_15/krr_learning_curves_residual.csv
MC-EGNN,K0,,256,64,rho_1e-8,1e-08,residual,4.831401299496876,17.098420672384684,20,dev-equivariant-scaling-laws-kernel-pilot-clean/analysis_outputs/four_arch_trained_force_kernel_pilot_2026_08_15/krr_learning_curves_residual.csv
MC-EGNN,K0,,256,64,ridgeless,0.0,residual,6.072418168534405,20.210943721913505,20,dev-equivariant-scaling-laws-kernel-pilot-clean/analysis_outputs/four_arch_trained_force_kernel_pilot_2026_08_15/krr_learning_curves_residual.csv
MC-EGNN,K0,,256,96,rho_1e-4,0.0001,residual,0.4109017706932776,0.39134985349448626,20,dev-equivariant-scaling-laws-kernel-pilot-clean/analysis_outputs/four_arch_trained_force_kernel_pilot_2026_08_15/krr_learning_curves_residual.csv
MC-EGNN,K0,,256,96,rho_1e-6,1e-06,residual,2.434938058192744,5.068374191145419,20,dev-equivariant-scaling-laws-kernel-pilot-clean/analysis_outputs/four_arch_trained_force_kernel_pilot_2026_08_15/krr_learning_curves_residual.csv
MC-EGNN,K0,,256,96,rho_1e-8,1e-08,residual,10.396647248906536,48.430646335017414,20,dev-equivariant-scaling-laws-kernel-pilot-clean/analysis_outputs/four_arch_trained_force_kernel_pilot_2026_08_15/krr_learning_curves_residual.csv
MC-EGNN,K0,,256,96,ridgeless,0.0,residual,12.181990794749902,54.95076161099837,20,dev-equivariant-scaling-laws-kernel-pilot-clean/analysis_outputs/four_arch_trained_force_kernel_pilot_2026_08_15/krr_learning_curves_residual.csv
MC-EGNN,K0,,256,128,rho_1e-4,0.0001,residual,0.4082320662959449,0.38719560396031016,20,dev-equivariant-scaling-laws-kernel-pilot-clean/analysis_outputs/four_arch_trained_force_kernel_pilot_2026_08_15/krr_learning_curves_residual.csv
MC-EGNN,K0,,256,128,rho_1e-6,1e-06,residual,2.0826362249360844,6.066296157474071,20,dev-equivariant-scaling-laws-kernel-pilot-clean/analysis_outputs/four_arch_trained_force_kernel_pilot_2026_08_15/krr_learning_curves_residual.csv
MC-EGNN,K0,,256,128,rho_1e-8,1e-08,residual,8.203212379328315,65.357479679594,20,dev-equivariant-scaling-laws-kernel-pilot-clean/analysis_outputs/four_arch_trained_force_kernel_pilot_2026_08_15/krr_learning_curves_residual.csv
MC-EGNN,K0,,256,128,ridgeless,0.0,residual,9.887071669450588,68.77083533107336,20,dev-equivariant-scaling-laws-kernel-pilot-clean/analysis_outputs/four_arch_trained_force_kernel_pilot_2026_08_15/krr_learning_curves_residual.csv
MC-EGNN,K500k,,256,8,rho_1e-4,0.0001,residual,0.9788688402370986,0.9689856538058816,20,dev-equivariant-scaling-laws-kernel-pilot-clean/analysis_outputs/four_arch_trained_force_kernel_pilot_2026_08_15/krr_learning_curves_residual.csv
MC-EGNN,K500k,,256,8,rho_1e-6,1e-06,residual,0.9767285459697821,0.9690508485282857,20,dev-equivariant-scaling-laws-kernel-pilot-clean/analysis_outputs/four_arch_trained_force_kernel_pilot_2026_08_15/krr_learning_curves_residual.csv
MC-EGNN,K500k,,256,8,rho_1e-8,1e-08,residual,0.9766990012982646,0.9675237606295963,20,dev-equivariant-scaling-laws-kernel-pilot-clean/analysis_outputs/four_arch_trained_force_kernel_pilot_2026_08_15/krr_learning_curves_residual.csv
MC-EGNN,K500k,,256,8,ridgeless,0.0,residual,0.9766987020567437,0.9683586772686926,20,dev-equivariant-scaling-laws-kernel-pilot-clean/analysis_outputs/four_arch_trained_force_kernel_pilot_2026_08_15/krr_learning_curves_residual.csv
MC-EGNN,K500k,,256,16,rho_1e-4,0.0001,residual,0.9864365655166668,0.9660315108578782,20,dev-equivariant-scaling-laws-kernel-pilot-clean/analysis_outputs/four_arch_trained_force_kernel_pilot_2026_08_15/krr_learning_curves_residual.csv
MC-EGNN,K500k,,256,16,rho_1e-6,1e-06,residual,0.986015505855123,0.9650208892446244,20,dev-equivariant-scaling-laws-kernel-pilot-clean/analysis_outputs/four_arch_trained_force_kernel_pilot_2026_08_15/krr_learning_curves_residual.csv
MC-EGNN,K500k,,256,16,rho_1e-8,1e-08,residual,0.9855283799260282,0.9634331348624263,20,dev-equivariant-scaling-laws-kernel-pilot-clean/analysis_outputs/four_arch_trained_force_kernel_pilot_2026_08_15/krr_learning_curves_residual.csv
MC-EGNN,K500k,,256,16,ridgeless,0.0,residual,0.9855282787108645,0.963855742727279,20,dev-equivariant-scaling-laws-kernel-pilot-clean/analysis_outputs/four_arch_trained_force_kernel_pilot_2026_08_15/krr_learning_curves_residual.csv
MC-EGNN,K500k,,256,32,rho_1e-4,0.0001,residual,1.0466204597819726,1.1046391363529047,20,dev-equivariant-scaling-laws-kernel-pilot-clean/analysis_outputs/four_arch_trained_force_kernel_pilot_2026_08_15/krr_learning_curves_residual.csv
MC-EGNN,K500k,,256,32,rho_1e-6,1e-06,residual,1.0561838525535503,1.1027477948091,20,dev-equivariant-scaling-laws-kernel-pilot-clean/analysis_outputs/four_arch_trained_force_kernel_pilot_2026_08_15/krr_learning_curves_residual.csv
MC-EGNN,K500k,,256,32,rho_1e-8,1e-08,residual,1.0498418282548703,1.1050299640947534,20,dev-equivariant-scaling-laws-kernel-pilot-clean/analysis_outputs/four_arch_trained_force_kernel_pilot_2026_08_15/krr_learning_curves_residual.csv
MC-EGNN,K500k,,256,32,ridgeless,0.0,residual,1.0565956210296024,1.1023351553857137,20,dev-equivariant-scaling-laws-kernel-pilot-clean/analysis_outputs/four_arch_trained_force_kernel_pilot_2026_08_15/krr_learning_curves_residual.csv
MC-EGNN,K500k,,256,64,rho_1e-4,0.0001,residual,1.0982035109703632,1.216001854528871,20,dev-equivariant-scaling-laws-kernel-pilot-clean/analysis_outputs/four_arch_trained_force_kernel_pilot_2026_08_15/krr_learning_curves_residual.csv
MC-EGNN,K500k,,256,64,rho_1e-6,1e-06,residual,1.1078206139206406,1.2106748686711546,20,dev-equivariant-scaling-laws-kernel-pilot-clean/analysis_outputs/four_arch_trained_force_kernel_pilot_2026_08_15/krr_learning_curves_residual.csv
MC-EGNN,K500k,,256,64,rho_1e-8,1e-08,residual,1.0975323374845143,1.21188078157874,20,dev-equivariant-scaling-laws-kernel-pilot-clean/analysis_outputs/four_arch_trained_force_kernel_pilot_2026_08_15/krr_learning_curves_residual.csv
MC-EGNN,K500k,,256,64,ridgeless,0.0,residual,1.09735663621883,1.2094208582899408,20,dev-equivariant-scaling-laws-kernel-pilot-clean/analysis_outputs/four_arch_trained_force_kernel_pilot_2026_08_15/krr_learning_curves_residual.csv
MC-EGNN,K500k,,256,96,rho_1e-4,0.0001,residual,1.1400042328120168,1.222497451297487,20,dev-equivariant-scaling-laws-kernel-pilot-clean/analysis_outputs/four_arch_trained_force_kernel_pilot_2026_08_15/krr_learning_curves_residual.csv
MC-EGNN,K500k,,256,96,rho_1e-6,1e-06,residual,1.1353636579977184,1.2208851747454472,20,dev-equivariant-scaling-laws-kernel-pilot-clean/analysis_outputs/four_arch_trained_force_kernel_pilot_2026_08_15/krr_learning_curves_residual.csv
MC-EGNN,K500k,,256,96,rho_1e-8,1e-08,residual,1.1424212780444876,1.22067855899904,20,dev-equivariant-scaling-laws-kernel-pilot-clean/analysis_outputs/four_arch_trained_force_kernel_pilot_2026_08_15/krr_learning_curves_residual.csv
MC-EGNN,K500k,,256,96,ridgeless,0.0,residual,1.1320013107430338,1.217536811644051,20,dev-equivariant-scaling-laws-kernel-pilot-clean/analysis_outputs/four_arch_trained_force_kernel_pilot_2026_08_15/krr_learning_curves_residual.csv
MC-EGNN,K500k,,256,128,rho_1e-4,0.0001,residual,1.13288512364637,1.2312139977131484,20,dev-equivariant-scaling-laws-kernel-pilot-clean/analysis_outputs/four_arch_trained_force_kernel_pilot_2026_08_15/krr_learning_curves_residual.csv
MC-EGNN,K500k,,256,128,rho_1e-6,1e-06,residual,1.1634097739014218,1.2558660703928903,20,dev-equivariant-scaling-laws-kernel-pilot-clean/analysis_outputs/four_arch_trained_force_kernel_pilot_2026_08_15/krr_learning_curves_residual.csv
MC-EGNN,K500k,,256,128,rho_1e-8,1e-08,residual,1.1728223025556093,1.2651363277528176,20,dev-equivariant-scaling-laws-kernel-pilot-clean/analysis_outputs/four_arch_trained_force_kernel_pilot_2026_08_15/krr_learning_curves_residual.csv
MC-EGNN,K500k,,256,128,ridgeless,0.0,residual,1.1783283927530919,1.260674731740849,20,dev-equivariant-scaling-laws-kernel-pilot-clean/analysis_outputs/four_arch_trained_force_kernel_pilot_2026_08_15/krr_learning_curves_residual.csv
MC-EGNN,K50k,,256,8,rho_1e-4,0.0001,residual,1.0163224668661102,1.0396387174976611,20,dev-equivariant-scaling-laws-kernel-pilot-clean/analysis_outputs/four_arch_trained_force_kernel_pilot_2026_08_15/krr_learning_curves_residual.csv
MC-EGNN,K50k,,256,8,rho_1e-6,1e-06,residual,1.0224003832341597,1.0463758762163038,20,dev-equivariant-scaling-laws-kernel-pilot-clean/analysis_outputs/four_arch_trained_force_kernel_pilot_2026_08_15/krr_learning_curves_residual.csv
MC-EGNN,K50k,,256,8,rho_1e-8,1e-08,residual,1.0224028849795386,1.0479379819077266,20,dev-equivariant-scaling-laws-kernel-pilot-clean/analysis_outputs/four_arch_trained_force_kernel_pilot_2026_08_15/krr_learning_curves_residual.csv
MC-EGNN,K50k,,256,8,ridgeless,0.0,residual,1.022402910252497,1.0479453720935077,20,dev-equivariant-scaling-laws-kernel-pilot-clean/analysis_outputs/four_arch_trained_force_kernel_pilot_2026_08_15/krr_learning_curves_residual.csv
MC-EGNN,K50k,,256,16,rho_1e-4,0.0001,residual,1.020509166533352,1.0523500426668084,20,dev-equivariant-scaling-laws-kernel-pilot-clean/analysis_outputs/four_arch_trained_force_kernel_pilot_2026_08_15/krr_learning_curves_residual.csv
MC-EGNN,K50k,,256,16,rho_1e-6,1e-06,residual,1.023290428984656,1.0611642529803755,20,dev-equivariant-scaling-laws-kernel-pilot-clean/analysis_outputs/four_arch_trained_force_kernel_pilot_2026_08_15/krr_learning_curves_residual.csv
MC-EGNN,K50k,,256,16,rho_1e-8,1e-08,residual,1.0233329288003503,1.0623216545056138,20,dev-equivariant-scaling-laws-kernel-pilot-clean/analysis_outputs/four_arch_trained_force_kernel_pilot_2026_08_15/krr_learning_curves_residual.csv
MC-EGNN,K50k,,256,16,ridgeless,0.0,residual,1.023333360192784,1.062233546943657,20,dev-equivariant-scaling-laws-kernel-pilot-clean/analysis_outputs/four_arch_trained_force_kernel_pilot_2026_08_15/krr_learning_curves_residual.csv
MC-EGNN,K50k,,256,32,rho_1e-4,0.0001,residual,1.0511555298192987,1.0974536734199845,20,dev-equivariant-scaling-laws-kernel-pilot-clean/analysis_outputs/four_arch_trained_force_kernel_pilot_2026_08_15/krr_learning_curves_residual.csv
MC-EGNN,K50k,,256,32,rho_1e-6,1e-06,residual,1.0599146872177148,1.1077612181863563,20,dev-equivariant-scaling-laws-kernel-pilot-clean/analysis_outputs/four_arch_trained_force_kernel_pilot_2026_08_15/krr_learning_curves_residual.csv
MC-EGNN,K50k,,256,32,rho_1e-8,1e-08,residual,1.0620571778177204,1.1094647880745816,20,dev-equivariant-scaling-laws-kernel-pilot-clean/analysis_outputs/four_arch_trained_force_kernel_pilot_2026_08_15/krr_learning_curves_residual.csv
MC-EGNN,K50k,,256,32,ridgeless,0.0,residual,1.061865934817411,1.1091627023791613,20,dev-equivariant-scaling-laws-kernel-pilot-clean/analysis_outputs/four_arch_trained_force_kernel_pilot_2026_08_15/krr_learning_curves_residual.csv
MC-EGNN,K50k,,256,64,rho_1e-4,0.0001,residual,1.0783544231847837,1.1053297345524455,20,dev-equivariant-scaling-laws-kernel-pilot-clean/analysis_outputs/four_arch_trained_force_kernel_pilot_2026_08_15/krr_learning_curves_residual.csv
MC-EGNN,K50k,,256,64,rho_1e-6,1e-06,residual,1.076564336723226,1.111183823132921,20,dev-equivariant-scaling-laws-kernel-pilot-clean/analysis_outputs/four_arch_trained_force_kernel_pilot_2026_08_15/krr_learning_curves_residual.csv
MC-EGNN,K50k,,256,64,rho_1e-8,1e-08,residual,1.0776650817976219,1.1154268122635502,20,dev-equivariant-scaling-laws-kernel-pilot-clean/analysis_outputs/four_arch_trained_force_kernel_pilot_2026_08_15/krr_learning_curves_residual.csv
MC-EGNN,K50k,,256,64,ridgeless,0.0,residual,1.077689594036277,1.1154988152161425,20,dev-equivariant-scaling-laws-kernel-pilot-clean/analysis_outputs/four_arch_trained_force_kernel_pilot_2026_08_15/krr_learning_curves_residual.csv
MC-EGNN,K50k,,256,96,rho_1e-4,0.0001,residual,1.0525687876380674,1.0639468684558462,20,dev-equivariant-scaling-laws-kernel-pilot-clean/analysis_outputs/four_arch_trained_force_kernel_pilot_2026_08_15/krr_learning_curves_residual.csv
MC-EGNN,K50k,,256,96,rho_1e-6,1e-06,residual,1.0530011699173771,1.0730634643850432,20,dev-equivariant-scaling-laws-kernel-pilot-clean/analysis_outputs/four_arch_trained_force_kernel_pilot_2026_08_15/krr_learning_curves_residual.csv
MC-EGNN,K50k,,256,96,rho_1e-8,1e-08,residual,1.0489324654170908,1.0749437992234063,20,dev-equivariant-scaling-laws-kernel-pilot-clean/analysis_outputs/four_arch_trained_force_kernel_pilot_2026_08_15/krr_learning_curves_residual.csv
MC-EGNN,K50k,,256,96,ridgeless,0.0,residual,1.0486236124995305,1.0758484512034243,20,dev-equivariant-scaling-laws-kernel-pilot-clean/analysis_outputs/four_arch_trained_force_kernel_pilot_2026_08_15/krr_learning_curves_residual.csv
MC-EGNN,K50k,,256,128,rho_1e-4,0.0001,residual,1.0235281171737416,1.0664921190447019,20,dev-equivariant-scaling-laws-kernel-pilot-clean/analysis_outputs/four_arch_trained_force_kernel_pilot_2026_08_15/krr_learning_curves_residual.csv
MC-EGNN,K50k,,256,128,rho_1e-6,1e-06,residual,1.0272637332517551,1.0845617930309994,20,dev-equivariant-scaling-laws-kernel-pilot-clean/analysis_outputs/four_arch_trained_force_kernel_pilot_2026_08_15/krr_learning_curves_residual.csv
MC-EGNN,K50k,,256,128,rho_1e-8,1e-08,residual,1.0202907911466175,1.0853476055161857,20,dev-equivariant-scaling-laws-kernel-pilot-clean/analysis_outputs/four_arch_trained_force_kernel_pilot_2026_08_15/krr_learning_curves_residual.csv
MC-EGNN,K50k,,256,128,ridgeless,0.0,residual,1.0264105693598138,1.0862827393442815,20,dev-equivariant-scaling-laws-kernel-pilot-clean/analysis_outputs/four_arch_trained_force_kernel_pilot_2026_08_15/krr_learning_curves_residual.csv
MPNN,K0,,256,8,rho_1e-4,0.0001,residual,0.5956835815488792,0.6087286923105154,20,dev-equivariant-scaling-laws-kernel-pilot-clean/analysis_outputs/four_arch_trained_force_kernel_pilot_2026_08_15/krr_learning_curves_residual.csv
MPNN,K0,,256,8,rho_1e-6,1e-06,residual,0.5956885711002018,0.6088055762226441,20,dev-equivariant-scaling-laws-kernel-pilot-clean/analysis_outputs/four_arch_trained_force_kernel_pilot_2026_08_15/krr_learning_curves_residual.csv
MPNN,K0,,256,8,rho_1e-8,1e-08,residual,0.5956886211288581,0.6088063460659507,20,dev-equivariant-scaling-laws-kernel-pilot-clean/analysis_outputs/four_arch_trained_force_kernel_pilot_2026_08_15/krr_learning_curves_residual.csv
MPNN,K0,,256,8,ridgeless,0.0,residual,0.5956886216342117,0.6088063538422473,20,dev-equivariant-scaling-laws-kernel-pilot-clean/analysis_outputs/four_arch_trained_force_kernel_pilot_2026_08_15/krr_learning_curves_residual.csv
MPNN,K0,,256,16,rho_1e-4,0.0001,residual,0.5286081879703501,0.5519875054928846,20,dev-equivariant-scaling-laws-kernel-pilot-clean/analysis_outputs/four_arch_trained_force_kernel_pilot_2026_08_15/krr_learning_curves_residual.csv
MPNN,K0,,256,16,rho_1e-6,1e-06,residual,0.5286832197280202,0.5520745146270098,20,dev-equivariant-scaling-laws-kernel-pilot-clean/analysis_outputs/four_arch_trained_force_kernel_pilot_2026_08_15/krr_learning_curves_residual.csv
MPNN,K0,,256,16,rho_1e-8,1e-08,residual,0.5286839711369165,0.5520753859670727,20,dev-equivariant-scaling-laws-kernel-pilot-clean/analysis_outputs/four_arch_trained_force_kernel_pilot_2026_08_15/krr_learning_curves_residual.csv
MPNN,K0,,256,16,ridgeless,0.0,residual,0.5286839787270154,0.5520753947686137,20,dev-equivariant-scaling-laws-kernel-pilot-clean/analysis_outputs/four_arch_trained_force_kernel_pilot_2026_08_15/krr_learning_curves_residual.csv
MPNN,K0,,256,32,rho_1e-4,0.0001,residual,0.48834947355530184,0.4992604603191554,20,dev-equivariant-scaling-laws-kernel-pilot-clean/analysis_outputs/four_arch_trained_force_kernel_pilot_2026_08_15/krr_learning_curves_residual.csv
MPNN,K0,,256,32,rho_1e-6,1e-06,residual,0.4883580479999712,0.49932302670628276,20,dev-equivariant-scaling-laws-kernel-pilot-clean/analysis_outputs/four_arch_trained_force_kernel_pilot_2026_08_15/krr_learning_curves_residual.csv
MPNN,K0,,256,32,rho_1e-8,1e-08,residual,0.4883581338336764,0.4993236531672989,20,dev-equivariant-scaling-laws-kernel-pilot-clean/analysis_outputs/four_arch_trained_force_kernel_pilot_2026_08_15/krr_learning_curves_residual.csv
MPNN,K0,,256,32,ridgeless,0.0,residual,0.48835813470069245,0.49932365949526847,20,dev-equivariant-scaling-laws-kernel-pilot-clean/analysis_outputs/four_arch_trained_force_kernel_pilot_2026_08_15/krr_learning_curves_residual.csv
MPNN,K0,,256,64,rho_1e-4,0.0001,residual,0.5161277939975067,0.4968393701473576,20,dev-equivariant-scaling-laws-kernel-pilot-clean/analysis_outputs/four_arch_trained_force_kernel_pilot_2026_08_15/krr_learning_curves_residual.csv
MPNN,K0,,256,64,rho_1e-6,1e-06,residual,0.5162244123897193,0.49692445759684467,20,dev-equivariant-scaling-laws-kernel-pilot-clean/analysis_outputs/four_arch_trained_force_kernel_pilot_2026_08_15/krr_learning_curves_residual.csv
MPNN,K0,,256,64,rho_1e-8,1e-08,residual,0.5162253802337881,0.49692530962351605,20,dev-equivariant-scaling-laws-kernel-pilot-clean/analysis_outputs/four_arch_trained_force_kernel_pilot_2026_08_15/krr_learning_curves_residual.csv
MPNN,K0,,256,64,ridgeless,0.0,residual,0.5162253900101588,0.49692531822996244,20,dev-equivariant-scaling-laws-kernel-pilot-clean/analysis_outputs/four_arch_trained_force_kernel_pilot_2026_08_15/krr_learning_curves_residual.csv
MPNN,K0,,256,96,rho_1e-4,0.0001,residual,0.5420272342590186,0.5294989552336323,20,dev-equivariant-scaling-laws-kernel-pilot-clean/analysis_outputs/four_arch_trained_force_kernel_pilot_2026_08_15/krr_learning_curves_residual.csv
MPNN,K0,,256,96,rho_1e-6,1e-06,residual,0.5421460393897333,0.5296400487649404,20,dev-equivariant-scaling-laws-kernel-pilot-clean/analysis_outputs/four_arch_trained_force_kernel_pilot_2026_08_15/krr_learning_curves_residual.csv
MPNN,K0,,256,96,rho_1e-8,1e-08,residual,0.542147229373137,0.5296414617344338,20,dev-equivariant-scaling-laws-kernel-pilot-clean/analysis_outputs/four_arch_trained_force_kernel_pilot_2026_08_15/krr_learning_curves_residual.csv
MPNN,K0,,256,96,ridgeless,0.0,residual,0.5421472413933672,0.5296414760070588,20,dev-equivariant-scaling-laws-kernel-pilot-clean/analysis_outputs/four_arch_trained_force_kernel_pilot_2026_08_15/krr_learning_curves_residual.csv
MPNN,K0,,256,128,rho_1e-4,0.0001,residual,0.5425500660338299,0.5357894314408949,20,dev-equivariant-scaling-laws-kernel-pilot-clean/analysis_outputs/four_arch_trained_force_kernel_pilot_2026_08_15/krr_learning_curves_residual.csv
MPNN,K0,,256,128,rho_1e-6,1e-06,residual,0.5426667336589351,0.5359657790212073,20,dev-equivariant-scaling-laws-kernel-pilot-clean/analysis_outputs/four_arch_trained_force_kernel_pilot_2026_08_15/krr_learning_curves_residual.csv
MPNN,K0,,256,128,rho_1e-8,1e-08,residual,0.5426679022970549,0.5359675452496353,20,dev-equivariant-scaling-laws-kernel-pilot-clean/analysis_outputs/four_arch_trained_force_kernel_pilot_2026_08_15/krr_learning_curves_residual.csv
MPNN,K0,,256,128,ridgeless,0.0,residual,0.5426679141016786,0.535967563090605,20,dev-equivariant-scaling-laws-kernel-pilot-clean/analysis_outputs/four_arch_trained_force_kernel_pilot_2026_08_15/krr_learning_curves_residual.csv
MPNN,K500k,,256,8,rho_1e-4,0.0001,residual,0.9962519497351094,1.030616169668301,20,dev-equivariant-scaling-laws-kernel-pilot-clean/analysis_outputs/four_arch_trained_force_kernel_pilot_2026_08_15/krr_learning_curves_residual.csv
MPNN,K500k,,256,8,rho_1e-6,1e-06,residual,0.9962534244549985,1.0306185472413745,20,dev-equivariant-scaling-laws-kernel-pilot-clean/analysis_outputs/four_arch_trained_force_kernel_pilot_2026_08_15/krr_learning_curves_residual.csv
MPNN,K500k,,256,8,rho_1e-8,1e-08,residual,0.9962534392054241,1.0306185710220737,20,dev-equivariant-scaling-laws-kernel-pilot-clean/analysis_outputs/four_arch_trained_force_kernel_pilot_2026_08_15/krr_learning_curves_residual.csv
MPNN,K500k,,256,8,ridgeless,0.0,residual,0.9962534393544186,1.0306185712622835,20,dev-equivariant-scaling-laws-kernel-pilot-clean/analysis_outputs/four_arch_trained_force_kernel_pilot_2026_08_15/krr_learning_curves_residual.csv
MPNN,K500k,,256,16,rho_1e-4,0.0001,residual,1.0095898258813576,1.0232185938300584,20,dev-equivariant-scaling-laws-kernel-pilot-clean/analysis_outputs/four_arch_trained_force_kernel_pilot_2026_08_15/krr_learning_curves_residual.csv
MPNN,K500k,,256,16,rho_1e-6,1e-06,residual,1.009593905331306,1.0232199116352705,20,dev-equivariant-scaling-laws-kernel-pilot-clean/analysis_outputs/four_arch_trained_force_kernel_pilot_2026_08_15/krr_learning_curves_residual.csv
MPNN,K500k,,256,16,rho_1e-8,1e-08,residual,1.0095939461562848,1.0232199248186147,20,dev-equivariant-scaling-laws-kernel-pilot-clean/analysis_outputs/four_arch_trained_force_kernel_pilot_2026_08_15/krr_learning_curves_residual.csv
MPNN,K500k,,256,16,ridgeless,0.0,residual,1.0095939465686614,1.0232199249517804,20,dev-equivariant-scaling-laws-kernel-pilot-clean/analysis_outputs/four_arch_trained_force_kernel_pilot_2026_08_15/krr_learning_curves_residual.csv
MPNN,K500k,,256,32,rho_1e-4,0.0001,residual,0.9991613749506045,1.009166637388728,20,dev-equivariant-scaling-laws-kernel-pilot-clean/analysis_outputs/four_arch_trained_force_kernel_pilot_2026_08_15/krr_learning_curves_residual.csv
MPNN,K500k,,256,32,rho_1e-6,1e-06,residual,0.999161567641744,1.0091656029247118,20,dev-equivariant-scaling-laws-kernel-pilot-clean/analysis_outputs/four_arch_trained_force_kernel_pilot_2026_08_15/krr_learning_curves_residual.csv
MPNN,K500k,,256,32,rho_1e-8,1e-08,residual,0.9991615695709946,1.0091655925743157,20,dev-equivariant-scaling-laws-kernel-pilot-clean/analysis_outputs/four_arch_trained_force_kernel_pilot_2026_08_15/krr_learning_curves_residual.csv
MPNN,K500k,,256,32,ridgeless,0.0,residual,0.9991615695904823,1.0091655924697658,20,dev-equivariant-scaling-laws-kernel-pilot-clean/analysis_outputs/four_arch_trained_force_kernel_pilot_2026_08_15/krr_learning_curves_residual.csv
MPNN,K500k,,256,64,rho_1e-4,0.0001,residual,0.9864613960548108,0.9930475569354582,20,dev-equivariant-scaling-laws-kernel-pilot-clean/analysis_outputs/four_arch_trained_force_kernel_pilot_2026_08_15/krr_learning_curves_residual.csv
MPNN,K500k,,256,64,rho_1e-6,1e-06,residual,0.9864588826441767,0.9930460794411914,20,dev-equivariant-scaling-laws-kernel-pilot-clean/analysis_outputs/four_arch_trained_force_kernel_pilot_2026_08_15/krr_learning_curves_residual.csv
MPNN,K500k,,256,64,rho_1e-8,1e-08,residual,0.9864588575055009,0.9930460646675334,20,dev-equivariant-scaling-laws-kernel-pilot-clean/analysis_outputs/four_arch_trained_force_kernel_pilot_2026_08_15/krr_learning_curves_residual.csv
MPNN,K500k,,256,64,ridgeless,0.0,residual,0.9864588572515746,0.9930460645183047,20,dev-equivariant-scaling-laws-kernel-pilot-clean/analysis_outputs/four_arch_trained_force_kernel_pilot_2026_08_15/krr_learning_curves_residual.csv
MPNN,K500k,,256,96,rho_1e-4,0.0001,residual,0.9666724347096357,0.9841747652410759,20,dev-equivariant-scaling-laws-kernel-pilot-clean/analysis_outputs/four_arch_trained_force_kernel_pilot_2026_08_15/krr_learning_curves_residual.csv
MPNN,K500k,,256,96,rho_1e-6,1e-06,residual,0.9666694743150761,0.9841718166629706,20,dev-equivariant-scaling-laws-kernel-pilot-clean/analysis_outputs/four_arch_trained_force_kernel_pilot_2026_08_15/krr_learning_curves_residual.csv
MPNN,K500k,,256,96,rho_1e-8,1e-08,residual,0.9666694447174238,0.9841717871609907,20,dev-equivariant-scaling-laws-kernel-pilot-clean/analysis_outputs/four_arch_trained_force_kernel_pilot_2026_08_15/krr_learning_curves_residual.csv
MPNN,K500k,,256,96,ridgeless,0.0,residual,0.9666694444184583,0.9841717868629895,20,dev-equivariant-scaling-laws-kernel-pilot-clean/analysis_outputs/four_arch_trained_force_kernel_pilot_2026_08_15/krr_learning_curves_residual.csv
MPNN,K500k,,256,128,rho_1e-4,0.0001,residual,0.9624759626948103,0.9782074430517349,20,dev-equivariant-scaling-laws-kernel-pilot-clean/analysis_outputs/four_arch_trained_force_kernel_pilot_2026_08_15/krr_learning_curves_residual.csv
MPNN,K500k,,256,128,rho_1e-6,1e-06,residual,0.9624750547968696,0.978204866184606,20,dev-equivariant-scaling-laws-kernel-pilot-clean/analysis_outputs/four_arch_trained_force_kernel_pilot_2026_08_15/krr_learning_curves_residual.csv
MPNN,K500k,,256,128,rho_1e-8,1e-08,residual,0.9624750457229565,0.9782048403914774,20,dev-equivariant-scaling-laws-kernel-pilot-clean/analysis_outputs/four_arch_trained_force_kernel_pilot_2026_08_15/krr_learning_curves_residual.csv
MPNN,K500k,,256,128,ridgeless,0.0,residual,0.9624750456313014,0.9782048401309382,20,dev-equivariant-scaling-laws-kernel-pilot-clean/analysis_outputs/four_arch_trained_force_kernel_pilot_2026_08_15/krr_learning_curves_residual.csv
MPNN,K50k,,256,8,rho_1e-4,0.0001,residual,1.0240273352789853,1.1178035221711329,20,dev-equivariant-scaling-laws-kernel-pilot-clean/analysis_outputs/four_arch_trained_force_kernel_pilot_2026_08_15/krr_learning_curves_residual.csv
MPNN,K50k,,256,8,rho_1e-6,1e-06,residual,1.0240363031532969,1.1178213253286275,20,dev-equivariant-scaling-laws-kernel-pilot-clean/analysis_outputs/four_arch_trained_force_kernel_pilot_2026_08_15/krr_learning_curves_residual.csv
MPNN,K50k,,256,8,rho_1e-8,1e-08,residual,1.0240363929412128,1.1178215034260792,20,dev-equivariant-scaling-laws-kernel-pilot-clean/analysis_outputs/four_arch_trained_force_kernel_pilot_2026_08_15/krr_learning_curves_residual.csv
MPNN,K50k,,256,8,ridgeless,0.0,residual,1.0240363938481725,1.11782150522505,20,dev-equivariant-scaling-laws-kernel-pilot-clean/analysis_outputs/four_arch_trained_force_kernel_pilot_2026_08_15/krr_learning_curves_residual.csv
MPNN,K50k,,256,16,rho_1e-4,0.0001,residual,1.0411721746987537,1.074638882813336,20,dev-equivariant-scaling-laws-kernel-pilot-clean/analysis_outputs/four_arch_trained_force_kernel_pilot_2026_08_15/krr_learning_curves_residual.csv
MPNN,K50k,,256,16,rho_1e-6,1e-06,residual,1.0411882154507501,1.0746525509221183,20,dev-equivariant-scaling-laws-kernel-pilot-clean/analysis_outputs/four_arch_trained_force_kernel_pilot_2026_08_15/krr_learning_curves_residual.csv
MPNN,K50k,,256,16,rho_1e-8,1e-08,residual,1.0411883760265235,1.0746526876958988,20,dev-equivariant-scaling-laws-kernel-pilot-clean/analysis_outputs/four_arch_trained_force_kernel_pilot_2026_08_15/krr_learning_curves_residual.csv
MPNN,K50k,,256,16,ridgeless,0.0,residual,1.0411883776485182,1.0746526890774617,20,dev-equivariant-scaling-laws-kernel-pilot-clean/analysis_outputs/four_arch_trained_force_kernel_pilot_2026_08_15/krr_learning_curves_residual.csv
MPNN,K50k,,256,32,rho_1e-4,0.0001,residual,1.0490947348999917,1.0794919033098826,20,dev-equivariant-scaling-laws-kernel-pilot-clean/analysis_outputs/four_arch_trained_force_kernel_pilot_2026_08_15/krr_learning_curves_residual.csv
MPNN,K50k,,256,32,rho_1e-6,1e-06,residual,1.049107851364726,1.0795052211799634,20,dev-equivariant-scaling-laws-kernel-pilot-clean/analysis_outputs/four_arch_trained_force_kernel_pilot_2026_08_15/krr_learning_curves_residual.csv
MPNN,K50k,,256,32,rho_1e-8,1e-08,residual,1.0491079827108571,1.0795053544800792,20,dev-equivariant-scaling-laws-kernel-pilot-clean/analysis_outputs/four_arch_trained_force_kernel_pilot_2026_08_15/krr_learning_curves_residual.csv
MPNN,K50k,,256,32,ridgeless,0.0,residual,1.049107984037604,1.079505355826557,20,dev-equivariant-scaling-laws-kernel-pilot-clean/analysis_outputs/four_arch_trained_force_kernel_pilot_2026_08_15/krr_learning_curves_residual.csv
MPNN,K50k,,256,64,rho_1e-4,0.0001,residual,1.0609685488964646,1.095176567047274,20,dev-equivariant-scaling-laws-kernel-pilot-clean/analysis_outputs/four_arch_trained_force_kernel_pilot_2026_08_15/krr_learning_curves_residual.csv
MPNN,K50k,,256,64,rho_1e-6,1e-06,residual,1.0609895511534528,1.095197166437177,20,dev-equivariant-scaling-laws-kernel-pilot-clean/analysis_outputs/four_arch_trained_force_kernel_pilot_2026_08_15/krr_learning_curves_residual.csv
MPNN,K50k,,256,64,rho_1e-8,1e-08,residual,1.0609897614231045,1.0951973727628863,20,dev-equivariant-scaling-laws-kernel-pilot-clean/analysis_outputs/four_arch_trained_force_kernel_pilot_2026_08_15/krr_learning_curves_residual.csv
MPNN,K50k,,256,64,ridgeless,0.0,residual,1.0609897635470653,1.095197374847018,20,dev-equivariant-scaling-laws-kernel-pilot-clean/analysis_outputs/four_arch_trained_force_kernel_pilot_2026_08_15/krr_learning_curves_residual.csv
MPNN,K50k,,256,96,rho_1e-4,0.0001,residual,1.0824570239974278,1.116117231557409,20,dev-equivariant-scaling-laws-kernel-pilot-clean/analysis_outputs/four_arch_trained_force_kernel_pilot_2026_08_15/krr_learning_curves_residual.csv
MPNN,K50k,,256,96,rho_1e-6,1e-06,residual,1.0824978754114967,1.1161513985089966,20,dev-equivariant-scaling-laws-kernel-pilot-clean/analysis_outputs/four_arch_trained_force_kernel_pilot_2026_08_15/krr_learning_curves_residual.csv
MPNN,K50k,,256,96,rho_1e-8,1e-08,residual,1.0824982844908049,1.116151740942402,20,dev-equivariant-scaling-laws-kernel-pilot-clean/analysis_outputs/four_arch_trained_force_kernel_pilot_2026_08_15/krr_learning_curves_residual.csv
MPNN,K50k,,256,96,ridgeless,0.0,residual,1.082498288622976,1.116151744401403,20,dev-equivariant-scaling-laws-kernel-pilot-clean/analysis_outputs/four_arch_trained_force_kernel_pilot_2026_08_15/krr_learning_curves_residual.csv
MPNN,K50k,,256,128,rho_1e-4,0.0001,residual,1.0959725090910075,1.128463016191184,20,dev-equivariant-scaling-laws-kernel-pilot-clean/analysis_outputs/four_arch_trained_force_kernel_pilot_2026_08_15/krr_learning_curves_residual.csv
MPNN,K50k,,256,128,rho_1e-6,1e-06,residual,1.0960355822302783,1.1285179126755873,20,dev-equivariant-scaling-laws-kernel-pilot-clean/analysis_outputs/four_arch_trained_force_kernel_pilot_2026_08_15/krr_learning_curves_residual.csv
MPNN,K50k,,256,128,rho_1e-8,1e-08,residual,1.096036214654299,1.1285184632057967,20,dev-equivariant-scaling-laws-kernel-pilot-clean/analysis_outputs/four_arch_trained_force_kernel_pilot_2026_08_15/krr_learning_curves_residual.csv
MPNN,K50k,,256,128,ridgeless,0.0,residual,1.0960362210425925,1.1285184687668668,20,dev-equivariant-scaling-laws-kernel-pilot-clean/analysis_outputs/four_arch_trained_force_kernel_pilot_2026_08_15/krr_learning_curves_residual.csv
eSEN,K0,,256,8,rho_1e-4,0.0001,residual,1.1403518950084963,1.403683907691319,20,dev-equivariant-scaling-laws-kernel-pilot-clean/analysis_outputs/four_arch_trained_force_kernel_pilot_2026_08_15/krr_learning_curves_residual.csv
eSEN,K0,,256,8,rho_1e-6,1e-06,residual,1.1405722949265367,1.4045413901831105,20,dev-equivariant-scaling-laws-kernel-pilot-clean/analysis_outputs/four_arch_trained_force_kernel_pilot_2026_08_15/krr_learning_curves_residual.csv
eSEN,K0,,256,8,rho_1e-8,1e-08,residual,1.1405744996315876,1.4045499793868912,20,dev-equivariant-scaling-laws-kernel-pilot-clean/analysis_outputs/four_arch_trained_force_kernel_pilot_2026_08_15/krr_learning_curves_residual.csv
eSEN,K0,,256,8,ridgeless,0.0,residual,1.140574521901386,1.4045500661479688,20,dev-equivariant-scaling-laws-kernel-pilot-clean/analysis_outputs/four_arch_trained_force_kernel_pilot_2026_08_15/krr_learning_curves_residual.csv
eSEN,K0,,256,16,rho_1e-4,0.0001,residual,1.260628664027774,1.3972524293754096,20,dev-equivariant-scaling-laws-kernel-pilot-clean/analysis_outputs/four_arch_trained_force_kernel_pilot_2026_08_15/krr_learning_curves_residual.csv
eSEN,K0,,256,16,rho_1e-6,1e-06,residual,1.2612402218205971,1.3986687641068432,20,dev-equivariant-scaling-laws-kernel-pilot-clean/analysis_outputs/four_arch_trained_force_kernel_pilot_2026_08_15/krr_learning_curves_residual.csv
eSEN,K0,,256,16,rho_1e-8,1e-08,residual,1.2612463689278026,1.398683009336478,20,dev-equivariant-scaling-laws-kernel-pilot-clean/analysis_outputs/four_arch_trained_force_kernel_pilot_2026_08_15/krr_learning_curves_residual.csv
eSEN,K0,,256,16,ridgeless,0.0,residual,1.2612464310230025,1.3986831532360282,20,dev-equivariant-scaling-laws-kernel-pilot-clean/analysis_outputs/four_arch_trained_force_kernel_pilot_2026_08_15/krr_learning_curves_residual.csv
eSEN,K0,,256,32,rho_1e-4,0.0001,residual,1.2559088412105477,1.4095623251580423,20,dev-equivariant-scaling-laws-kernel-pilot-clean/analysis_outputs/four_arch_trained_force_kernel_pilot_2026_08_15/krr_learning_curves_residual.csv
eSEN,K0,,256,32,rho_1e-6,1e-06,residual,1.2576817811327845,1.4120119044335921,20,dev-equivariant-scaling-laws-kernel-pilot-clean/analysis_outputs/four_arch_trained_force_kernel_pilot_2026_08_15/krr_learning_curves_residual.csv
eSEN,K0,,256,32,rho_1e-8,1e-08,residual,1.257699655790841,1.412036648829813,20,dev-equivariant-scaling-laws-kernel-pilot-clean/analysis_outputs/four_arch_trained_force_kernel_pilot_2026_08_15/krr_learning_curves_residual.csv
eSEN,K0,,256,32,ridgeless,0.0,residual,1.2576998363577443,1.4120368987986402,20,dev-equivariant-scaling-laws-kernel-pilot-clean/analysis_outputs/four_arch_trained_force_kernel_pilot_2026_08_15/krr_learning_curves_residual.csv
eSEN,K0,,256,64,rho_1e-4,0.0001,residual,1.2949214716361972,1.4371574563031322,20,dev-equivariant-scaling-laws-kernel-pilot-clean/analysis_outputs/four_arch_trained_force_kernel_pilot_2026_08_15/krr_learning_curves_residual.csv
eSEN,K0,,256,64,rho_1e-6,1e-06,residual,1.2972044554919289,1.44098629823884,20,dev-equivariant-scaling-laws-kernel-pilot-clean/analysis_outputs/four_arch_trained_force_kernel_pilot_2026_08_15/krr_learning_curves_residual.csv
eSEN,K0,,256,64,rho_1e-8,1e-08,residual,1.2972275832717246,1.4410251898176736,20,dev-equivariant-scaling-laws-kernel-pilot-clean/analysis_outputs/four_arch_trained_force_kernel_pilot_2026_08_15/krr_learning_curves_residual.csv
eSEN,K0,,256,64,ridgeless,0.0,residual,1.2972278169162086,1.4410255827239347,20,dev-equivariant-scaling-laws-kernel-pilot-clean/analysis_outputs/four_arch_trained_force_kernel_pilot_2026_08_15/krr_learning_curves_residual.csv
eSEN,K0,,256,96,rho_1e-4,0.0001,residual,1.2613831731850311,1.5080462010646205,20,dev-equivariant-scaling-laws-kernel-pilot-clean/analysis_outputs/four_arch_trained_force_kernel_pilot_2026_08_15/krr_learning_curves_residual.csv
eSEN,K0,,256,96,rho_1e-6,1e-06,residual,1.2636600631954156,1.5135357911569818,20,dev-equivariant-scaling-laws-kernel-pilot-clean/analysis_outputs/four_arch_trained_force_kernel_pilot_2026_08_15/krr_learning_curves_residual.csv
eSEN,K0,,256,96,rho_1e-8,1e-08,residual,1.2636832591063287,1.5135916633855586,20,dev-equivariant-scaling-laws-kernel-pilot-clean/analysis_outputs/four_arch_trained_force_kernel_pilot_2026_08_15/krr_learning_curves_residual.csv
eSEN,K0,,256,96,ridgeless,0.0,residual,1.2636834934526555,1.5135922278520022,20,dev-equivariant-scaling-laws-kernel-pilot-clean/analysis_outputs/four_arch_trained_force_kernel_pilot_2026_08_15/krr_learning_curves_residual.csv
eSEN,K0,,256,128,rho_1e-4,0.0001,residual,1.2579684924146723,1.4608212382404986,20,dev-equivariant-scaling-laws-kernel-pilot-clean/analysis_outputs/four_arch_trained_force_kernel_pilot_2026_08_15/krr_learning_curves_residual.csv
eSEN,K0,,256,128,rho_1e-6,1e-06,residual,1.2604832092430767,1.4665229638624293,20,dev-equivariant-scaling-laws-kernel-pilot-clean/analysis_outputs/four_arch_trained_force_kernel_pilot_2026_08_15/krr_learning_curves_residual.csv
eSEN,K0,,256,128,rho_1e-8,1e-08,residual,1.2605089329652466,1.4665812988941536,20,dev-equivariant-scaling-laws-kernel-pilot-clean/analysis_outputs/four_arch_trained_force_kernel_pilot_2026_08_15/krr_learning_curves_residual.csv
eSEN,K0,,256,128,ridgeless,0.0,residual,1.2605091928609053,1.4665818882746973,20,dev-equivariant-scaling-laws-kernel-pilot-clean/analysis_outputs/four_arch_trained_force_kernel_pilot_2026_08_15/krr_learning_curves_residual.csv
eSEN,K500k,,256,8,rho_1e-4,0.0001,residual,1.0396943162051533,1.122132763732042,20,dev-equivariant-scaling-laws-kernel-pilot-clean/analysis_outputs/four_arch_trained_force_kernel_pilot_2026_08_15/krr_learning_curves_residual.csv
eSEN,K500k,,256,8,rho_1e-6,1e-06,residual,1.040026328981511,1.1255098664754266,20,dev-equivariant-scaling-laws-kernel-pilot-clean/analysis_outputs/four_arch_trained_force_kernel_pilot_2026_08_15/krr_learning_curves_residual.csv
eSEN,K500k,,256,8,rho_1e-8,1e-08,residual,1.040029712371196,1.1255545219677123,20,dev-equivariant-scaling-laws-kernel-pilot-clean/analysis_outputs/four_arch_trained_force_kernel_pilot_2026_08_15/krr_learning_curves_residual.csv
eSEN,K500k,,256,8,ridgeless,0.0,residual,1.040029746553403,1.1255549744825093,20,dev-equivariant-scaling-laws-kernel-pilot-clean/analysis_outputs/four_arch_trained_force_kernel_pilot_2026_08_15/krr_learning_curves_residual.csv
eSEN,K500k,,256,16,rho_1e-4,0.0001,residual,1.0570810967524442,1.0809011084237532,20,dev-equivariant-scaling-laws-kernel-pilot-clean/analysis_outputs/four_arch_trained_force_kernel_pilot_2026_08_15/krr_learning_curves_residual.csv
eSEN,K500k,,256,16,rho_1e-6,1e-06,residual,1.058926086769446,1.0844721019994195,20,dev-equivariant-scaling-laws-kernel-pilot-clean/analysis_outputs/four_arch_trained_force_kernel_pilot_2026_08_15/krr_learning_curves_residual.csv
eSEN,K500k,,256,16,rho_1e-8,1e-08,residual,1.0589473318322629,1.0845246730325002,20,dev-equivariant-scaling-laws-kernel-pilot-clean/analysis_outputs/four_arch_trained_force_kernel_pilot_2026_08_15/krr_learning_curves_residual.csv
eSEN,K500k,,256,16,ridgeless,0.0,residual,1.0589475467582625,1.0845252064168747,20,dev-equivariant-scaling-laws-kernel-pilot-clean/analysis_outputs/four_arch_trained_force_kernel_pilot_2026_08_15/krr_learning_curves_residual.csv
eSEN,K500k,,256,32,rho_1e-4,0.0001,residual,1.087069105967812,1.1128179174492803,20,dev-equivariant-scaling-laws-kernel-pilot-clean/analysis_outputs/four_arch_trained_force_kernel_pilot_2026_08_15/krr_learning_curves_residual.csv
eSEN,K500k,,256,32,rho_1e-6,1e-06,residual,1.087659550663208,1.1176038925609224,20,dev-equivariant-scaling-laws-kernel-pilot-clean/analysis_outputs/four_arch_trained_force_kernel_pilot_2026_08_15/krr_learning_curves_residual.csv
eSEN,K500k,,256,32,rho_1e-8,1e-08,residual,1.0876660753880498,1.1176749636925725,20,dev-equivariant-scaling-laws-kernel-pilot-clean/analysis_outputs/four_arch_trained_force_kernel_pilot_2026_08_15/krr_learning_curves_residual.csv
eSEN,K500k,,256,32,ridgeless,0.0,residual,1.0876661413635667,1.117675684648923,20,dev-equivariant-scaling-laws-kernel-pilot-clean/analysis_outputs/four_arch_trained_force_kernel_pilot_2026_08_15/krr_learning_curves_residual.csv
eSEN,K500k,,256,64,rho_1e-4,0.0001,residual,1.111931091872671,1.174866423573239,20,dev-equivariant-scaling-laws-kernel-pilot-clean/analysis_outputs/four_arch_trained_force_kernel_pilot_2026_08_15/krr_learning_curves_residual.csv
eSEN,K500k,,256,64,rho_1e-6,1e-06,residual,1.1121203045364652,1.1791119234123513,20,dev-equivariant-scaling-laws-kernel-pilot-clean/analysis_outputs/four_arch_trained_force_kernel_pilot_2026_08_15/krr_learning_curves_residual.csv
eSEN,K500k,,256,64,rho_1e-8,1e-08,residual,1.1120984673059384,1.1791781483749415,20,dev-equivariant-scaling-laws-kernel-pilot-clean/analysis_outputs/four_arch_trained_force_kernel_pilot_2026_08_15/krr_learning_curves_residual.csv
eSEN,K500k,,256,64,ridgeless,0.0,residual,1.1120982405374926,1.179178822175189,20,dev-equivariant-scaling-laws-kernel-pilot-clean/analysis_outputs/four_arch_trained_force_kernel_pilot_2026_08_15/krr_learning_curves_residual.csv
eSEN,K500k,,256,96,rho_1e-4,0.0001,residual,1.125545819340219,1.1716950517976819,20,dev-equivariant-scaling-laws-kernel-pilot-clean/analysis_outputs/four_arch_trained_force_kernel_pilot_2026_08_15/krr_learning_curves_residual.csv
eSEN,K500k,,256,96,rho_1e-6,1e-06,residual,1.12983190751668,1.1748830642393,20,dev-equivariant-scaling-laws-kernel-pilot-clean/analysis_outputs/four_arch_trained_force_kernel_pilot_2026_08_15/krr_learning_curves_residual.csv
eSEN,K500k,,256,96,rho_1e-8,1e-08,residual,1.1298388986188752,1.1749211513752718,20,dev-equivariant-scaling-laws-kernel-pilot-clean/analysis_outputs/four_arch_trained_force_kernel_pilot_2026_08_15/krr_learning_curves_residual.csv
eSEN,K500k,,256,96,ridgeless,0.0,residual,1.1298389694124997,1.1749215351905513,20,dev-equivariant-scaling-laws-kernel-pilot-clean/analysis_outputs/four_arch_trained_force_kernel_pilot_2026_08_15/krr_learning_curves_residual.csv
eSEN,K500k,,256,128,rho_1e-4,0.0001,residual,1.1519601110649014,1.1998526133370766,20,dev-equivariant-scaling-laws-kernel-pilot-clean/analysis_outputs/four_arch_trained_force_kernel_pilot_2026_08_15/krr_learning_curves_residual.csv
eSEN,K500k,,256,128,rho_1e-6,1e-06,residual,1.156026634896219,1.2053706341540011,20,dev-equivariant-scaling-laws-kernel-pilot-clean/analysis_outputs/four_arch_trained_force_kernel_pilot_2026_08_15/krr_learning_curves_residual.csv
eSEN,K500k,,256,128,rho_1e-8,1e-08,residual,1.1560918140086884,1.205470161305587,20,dev-equivariant-scaling-laws-kernel-pilot-clean/analysis_outputs/four_arch_trained_force_kernel_pilot_2026_08_15/krr_learning_curves_residual.csv
eSEN,K500k,,256,128,ridgeless,0.0,residual,1.156092476811522,1.205471179206387,20,dev-equivariant-scaling-laws-kernel-pilot-clean/analysis_outputs/four_arch_trained_force_kernel_pilot_2026_08_15/krr_learning_curves_residual.csv
eSEN,K50k,,256,8,rho_1e-4,0.0001,residual,1.0737279317553627,1.128272677859941,20,dev-equivariant-scaling-laws-kernel-pilot-clean/analysis_outputs/four_arch_trained_force_kernel_pilot_2026_08_15/krr_learning_curves_residual.csv
eSEN,K50k,,256,8,rho_1e-6,1e-06,residual,1.073704505019411,1.1288636285229459,20,dev-equivariant-scaling-laws-kernel-pilot-clean/analysis_outputs/four_arch_trained_force_kernel_pilot_2026_08_15/krr_learning_curves_residual.csv
eSEN,K50k,,256,8,rho_1e-8,1e-08,residual,1.0737036802869588,1.128870130244802,20,dev-equivariant-scaling-laws-kernel-pilot-clean/analysis_outputs/four_arch_trained_force_kernel_pilot_2026_08_15/krr_learning_curves_residual.csv
eSEN,K50k,,256,8,ridgeless,0.0,residual,1.0737036718864064,1.1288701959912089,20,dev-equivariant-scaling-laws-kernel-pilot-clean/analysis_outputs/four_arch_trained_force_kernel_pilot_2026_08_15/krr_learning_curves_residual.csv
eSEN,K50k,,256,16,rho_1e-4,0.0001,residual,1.139608046479962,1.1655582152634663,20,dev-equivariant-scaling-laws-kernel-pilot-clean/analysis_outputs/four_arch_trained_force_kernel_pilot_2026_08_15/krr_learning_curves_residual.csv
eSEN,K50k,,256,16,rho_1e-6,1e-06,residual,1.1407668435357485,1.1659040836174805,20,dev-equivariant-scaling-laws-kernel-pilot-clean/analysis_outputs/four_arch_trained_force_kernel_pilot_2026_08_15/krr_learning_curves_residual.csv
eSEN,K50k,,256,16,rho_1e-8,1e-08,residual,1.140778676515863,1.1659057657212557,20,dev-equivariant-scaling-laws-kernel-pilot-clean/analysis_outputs/four_arch_trained_force_kernel_pilot_2026_08_15/krr_learning_curves_residual.csv
eSEN,K50k,,256,16,ridgeless,0.0,residual,1.1407787960666007,1.165905782371391,20,dev-equivariant-scaling-laws-kernel-pilot-clean/analysis_outputs/four_arch_trained_force_kernel_pilot_2026_08_15/krr_learning_curves_residual.csv
eSEN,K50k,,256,32,rho_1e-4,0.0001,residual,1.2087840875922766,1.2307631314563003,20,dev-equivariant-scaling-laws-kernel-pilot-clean/analysis_outputs/four_arch_trained_force_kernel_pilot_2026_08_15/krr_learning_curves_residual.csv
eSEN,K50k,,256,32,rho_1e-6,1e-06,residual,1.2087771505503033,1.2307816976930501,20,dev-equivariant-scaling-laws-kernel-pilot-clean/analysis_outputs/four_arch_trained_force_kernel_pilot_2026_08_15/krr_learning_curves_residual.csv
eSEN,K50k,,256,32,rho_1e-8,1e-08,residual,1.2087774862842546,1.2307811519702352,20,dev-equivariant-scaling-laws-kernel-pilot-clean/analysis_outputs/four_arch_trained_force_kernel_pilot_2026_08_15/krr_learning_curves_residual.csv
eSEN,K50k,,256,32,ridgeless,0.0,residual,1.2087774897226948,1.2307811467109642,20,dev-equivariant-scaling-laws-kernel-pilot-clean/analysis_outputs/four_arch_trained_force_kernel_pilot_2026_08_15/krr_learning_curves_residual.csv
eSEN,K50k,,256,64,rho_1e-4,0.0001,residual,1.2736195775533643,1.2819077249761515,20,dev-equivariant-scaling-laws-kernel-pilot-clean/analysis_outputs/four_arch_trained_force_kernel_pilot_2026_08_15/krr_learning_curves_residual.csv
eSEN,K50k,,256,64,rho_1e-6,1e-06,residual,1.277060948381417,1.2837450691836145,20,dev-equivariant-scaling-laws-kernel-pilot-clean/analysis_outputs/four_arch_trained_force_kernel_pilot_2026_08_15/krr_learning_curves_residual.csv
eSEN,K50k,,256,64,rho_1e-8,1e-08,residual,1.2770995598926107,1.2837651113983446,20,dev-equivariant-scaling-laws-kernel-pilot-clean/analysis_outputs/four_arch_trained_force_kernel_pilot_2026_08_15/krr_learning_curves_residual.csv
eSEN,K50k,,256,64,ridgeless,0.0,residual,1.2770999504243365,1.283765314988838,20,dev-equivariant-scaling-laws-kernel-pilot-clean/analysis_outputs/four_arch_trained_force_kernel_pilot_2026_08_15/krr_learning_curves_residual.csv
eSEN,K50k,,256,96,rho_1e-4,0.0001,residual,1.273681490784595,1.2632823151806565,20,dev-equivariant-scaling-laws-kernel-pilot-clean/analysis_outputs/four_arch_trained_force_kernel_pilot_2026_08_15/krr_learning_curves_residual.csv
eSEN,K50k,,256,96,rho_1e-6,1e-06,residual,1.283647955802172,1.2666970665051318,20,dev-equivariant-scaling-laws-kernel-pilot-clean/analysis_outputs/four_arch_trained_force_kernel_pilot_2026_08_15/krr_learning_curves_residual.csv
eSEN,K50k,,256,96,rho_1e-8,1e-08,residual,1.283763096126979,1.266746976649773,20,dev-equivariant-scaling-laws-kernel-pilot-clean/analysis_outputs/four_arch_trained_force_kernel_pilot_2026_08_15/krr_learning_curves_residual.csv
eSEN,K50k,,256,96,ridgeless,0.0,residual,1.2837642609580697,1.2667474860906327,20,dev-equivariant-scaling-laws-kernel-pilot-clean/analysis_outputs/four_arch_trained_force_kernel_pilot_2026_08_15/krr_learning_curves_residual.csv
eSEN,K50k,,256,128,rho_1e-4,0.0001,residual,1.2191037860289635,1.2624902210505622,20,dev-equivariant-scaling-laws-kernel-pilot-clean/analysis_outputs/four_arch_trained_force_kernel_pilot_2026_08_15/krr_learning_curves_residual.csv
eSEN,K50k,,256,128,rho_1e-6,1e-06,residual,1.2230278105607995,1.2669054262325137,20,dev-equivariant-scaling-laws-kernel-pilot-clean/analysis_outputs/four_arch_trained_force_kernel_pilot_2026_08_15/krr_learning_curves_residual.csv
eSEN,K50k,,256,128,rho_1e-8,1e-08,residual,1.2230460171855297,1.2669805828719696,20,dev-equivariant-scaling-laws-kernel-pilot-clean/analysis_outputs/four_arch_trained_force_kernel_pilot_2026_08_15/krr_learning_curves_residual.csv
eSEN,K50k,,256,128,ridgeless,0.0,residual,1.2230462011115717,1.2669813520645143,20,dev-equivariant-scaling-laws-kernel-pilot-clean/analysis_outputs/four_arch_trained_force_kernel_pilot_2026_08_15/krr_learning_curves_residual.csv
GemNet-OC,matched-compute-HIGH,HIGH,256,8,rho_1e-4,0.0001,common,0.5086042177608605,0.5186836401409256,20,dev-equivariant-scaling-laws-kernel-pilot-clean/analysis_outputs/four_arch_matched_compute_frontier_kernel_2026_08_15/krr_learning_curves_common_target.csv
GemNet-OC,matched-compute-HIGH,HIGH,256,8,rho_1e-6,1e-06,common,0.5077040081078731,0.5183378652751105,20,dev-equivariant-scaling-laws-kernel-pilot-clean/analysis_outputs/four_arch_matched_compute_frontier_kernel_2026_08_15/krr_learning_curves_common_target.csv
GemNet-OC,matched-compute-HIGH,HIGH,256,8,rho_1e-8,1e-08,common,0.5094263298032928,0.5183536302464697,20,dev-equivariant-scaling-laws-kernel-pilot-clean/analysis_outputs/four_arch_matched_compute_frontier_kernel_2026_08_15/krr_learning_curves_common_target.csv
GemNet-OC,matched-compute-HIGH,HIGH,256,8,ridgeless,0.0,common,0.5107297444218366,0.5183226489080902,20,dev-equivariant-scaling-laws-kernel-pilot-clean/analysis_outputs/four_arch_matched_compute_frontier_kernel_2026_08_15/krr_learning_curves_common_target.csv
GemNet-OC,matched-compute-HIGH,HIGH,256,16,rho_1e-4,0.0001,common,0.2859364192079062,0.29204997481114203,20,dev-equivariant-scaling-laws-kernel-pilot-clean/analysis_outputs/four_arch_matched_compute_frontier_kernel_2026_08_15/krr_learning_curves_common_target.csv
GemNet-OC,matched-compute-HIGH,HIGH,256,16,rho_1e-6,1e-06,common,0.2851817083446577,0.29174719252762826,20,dev-equivariant-scaling-laws-kernel-pilot-clean/analysis_outputs/four_arch_matched_compute_frontier_kernel_2026_08_15/krr_learning_curves_common_target.csv
GemNet-OC,matched-compute-HIGH,HIGH,256,16,rho_1e-8,1e-08,common,0.2851890916351749,0.2918149159118711,20,dev-equivariant-scaling-laws-kernel-pilot-clean/analysis_outputs/four_arch_matched_compute_frontier_kernel_2026_08_15/krr_learning_curves_common_target.csv
GemNet-OC,matched-compute-HIGH,HIGH,256,16,ridgeless,0.0,common,0.28518917897718327,0.29189781726942543,20,dev-equivariant-scaling-laws-kernel-pilot-clean/analysis_outputs/four_arch_matched_compute_frontier_kernel_2026_08_15/krr_learning_curves_common_target.csv
GemNet-OC,matched-compute-HIGH,HIGH,256,32,rho_1e-4,0.0001,common,0.1453429108631104,0.15129870571727,20,dev-equivariant-scaling-laws-kernel-pilot-clean/analysis_outputs/four_arch_matched_compute_frontier_kernel_2026_08_15/krr_learning_curves_common_target.csv
GemNet-OC,matched-compute-HIGH,HIGH,256,32,rho_1e-6,1e-06,common,0.14525961203128335,0.15113841271435463,20,dev-equivariant-scaling-laws-kernel-pilot-clean/analysis_outputs/four_arch_matched_compute_frontier_kernel_2026_08_15/krr_learning_curves_common_target.csv
GemNet-OC,matched-compute-HIGH,HIGH,256,32,rho_1e-8,1e-08,common,0.14525673291848779,0.1511578528051188,20,dev-equivariant-scaling-laws-kernel-pilot-clean/analysis_outputs/four_arch_matched_compute_frontier_kernel_2026_08_15/krr_learning_curves_common_target.csv
GemNet-OC,matched-compute-HIGH,HIGH,256,32,ridgeless,0.0,common,0.14525670378909075,0.15122059496653126,20,dev-equivariant-scaling-laws-kernel-pilot-clean/analysis_outputs/four_arch_matched_compute_frontier_kernel_2026_08_15/krr_learning_curves_common_target.csv
GemNet-OC,matched-compute-HIGH,HIGH,256,64,rho_1e-4,0.0001,common,0.059160142856367365,0.06274236193568689,20,dev-equivariant-scaling-laws-kernel-pilot-clean/analysis_outputs/four_arch_matched_compute_frontier_kernel_2026_08_15/krr_learning_curves_common_target.csv
GemNet-OC,matched-compute-HIGH,HIGH,256,64,rho_1e-6,1e-06,common,0.058581983639473104,0.06261306085139416,20,dev-equivariant-scaling-laws-kernel-pilot-clean/analysis_outputs/four_arch_matched_compute_frontier_kernel_2026_08_15/krr_learning_curves_common_target.csv
GemNet-OC,matched-compute-HIGH,HIGH,256,64,rho_1e-8,1e-08,common,0.05812908485753463,0.06253367256389394,20,dev-equivariant-scaling-laws-kernel-pilot-clean/analysis_outputs/four_arch_matched_compute_frontier_kernel_2026_08_15/krr_learning_curves_common_target.csv
GemNet-OC,matched-compute-HIGH,HIGH,256,64,ridgeless,0.0,common,0.05812288695010494,0.06259440170243533,20,dev-equivariant-scaling-laws-kernel-pilot-clean/analysis_outputs/four_arch_matched_compute_frontier_kernel_2026_08_15/krr_learning_curves_common_target.csv
GemNet-OC,matched-compute-HIGH,HIGH,256,96,rho_1e-4,0.0001,common,0.030123746156158697,0.034136399164306774,20,dev-equivariant-scaling-laws-kernel-pilot-clean/analysis_outputs/four_arch_matched_compute_frontier_kernel_2026_08_15/krr_learning_curves_common_target.csv
GemNet-OC,matched-compute-HIGH,HIGH,256,96,rho_1e-6,1e-06,common,0.03023367780758532,0.034005607764178054,20,dev-equivariant-scaling-laws-kernel-pilot-clean/analysis_outputs/four_arch_matched_compute_frontier_kernel_2026_08_15/krr_learning_curves_common_target.csv
GemNet-OC,matched-compute-HIGH,HIGH,256,96,rho_1e-8,1e-08,common,0.03025187524839899,0.03390936551036922,20,dev-equivariant-scaling-laws-kernel-pilot-clean/analysis_outputs/four_arch_matched_compute_frontier_kernel_2026_08_15/krr_learning_curves_common_target.csv
GemNet-OC,matched-compute-HIGH,HIGH,256,96,ridgeless,0.0,common,0.03024515910845458,0.03399198646705672,20,dev-equivariant-scaling-laws-kernel-pilot-clean/analysis_outputs/four_arch_matched_compute_frontier_kernel_2026_08_15/krr_learning_curves_common_target.csv
GemNet-OC,matched-compute-HIGH,HIGH,256,128,rho_1e-4,0.0001,common,0.014893288531477885,0.020359697599183237,20,dev-equivariant-scaling-laws-kernel-pilot-clean/analysis_outputs/four_arch_matched_compute_frontier_kernel_2026_08_15/krr_learning_curves_common_target.csv
GemNet-OC,matched-compute-HIGH,HIGH,256,128,rho_1e-6,1e-06,common,0.014941807747900625,0.020254153592324003,20,dev-equivariant-scaling-laws-kernel-pilot-clean/analysis_outputs/four_arch_matched_compute_frontier_kernel_2026_08_15/krr_learning_curves_common_target.csv
GemNet-OC,matched-compute-HIGH,HIGH,256,128,rho_1e-8,1e-08,common,0.01485891761600022,0.02011910902057291,20,dev-equivariant-scaling-laws-kernel-pilot-clean/analysis_outputs/four_arch_matched_compute_frontier_kernel_2026_08_15/krr_learning_curves_common_target.csv
GemNet-OC,matched-compute-HIGH,HIGH,256,128,ridgeless,0.0,common,0.014804329025925185,0.02018492024977531,20,dev-equivariant-scaling-laws-kernel-pilot-clean/analysis_outputs/four_arch_matched_compute_frontier_kernel_2026_08_15/krr_learning_curves_common_target.csv
GemNet-OC,matched-compute-LOW,LOW,256,8,rho_1e-4,0.0001,common,0.2544868465540307,0.30727739503562224,20,dev-equivariant-scaling-laws-kernel-pilot-clean/analysis_outputs/four_arch_matched_compute_frontier_kernel_2026_08_15/krr_learning_curves_common_target.csv
GemNet-OC,matched-compute-LOW,LOW,256,8,rho_1e-6,1e-06,common,0.25340183494634544,0.30663544113148156,20,dev-equivariant-scaling-laws-kernel-pilot-clean/analysis_outputs/four_arch_matched_compute_frontier_kernel_2026_08_15/krr_learning_curves_common_target.csv
GemNet-OC,matched-compute-LOW,LOW,256,8,rho_1e-8,1e-08,common,0.2533312699607813,0.30663684314250494,20,dev-equivariant-scaling-laws-kernel-pilot-clean/analysis_outputs/four_arch_matched_compute_frontier_kernel_2026_08_15/krr_learning_curves_common_target.csv
GemNet-OC,matched-compute-LOW,LOW,256,8,ridgeless,0.0,common,0.253330516692658,0.30668332833444834,20,dev-equivariant-scaling-laws-kernel-pilot-clean/analysis_outputs/four_arch_matched_compute_frontier_kernel_2026_08_15/krr_learning_curves_common_target.csv
GemNet-OC,matched-compute-LOW,LOW,256,16,rho_1e-4,0.0001,common,0.11594298475129428,0.13058076396267568,20,dev-equivariant-scaling-laws-kernel-pilot-clean/analysis_outputs/four_arch_matched_compute_frontier_kernel_2026_08_15/krr_learning_curves_common_target.csv
GemNet-OC,matched-compute-LOW,LOW,256,16,rho_1e-6,1e-06,common,0.1157960689578459,0.13036470426302643,20,dev-equivariant-scaling-laws-kernel-pilot-clean/analysis_outputs/four_arch_matched_compute_frontier_kernel_2026_08_15/krr_learning_curves_common_target.csv
GemNet-OC,matched-compute-LOW,LOW,256,16,rho_1e-8,1e-08,common,0.11590581319920393,0.1304140500668295,20,dev-equivariant-scaling-laws-kernel-pilot-clean/analysis_outputs/four_arch_matched_compute_frontier_kernel_2026_08_15/krr_learning_curves_common_target.csv
GemNet-OC,matched-compute-LOW,LOW,256,16,ridgeless,0.0,common,0.11596181766775873,0.1304220612706994,20,dev-equivariant-scaling-laws-kernel-pilot-clean/analysis_outputs/four_arch_matched_compute_frontier_kernel_2026_08_15/krr_learning_curves_common_target.csv
GemNet-OC,matched-compute-LOW,LOW,256,32,rho_1e-4,0.0001,common,0.05475073352974827,0.053762601655472156,20,dev-equivariant-scaling-laws-kernel-pilot-clean/analysis_outputs/four_arch_matched_compute_frontier_kernel_2026_08_15/krr_learning_curves_common_target.csv
GemNet-OC,matched-compute-LOW,LOW,256,32,rho_1e-6,1e-06,common,0.05444694185454381,0.053672886810922124,20,dev-equivariant-scaling-laws-kernel-pilot-clean/analysis_outputs/four_arch_matched_compute_frontier_kernel_2026_08_15/krr_learning_curves_common_target.csv
GemNet-OC,matched-compute-LOW,LOW,256,32,rho_1e-8,1e-08,common,0.05443717595771165,0.053798945407238244,20,dev-equivariant-scaling-laws-kernel-pilot-clean/analysis_outputs/four_arch_matched_compute_frontier_kernel_2026_08_15/krr_learning_curves_common_target.csv
GemNet-OC,matched-compute-LOW,LOW,256,32,ridgeless,0.0,common,0.054437075571127966,0.05391392791903549,20,dev-equivariant-scaling-laws-kernel-pilot-clean/analysis_outputs/four_arch_matched_compute_frontier_kernel_2026_08_15/krr_learning_curves_common_target.csv
GemNet-OC,matched-compute-LOW,LOW,256,64,rho_1e-4,0.0001,common,0.02603356404545685,0.02480369317731805,20,dev-equivariant-scaling-laws-kernel-pilot-clean/analysis_outputs/four_arch_matched_compute_frontier_kernel_2026_08_15/krr_learning_curves_common_target.csv
GemNet-OC,matched-compute-LOW,LOW,256,64,rho_1e-6,1e-06,common,0.026161207707214425,0.024777561946736908,20,dev-equivariant-scaling-laws-kernel-pilot-clean/analysis_outputs/four_arch_matched_compute_frontier_kernel_2026_08_15/krr_learning_curves_common_target.csv
GemNet-OC,matched-compute-LOW,LOW,256,64,rho_1e-8,1e-08,common,0.02683522022156958,0.024897692684795046,20,dev-equivariant-scaling-laws-kernel-pilot-clean/analysis_outputs/four_arch_matched_compute_frontier_kernel_2026_08_15/krr_learning_curves_common_target.csv
GemNet-OC,matched-compute-LOW,LOW,256,64,ridgeless,0.0,common,0.0273848913150518,0.02498647237605329,20,dev-equivariant-scaling-laws-kernel-pilot-clean/analysis_outputs/four_arch_matched_compute_frontier_kernel_2026_08_15/krr_learning_curves_common_target.csv
GemNet-OC,matched-compute-LOW,LOW,256,96,rho_1e-4,0.0001,common,0.017746955614508945,0.017931735862475463,20,dev-equivariant-scaling-laws-kernel-pilot-clean/analysis_outputs/four_arch_matched_compute_frontier_kernel_2026_08_15/krr_learning_curves_common_target.csv
GemNet-OC,matched-compute-LOW,LOW,256,96,rho_1e-6,1e-06,common,0.017579195931837877,0.01786078273193261,20,dev-equivariant-scaling-laws-kernel-pilot-clean/analysis_outputs/four_arch_matched_compute_frontier_kernel_2026_08_15/krr_learning_curves_common_target.csv
GemNet-OC,matched-compute-LOW,LOW,256,96,rho_1e-8,1e-08,common,0.017587700562019346,0.017918819912789662,20,dev-equivariant-scaling-laws-kernel-pilot-clean/analysis_outputs/four_arch_matched_compute_frontier_kernel_2026_08_15/krr_learning_curves_common_target.csv
GemNet-OC,matched-compute-LOW,LOW,256,96,ridgeless,0.0,common,0.017689835503956496,0.01802437585979247,20,dev-equivariant-scaling-laws-kernel-pilot-clean/analysis_outputs/four_arch_matched_compute_frontier_kernel_2026_08_15/krr_learning_curves_common_target.csv
GemNet-OC,matched-compute-LOW,LOW,256,128,rho_1e-4,0.0001,common,0.014473424962114935,0.014217643548366335,20,dev-equivariant-scaling-laws-kernel-pilot-clean/analysis_outputs/four_arch_matched_compute_frontier_kernel_2026_08_15/krr_learning_curves_common_target.csv
GemNet-OC,matched-compute-LOW,LOW,256,128,rho_1e-6,1e-06,common,0.014579210389674125,0.014212156864410902,20,dev-equivariant-scaling-laws-kernel-pilot-clean/analysis_outputs/four_arch_matched_compute_frontier_kernel_2026_08_15/krr_learning_curves_common_target.csv
GemNet-OC,matched-compute-LOW,LOW,256,128,rho_1e-8,1e-08,common,0.014637855089339421,0.014270444235087606,20,dev-equivariant-scaling-laws-kernel-pilot-clean/analysis_outputs/four_arch_matched_compute_frontier_kernel_2026_08_15/krr_learning_curves_common_target.csv
GemNet-OC,matched-compute-LOW,LOW,256,128,ridgeless,0.0,common,0.0146410750115861,0.01431988452102235,20,dev-equivariant-scaling-laws-kernel-pilot-clean/analysis_outputs/four_arch_matched_compute_frontier_kernel_2026_08_15/krr_learning_curves_common_target.csv
GemNet-OC,matched-compute-MID,MID,256,8,rho_1e-4,0.0001,common,0.3088478149201913,0.35615074423843734,20,dev-equivariant-scaling-laws-kernel-pilot-clean/analysis_outputs/four_arch_matched_compute_frontier_kernel_2026_08_15/krr_learning_curves_common_target.csv
GemNet-OC,matched-compute-MID,MID,256,8,rho_1e-6,1e-06,common,0.3080683434354887,0.3549148841070828,20,dev-equivariant-scaling-laws-kernel-pilot-clean/analysis_outputs/four_arch_matched_compute_frontier_kernel_2026_08_15/krr_learning_curves_common_target.csv
GemNet-OC,matched-compute-MID,MID,256,8,rho_1e-8,1e-08,common,0.30806007456105594,0.3544240712197149,20,dev-equivariant-scaling-laws-kernel-pilot-clean/analysis_outputs/four_arch_matched_compute_frontier_kernel_2026_08_15/krr_learning_curves_common_target.csv
GemNet-OC,matched-compute-MID,MID,256,8,ridgeless,0.0,common,0.3080599909811801,0.3543059376175427,20,dev-equivariant-scaling-laws-kernel-pilot-clean/analysis_outputs/four_arch_matched_compute_frontier_kernel_2026_08_15/krr_learning_curves_common_target.csv
GemNet-OC,matched-compute-MID,MID,256,16,rho_1e-4,0.0001,common,0.11866291730697526,0.14979373679007657,20,dev-equivariant-scaling-laws-kernel-pilot-clean/analysis_outputs/four_arch_matched_compute_frontier_kernel_2026_08_15/krr_learning_curves_common_target.csv
GemNet-OC,matched-compute-MID,MID,256,16,rho_1e-6,1e-06,common,0.1182830091812393,0.14922929696663517,20,dev-equivariant-scaling-laws-kernel-pilot-clean/analysis_outputs/four_arch_matched_compute_frontier_kernel_2026_08_15/krr_learning_curves_common_target.csv
GemNet-OC,matched-compute-MID,MID,256,16,rho_1e-8,1e-08,common,0.11805237515387612,0.14916626621220963,20,dev-equivariant-scaling-laws-kernel-pilot-clean/analysis_outputs/four_arch_matched_compute_frontier_kernel_2026_08_15/krr_learning_curves_common_target.csv
GemNet-OC,matched-compute-MID,MID,256,16,ridgeless,0.0,common,0.11792367269605275,0.14915089072446644,20,dev-equivariant-scaling-laws-kernel-pilot-clean/analysis_outputs/four_arch_matched_compute_frontier_kernel_2026_08_15/krr_learning_curves_common_target.csv
GemNet-OC,matched-compute-MID,MID,256,32,rho_1e-4,0.0001,common,0.05616970733497219,0.05857635603423774,20,dev-equivariant-scaling-laws-kernel-pilot-clean/analysis_outputs/four_arch_matched_compute_frontier_kernel_2026_08_15/krr_learning_curves_common_target.csv
GemNet-OC,matched-compute-MID,MID,256,32,rho_1e-6,1e-06,common,0.055688689710497466,0.058363612563830214,20,dev-equivariant-scaling-laws-kernel-pilot-clean/analysis_outputs/four_arch_matched_compute_frontier_kernel_2026_08_15/krr_learning_curves_common_target.csv
GemNet-OC,matched-compute-MID,MID,256,32,rho_1e-8,1e-08,common,0.055679525696827464,0.0584020242315965,20,dev-equivariant-scaling-laws-kernel-pilot-clean/analysis_outputs/four_arch_matched_compute_frontier_kernel_2026_08_15/krr_learning_curves_common_target.csv
GemNet-OC,matched-compute-MID,MID,256,32,ridgeless,0.0,common,0.055679431539271254,0.05843777757909204,20,dev-equivariant-scaling-laws-kernel-pilot-clean/analysis_outputs/four_arch_matched_compute_frontier_kernel_2026_08_15/krr_learning_curves_common_target.csv
GemNet-OC,matched-compute-MID,MID,256,64,rho_1e-4,0.0001,common,0.022133210703391887,0.022053039811625236,20,dev-equivariant-scaling-laws-kernel-pilot-clean/analysis_outputs/four_arch_matched_compute_frontier_kernel_2026_08_15/krr_learning_curves_common_target.csv
GemNet-OC,matched-compute-MID,MID,256,64,rho_1e-6,1e-06,common,0.021905193535161592,0.021912279540588428,20,dev-equivariant-scaling-laws-kernel-pilot-clean/analysis_outputs/four_arch_matched_compute_frontier_kernel_2026_08_15/krr_learning_curves_common_target.csv
GemNet-OC,matched-compute-MID,MID,256,64,rho_1e-8,1e-08,common,0.02200364472845736,0.02170592141385031,20,dev-equivariant-scaling-laws-kernel-pilot-clean/analysis_outputs/four_arch_matched_compute_frontier_kernel_2026_08_15/krr_learning_curves_common_target.csv
GemNet-OC,matched-compute-MID,MID,256,64,ridgeless,0.0,common,0.021640284197234544,0.021671022054230996,20,dev-equivariant-scaling-laws-kernel-pilot-clean/analysis_outputs/four_arch_matched_compute_frontier_kernel_2026_08_15/krr_learning_curves_common_target.csv
GemNet-OC,matched-compute-MID,MID,256,96,rho_1e-4,0.0001,common,0.012867999873409893,0.013557711112345444,20,dev-equivariant-scaling-laws-kernel-pilot-clean/analysis_outputs/four_arch_matched_compute_frontier_kernel_2026_08_15/krr_learning_curves_common_target.csv
GemNet-OC,matched-compute-MID,MID,256,96,rho_1e-6,1e-06,common,0.012887597302674518,0.013457215570162703,20,dev-equivariant-scaling-laws-kernel-pilot-clean/analysis_outputs/four_arch_matched_compute_frontier_kernel_2026_08_15/krr_learning_curves_common_target.csv
GemNet-OC,matched-compute-MID,MID,256,96,rho_1e-8,1e-08,common,0.013007587619728415,0.013350911953928466,20,dev-equivariant-scaling-laws-kernel-pilot-clean/analysis_outputs/four_arch_matched_compute_frontier_kernel_2026_08_15/krr_learning_curves_common_target.csv
GemNet-OC,matched-compute-MID,MID,256,96,ridgeless,0.0,common,0.01320530775433933,0.013298305149582215,20,dev-equivariant-scaling-laws-kernel-pilot-clean/analysis_outputs/four_arch_matched_compute_frontier_kernel_2026_08_15/krr_learning_curves_common_target.csv
GemNet-OC,matched-compute-MID,MID,256,128,rho_1e-4,0.0001,common,0.008602991581535114,0.009505688130161753,20,dev-equivariant-scaling-laws-kernel-pilot-clean/analysis_outputs/four_arch_matched_compute_frontier_kernel_2026_08_15/krr_learning_curves_common_target.csv
GemNet-OC,matched-compute-MID,MID,256,128,rho_1e-6,1e-06,common,0.008511139369915233,0.009465051294740729,20,dev-equivariant-scaling-laws-kernel-pilot-clean/analysis_outputs/four_arch_matched_compute_frontier_kernel_2026_08_15/krr_learning_curves_common_target.csv
GemNet-OC,matched-compute-MID,MID,256,128,rho_1e-8,1e-08,common,0.008477896407888319,0.009379272124384882,20,dev-equivariant-scaling-laws-kernel-pilot-clean/analysis_outputs/four_arch_matched_compute_frontier_kernel_2026_08_15/krr_learning_curves_common_target.csv
GemNet-OC,matched-compute-MID,MID,256,128,ridgeless,0.0,common,0.008481912829985814,0.009292906783401873,20,dev-equivariant-scaling-laws-kernel-pilot-clean/analysis_outputs/four_arch_matched_compute_frontier_kernel_2026_08_15/krr_learning_curves_common_target.csv
MC-EGNN,matched-compute-HIGH,HIGH,256,8,rho_1e-4,0.0001,common,0.8702638192499172,0.8570172297724534,20,dev-equivariant-scaling-laws-kernel-pilot-clean/analysis_outputs/four_arch_matched_compute_frontier_kernel_2026_08_15/krr_learning_curves_common_target.csv
MC-EGNN,matched-compute-HIGH,HIGH,256,8,rho_1e-6,1e-06,common,0.8727198000348345,0.8560770401020263,20,dev-equivariant-scaling-laws-kernel-pilot-clean/analysis_outputs/four_arch_matched_compute_frontier_kernel_2026_08_15/krr_learning_curves_common_target.csv
MC-EGNN,matched-compute-HIGH,HIGH,256,8,rho_1e-8,1e-08,common,0.8740412996633695,0.855821100797186,20,dev-equivariant-scaling-laws-kernel-pilot-clean/analysis_outputs/four_arch_matched_compute_frontier_kernel_2026_08_15/krr_learning_curves_common_target.csv
MC-EGNN,matched-compute-HIGH,HIGH,256,8,ridgeless,0.0,common,0.8764190118238993,0.8566604632778825,20,dev-equivariant-scaling-laws-kernel-pilot-clean/analysis_outputs/four_arch_matched_compute_frontier_kernel_2026_08_15/krr_learning_curves_common_target.csv
MC-EGNN,matched-compute-HIGH,HIGH,256,16,rho_1e-4,0.0001,common,0.7356061266651929,0.705227246090035,20,dev-equivariant-scaling-laws-kernel-pilot-clean/analysis_outputs/four_arch_matched_compute_frontier_kernel_2026_08_15/krr_learning_curves_common_target.csv
MC-EGNN,matched-compute-HIGH,HIGH,256,16,rho_1e-6,1e-06,common,0.7338994992873726,0.7027119369821866,20,dev-equivariant-scaling-laws-kernel-pilot-clean/analysis_outputs/four_arch_matched_compute_frontier_kernel_2026_08_15/krr_learning_curves_common_target.csv
MC-EGNN,matched-compute-HIGH,HIGH,256,16,rho_1e-8,1e-08,common,0.7338647573774315,0.7024603686031476,20,dev-equivariant-scaling-laws-kernel-pilot-clean/analysis_outputs/four_arch_matched_compute_frontier_kernel_2026_08_15/krr_learning_curves_common_target.csv
MC-EGNN,matched-compute-HIGH,HIGH,256,16,ridgeless,0.0,common,0.7338644061030981,0.7022828628404955,20,dev-equivariant-scaling-laws-kernel-pilot-clean/analysis_outputs/four_arch_matched_compute_frontier_kernel_2026_08_15/krr_learning_curves_common_target.csv
MC-EGNN,matched-compute-HIGH,HIGH,256,32,rho_1e-4,0.0001,common,0.6167565255978669,0.5763387330615947,20,dev-equivariant-scaling-laws-kernel-pilot-clean/analysis_outputs/four_arch_matched_compute_frontier_kernel_2026_08_15/krr_learning_curves_common_target.csv
MC-EGNN,matched-compute-HIGH,HIGH,256,32,rho_1e-6,1e-06,common,0.6121328082478401,0.574827595734976,20,dev-equivariant-scaling-laws-kernel-pilot-clean/analysis_outputs/four_arch_matched_compute_frontier_kernel_2026_08_15/krr_learning_curves_common_target.csv
MC-EGNN,matched-compute-HIGH,HIGH,256,32,rho_1e-8,1e-08,common,0.6120122043039489,0.5755805483797991,20,dev-equivariant-scaling-laws-kernel-pilot-clean/analysis_outputs/four_arch_matched_compute_frontier_kernel_2026_08_15/krr_learning_curves_common_target.csv
MC-EGNN,matched-compute-HIGH,HIGH,256,32,ridgeless,0.0,common,0.6120109633585384,0.5747563601778792,20,dev-equivariant-scaling-laws-kernel-pilot-clean/analysis_outputs/four_arch_matched_compute_frontier_kernel_2026_08_15/krr_learning_curves_common_target.csv
MC-EGNN,matched-compute-HIGH,HIGH,256,64,rho_1e-4,0.0001,common,0.46429298948335285,0.4373032311372054,20,dev-equivariant-scaling-laws-kernel-pilot-clean/analysis_outputs/four_arch_matched_compute_frontier_kernel_2026_08_15/krr_learning_curves_common_target.csv
MC-EGNN,matched-compute-HIGH,HIGH,256,64,rho_1e-6,1e-06,common,0.4648857938584251,0.43628558836465314,20,dev-equivariant-scaling-laws-kernel-pilot-clean/analysis_outputs/four_arch_matched_compute_frontier_kernel_2026_08_15/krr_learning_curves_common_target.csv
MC-EGNN,matched-compute-HIGH,HIGH,256,64,rho_1e-8,1e-08,common,0.4684998213367295,0.43732399815283013,20,dev-equivariant-scaling-laws-kernel-pilot-clean/analysis_outputs/four_arch_matched_compute_frontier_kernel_2026_08_15/krr_learning_curves_common_target.csv
MC-EGNN,matched-compute-HIGH,HIGH,256,64,ridgeless,0.0,common,0.46493632932421936,0.43661509304266205,20,dev-equivariant-scaling-laws-kernel-pilot-clean/analysis_outputs/four_arch_matched_compute_frontier_kernel_2026_08_15/krr_learning_curves_common_target.csv
MC-EGNN,matched-compute-HIGH,HIGH,256,96,rho_1e-4,0.0001,common,0.3882202244086142,0.3714887868021684,20,dev-equivariant-scaling-laws-kernel-pilot-clean/analysis_outputs/four_arch_matched_compute_frontier_kernel_2026_08_15/krr_learning_curves_common_target.csv
MC-EGNN,matched-compute-HIGH,HIGH,256,96,rho_1e-6,1e-06,common,0.38472015316849517,0.3704880091881122,20,dev-equivariant-scaling-laws-kernel-pilot-clean/analysis_outputs/four_arch_matched_compute_frontier_kernel_2026_08_15/krr_learning_curves_common_target.csv
MC-EGNN,matched-compute-HIGH,HIGH,256,96,rho_1e-8,1e-08,common,0.3875725496327515,0.372221139077017,20,dev-equivariant-scaling-laws-kernel-pilot-clean/analysis_outputs/four_arch_matched_compute_frontier_kernel_2026_08_15/krr_learning_curves_common_target.csv
MC-EGNN,matched-compute-HIGH,HIGH,256,96,ridgeless,0.0,common,0.3851359509792052,0.3712526770828021,20,dev-equivariant-scaling-laws-kernel-pilot-clean/analysis_outputs/four_arch_matched_compute_frontier_kernel_2026_08_15/krr_learning_curves_common_target.csv
MC-EGNN,matched-compute-HIGH,HIGH,256,128,rho_1e-4,0.0001,common,0.34518002728046115,0.329874836221132,20,dev-equivariant-scaling-laws-kernel-pilot-clean/analysis_outputs/four_arch_matched_compute_frontier_kernel_2026_08_15/krr_learning_curves_common_target.csv
MC-EGNN,matched-compute-HIGH,HIGH,256,128,rho_1e-6,1e-06,common,0.34199039290546995,0.32842799044379667,20,dev-equivariant-scaling-laws-kernel-pilot-clean/analysis_outputs/four_arch_matched_compute_frontier_kernel_2026_08_15/krr_learning_curves_common_target.csv
MC-EGNN,matched-compute-HIGH,HIGH,256,128,rho_1e-8,1e-08,common,0.34544369013317033,0.33037298490469225,20,dev-equivariant-scaling-laws-kernel-pilot-clean/analysis_outputs/four_arch_matched_compute_frontier_kernel_2026_08_15/krr_learning_curves_common_target.csv
MC-EGNN,matched-compute-HIGH,HIGH,256,128,ridgeless,0.0,common,0.34240669557312875,0.32822484588961554,20,dev-equivariant-scaling-laws-kernel-pilot-clean/analysis_outputs/four_arch_matched_compute_frontier_kernel_2026_08_15/krr_learning_curves_common_target.csv
MC-EGNN,matched-compute-LOW,LOW,256,8,rho_1e-4,0.0001,common,0.8366251949093166,0.8172036437083527,20,dev-equivariant-scaling-laws-kernel-pilot-clean/analysis_outputs/four_arch_matched_compute_frontier_kernel_2026_08_15/krr_learning_curves_common_target.csv
MC-EGNN,matched-compute-LOW,LOW,256,8,rho_1e-6,1e-06,common,0.8356801094256782,0.8163328233574403,20,dev-equivariant-scaling-laws-kernel-pilot-clean/analysis_outputs/four_arch_matched_compute_frontier_kernel_2026_08_15/krr_learning_curves_common_target.csv
MC-EGNN,matched-compute-LOW,LOW,256,8,rho_1e-8,1e-08,common,0.835632231767416,0.8158093693739819,20,dev-equivariant-scaling-laws-kernel-pilot-clean/analysis_outputs/four_arch_matched_compute_frontier_kernel_2026_08_15/krr_learning_curves_common_target.csv
MC-EGNN,matched-compute-LOW,LOW,256,8,ridgeless,0.0,common,0.83560809456485,0.8158151797398409,20,dev-equivariant-scaling-laws-kernel-pilot-clean/analysis_outputs/four_arch_matched_compute_frontier_kernel_2026_08_15/krr_learning_curves_common_target.csv
MC-EGNN,matched-compute-LOW,LOW,256,16,rho_1e-4,0.0001,common,0.6803315888329786,0.6942170948885784,20,dev-equivariant-scaling-laws-kernel-pilot-clean/analysis_outputs/four_arch_matched_compute_frontier_kernel_2026_08_15/krr_learning_curves_common_target.csv
MC-EGNN,matched-compute-LOW,LOW,256,16,rho_1e-6,1e-06,common,0.6776414089923664,0.6914096044749163,20,dev-equivariant-scaling-laws-kernel-pilot-clean/analysis_outputs/four_arch_matched_compute_frontier_kernel_2026_08_15/krr_learning_curves_common_target.csv
MC-EGNN,matched-compute-LOW,LOW,256,16,rho_1e-8,1e-08,common,0.6777648492609811,0.6910541218671143,20,dev-equivariant-scaling-laws-kernel-pilot-clean/analysis_outputs/four_arch_matched_compute_frontier_kernel_2026_08_15/krr_learning_curves_common_target.csv
MC-EGNN,matched-compute-LOW,LOW,256,16,ridgeless,0.0,common,0.6777663658227702,0.691028102032629,20,dev-equivariant-scaling-laws-kernel-pilot-clean/analysis_outputs/four_arch_matched_compute_frontier_kernel_2026_08_15/krr_learning_curves_common_target.csv
MC-EGNN,matched-compute-LOW,LOW,256,32,rho_1e-4,0.0001,common,0.507801711848666,0.5133693379506881,20,dev-equivariant-scaling-laws-kernel-pilot-clean/analysis_outputs/four_arch_matched_compute_frontier_kernel_2026_08_15/krr_learning_curves_common_target.csv
MC-EGNN,matched-compute-LOW,LOW,256,32,rho_1e-6,1e-06,common,0.49986345741570715,0.5113666746202563,20,dev-equivariant-scaling-laws-kernel-pilot-clean/analysis_outputs/four_arch_matched_compute_frontier_kernel_2026_08_15/krr_learning_curves_common_target.csv
MC-EGNN,matched-compute-LOW,LOW,256,32,rho_1e-8,1e-08,common,0.49972262772073056,0.511166817036733,20,dev-equivariant-scaling-laws-kernel-pilot-clean/analysis_outputs/four_arch_matched_compute_frontier_kernel_2026_08_15/krr_learning_curves_common_target.csv
MC-EGNN,matched-compute-LOW,LOW,256,32,ridgeless,0.0,common,0.49972312364267824,0.5111522679080001,20,dev-equivariant-scaling-laws-kernel-pilot-clean/analysis_outputs/four_arch_matched_compute_frontier_kernel_2026_08_15/krr_learning_curves_common_target.csv
MC-EGNN,matched-compute-LOW,LOW,256,64,rho_1e-4,0.0001,common,0.37860221429641994,0.36599335849812714,20,dev-equivariant-scaling-laws-kernel-pilot-clean/analysis_outputs/four_arch_matched_compute_frontier_kernel_2026_08_15/krr_learning_curves_common_target.csv
MC-EGNN,matched-compute-LOW,LOW,256,64,rho_1e-6,1e-06,common,0.38006373204013133,0.3669313601808658,20,dev-equivariant-scaling-laws-kernel-pilot-clean/analysis_outputs/four_arch_matched_compute_frontier_kernel_2026_08_15/krr_learning_curves_common_target.csv
MC-EGNN,matched-compute-LOW,LOW,256,64,rho_1e-8,1e-08,common,0.3805360661688447,0.36677973334842484,20,dev-equivariant-scaling-laws-kernel-pilot-clean/analysis_outputs/four_arch_matched_compute_frontier_kernel_2026_08_15/krr_learning_curves_common_target.csv
MC-EGNN,matched-compute-LOW,LOW,256,64,ridgeless,0.0,common,0.3807514108135768,0.3668242408743962,20,dev-equivariant-scaling-laws-kernel-pilot-clean/analysis_outputs/four_arch_matched_compute_frontier_kernel_2026_08_15/krr_learning_curves_common_target.csv
MC-EGNN,matched-compute-LOW,LOW,256,96,rho_1e-4,0.0001,common,0.2926712339931088,0.26937945955951864,20,dev-equivariant-scaling-laws-kernel-pilot-clean/analysis_outputs/four_arch_matched_compute_frontier_kernel_2026_08_15/krr_learning_curves_common_target.csv
MC-EGNN,matched-compute-LOW,LOW,256,96,rho_1e-6,1e-06,common,0.2937874850124289,0.271674576703658,20,dev-equivariant-scaling-laws-kernel-pilot-clean/analysis_outputs/four_arch_matched_compute_frontier_kernel_2026_08_15/krr_learning_curves_common_target.csv
MC-EGNN,matched-compute-LOW,LOW,256,96,rho_1e-8,1e-08,common,0.2927191476298088,0.27102154956698304,20,dev-equivariant-scaling-laws-kernel-pilot-clean/analysis_outputs/four_arch_matched_compute_frontier_kernel_2026_08_15/krr_learning_curves_common_target.csv
MC-EGNN,matched-compute-LOW,LOW,256,96,ridgeless,0.0,common,0.2919933312691511,0.27101493573412483,20,dev-equivariant-scaling-laws-kernel-pilot-clean/analysis_outputs/four_arch_matched_compute_frontier_kernel_2026_08_15/krr_learning_curves_common_target.csv
MC-EGNN,matched-compute-LOW,LOW,256,128,rho_1e-4,0.0001,common,0.2112535246955221,0.21433551042560586,20,dev-equivariant-scaling-laws-kernel-pilot-clean/analysis_outputs/four_arch_matched_compute_frontier_kernel_2026_08_15/krr_learning_curves_common_target.csv
MC-EGNN,matched-compute-LOW,LOW,256,128,rho_1e-6,1e-06,common,0.21465474853483385,0.2172334967113599,20,dev-equivariant-scaling-laws-kernel-pilot-clean/analysis_outputs/four_arch_matched_compute_frontier_kernel_2026_08_15/krr_learning_curves_common_target.csv
MC-EGNN,matched-compute-LOW,LOW,256,128,rho_1e-8,1e-08,common,0.21454266603600636,0.21686768209469043,20,dev-equivariant-scaling-laws-kernel-pilot-clean/analysis_outputs/four_arch_matched_compute_frontier_kernel_2026_08_15/krr_learning_curves_common_target.csv
MC-EGNN,matched-compute-LOW,LOW,256,128,ridgeless,0.0,common,0.21477169427262482,0.21660632419029063,20,dev-equivariant-scaling-laws-kernel-pilot-clean/analysis_outputs/four_arch_matched_compute_frontier_kernel_2026_08_15/krr_learning_curves_common_target.csv
MC-EGNN,matched-compute-MID,MID,256,8,rho_1e-4,0.0001,common,0.8953584942831201,0.8697821700238867,20,dev-equivariant-scaling-laws-kernel-pilot-clean/analysis_outputs/four_arch_matched_compute_frontier_kernel_2026_08_15/krr_learning_curves_common_target.csv
MC-EGNN,matched-compute-MID,MID,256,8,rho_1e-6,1e-06,common,0.8961837033833011,0.869570340755174,20,dev-equivariant-scaling-laws-kernel-pilot-clean/analysis_outputs/four_arch_matched_compute_frontier_kernel_2026_08_15/krr_learning_curves_common_target.csv
MC-EGNN,matched-compute-MID,MID,256,8,rho_1e-8,1e-08,common,0.8961857022989097,0.8694089819528044,20,dev-equivariant-scaling-laws-kernel-pilot-clean/analysis_outputs/four_arch_matched_compute_frontier_kernel_2026_08_15/krr_learning_curves_common_target.csv
MC-EGNN,matched-compute-MID,MID,256,8,ridgeless,0.0,common,0.8961857225743286,0.8694272732348212,20,dev-equivariant-scaling-laws-kernel-pilot-clean/analysis_outputs/four_arch_matched_compute_frontier_kernel_2026_08_15/krr_learning_curves_common_target.csv
MC-EGNN,matched-compute-MID,MID,256,16,rho_1e-4,0.0001,common,0.7556070969994368,0.7694100854149251,20,dev-equivariant-scaling-laws-kernel-pilot-clean/analysis_outputs/four_arch_matched_compute_frontier_kernel_2026_08_15/krr_learning_curves_common_target.csv
MC-EGNN,matched-compute-MID,MID,256,16,rho_1e-6,1e-06,common,0.7501389558893659,0.7690397950029435,20,dev-equivariant-scaling-laws-kernel-pilot-clean/analysis_outputs/four_arch_matched_compute_frontier_kernel_2026_08_15/krr_learning_curves_common_target.csv
MC-EGNN,matched-compute-MID,MID,256,16,rho_1e-8,1e-08,common,0.7500748979505458,0.7683030899524945,20,dev-equivariant-scaling-laws-kernel-pilot-clean/analysis_outputs/four_arch_matched_compute_frontier_kernel_2026_08_15/krr_learning_curves_common_target.csv
MC-EGNN,matched-compute-MID,MID,256,16,ridgeless,0.0,common,0.750074249625327,0.7681837557952171,20,dev-equivariant-scaling-laws-kernel-pilot-clean/analysis_outputs/four_arch_matched_compute_frontier_kernel_2026_08_15/krr_learning_curves_common_target.csv
MC-EGNN,matched-compute-MID,MID,256,32,rho_1e-4,0.0001,common,0.6072911953033867,0.6000754019320048,20,dev-equivariant-scaling-laws-kernel-pilot-clean/analysis_outputs/four_arch_matched_compute_frontier_kernel_2026_08_15/krr_learning_curves_common_target.csv
MC-EGNN,matched-compute-MID,MID,256,32,rho_1e-6,1e-06,common,0.607183031373097,0.5996760353585698,20,dev-equivariant-scaling-laws-kernel-pilot-clean/analysis_outputs/four_arch_matched_compute_frontier_kernel_2026_08_15/krr_learning_curves_common_target.csv
MC-EGNN,matched-compute-MID,MID,256,32,rho_1e-8,1e-08,common,0.6071534652627415,0.597496356700575,20,dev-equivariant-scaling-laws-kernel-pilot-clean/analysis_outputs/four_arch_matched_compute_frontier_kernel_2026_08_15/krr_learning_curves_common_target.csv
MC-EGNN,matched-compute-MID,MID,256,32,ridgeless,0.0,common,0.6071531472184298,0.5973417478570868,20,dev-equivariant-scaling-laws-kernel-pilot-clean/analysis_outputs/four_arch_matched_compute_frontier_kernel_2026_08_15/krr_learning_curves_common_target.csv
MC-EGNN,matched-compute-MID,MID,256,64,rho_1e-4,0.0001,common,0.45704267092535794,0.4516735854633717,20,dev-equivariant-scaling-laws-kernel-pilot-clean/analysis_outputs/four_arch_matched_compute_frontier_kernel_2026_08_15/krr_learning_curves_common_target.csv
MC-EGNN,matched-compute-MID,MID,256,64,rho_1e-6,1e-06,common,0.46143556399490987,0.4497734800881994,20,dev-equivariant-scaling-laws-kernel-pilot-clean/analysis_outputs/four_arch_matched_compute_frontier_kernel_2026_08_15/krr_learning_curves_common_target.csv
MC-EGNN,matched-compute-MID,MID,256,64,rho_1e-8,1e-08,common,0.46274560622088146,0.4485514183266582,20,dev-equivariant-scaling-laws-kernel-pilot-clean/analysis_outputs/four_arch_matched_compute_frontier_kernel_2026_08_15/krr_learning_curves_common_target.csv
MC-EGNN,matched-compute-MID,MID,256,64,ridgeless,0.0,common,0.46270939847714543,0.44856948693015397,20,dev-equivariant-scaling-laws-kernel-pilot-clean/analysis_outputs/four_arch_matched_compute_frontier_kernel_2026_08_15/krr_learning_curves_common_target.csv
MC-EGNN,matched-compute-MID,MID,256,96,rho_1e-4,0.0001,common,0.36141820001152214,0.34862383009913134,20,dev-equivariant-scaling-laws-kernel-pilot-clean/analysis_outputs/four_arch_matched_compute_frontier_kernel_2026_08_15/krr_learning_curves_common_target.csv
MC-EGNN,matched-compute-MID,MID,256,96,rho_1e-6,1e-06,common,0.3590101614294736,0.3453454944627413,20,dev-equivariant-scaling-laws-kernel-pilot-clean/analysis_outputs/four_arch_matched_compute_frontier_kernel_2026_08_15/krr_learning_curves_common_target.csv
MC-EGNN,matched-compute-MID,MID,256,96,rho_1e-8,1e-08,common,0.358373025606171,0.34448452108862343,20,dev-equivariant-scaling-laws-kernel-pilot-clean/analysis_outputs/four_arch_matched_compute_frontier_kernel_2026_08_15/krr_learning_curves_common_target.csv
MC-EGNN,matched-compute-MID,MID,256,96,ridgeless,0.0,common,0.35834170398071785,0.3443279281657729,20,dev-equivariant-scaling-laws-kernel-pilot-clean/analysis_outputs/four_arch_matched_compute_frontier_kernel_2026_08_15/krr_learning_curves_common_target.csv
MC-EGNN,matched-compute-MID,MID,256,128,rho_1e-4,0.0001,common,0.3020910712669177,0.2825568787069249,20,dev-equivariant-scaling-laws-kernel-pilot-clean/analysis_outputs/four_arch_matched_compute_frontier_kernel_2026_08_15/krr_learning_curves_common_target.csv
MC-EGNN,matched-compute-MID,MID,256,128,rho_1e-6,1e-06,common,0.29610230240597196,0.27886324308970695,20,dev-equivariant-scaling-laws-kernel-pilot-clean/analysis_outputs/four_arch_matched_compute_frontier_kernel_2026_08_15/krr_learning_curves_common_target.csv
MC-EGNN,matched-compute-MID,MID,256,128,rho_1e-8,1e-08,common,0.2957385572981349,0.2785972278698047,20,dev-equivariant-scaling-laws-kernel-pilot-clean/analysis_outputs/four_arch_matched_compute_frontier_kernel_2026_08_15/krr_learning_curves_common_target.csv
MC-EGNN,matched-compute-MID,MID,256,128,ridgeless,0.0,common,0.2953985288586297,0.27839843638274964,20,dev-equivariant-scaling-laws-kernel-pilot-clean/analysis_outputs/four_arch_matched_compute_frontier_kernel_2026_08_15/krr_learning_curves_common_target.csv
MPNN,matched-compute-HIGH,HIGH,256,8,rho_1e-4,0.0001,common,0.9876650252226102,0.9876951507498836,20,dev-equivariant-scaling-laws-kernel-pilot-clean/analysis_outputs/four_arch_matched_compute_frontier_kernel_2026_08_15/krr_learning_curves_common_target.csv
MPNN,matched-compute-HIGH,HIGH,256,8,rho_1e-6,1e-06,common,0.9876630789508831,0.9876931933776426,20,dev-equivariant-scaling-laws-kernel-pilot-clean/analysis_outputs/four_arch_matched_compute_frontier_kernel_2026_08_15/krr_learning_curves_common_target.csv
MPNN,matched-compute-HIGH,HIGH,256,8,rho_1e-8,1e-08,common,0.9876630594844807,0.9876931737964944,20,dev-equivariant-scaling-laws-kernel-pilot-clean/analysis_outputs/four_arch_matched_compute_frontier_kernel_2026_08_15/krr_learning_curves_common_target.csv
MPNN,matched-compute-HIGH,HIGH,256,8,ridgeless,0.0,common,0.9876630592878501,0.9876931735987042,20,dev-equivariant-scaling-laws-kernel-pilot-clean/analysis_outputs/four_arch_matched_compute_frontier_kernel_2026_08_15/krr_learning_curves_common_target.csv
MPNN,matched-compute-HIGH,HIGH,256,16,rho_1e-4,0.0001,common,0.9666167588244429,0.9690825578670601,20,dev-equivariant-scaling-laws-kernel-pilot-clean/analysis_outputs/four_arch_matched_compute_frontier_kernel_2026_08_15/krr_learning_curves_common_target.csv
MPNN,matched-compute-HIGH,HIGH,256,16,rho_1e-6,1e-06,common,0.9666132080593093,0.969077045432938,20,dev-equivariant-scaling-laws-kernel-pilot-clean/analysis_outputs/four_arch_matched_compute_frontier_kernel_2026_08_15/krr_learning_curves_common_target.csv
MPNN,matched-compute-HIGH,HIGH,256,16,rho_1e-8,1e-08,common,0.9666131725454653,0.9690769902857588,20,dev-equivariant-scaling-laws-kernel-pilot-clean/analysis_outputs/four_arch_matched_compute_frontier_kernel_2026_08_15/krr_learning_curves_common_target.csv
MPNN,matched-compute-HIGH,HIGH,256,16,ridgeless,0.0,common,0.9666131721867389,0.9690769897287141,20,dev-equivariant-scaling-laws-kernel-pilot-clean/analysis_outputs/four_arch_matched_compute_frontier_kernel_2026_08_15/krr_learning_curves_common_target.csv
MPNN,matched-compute-HIGH,HIGH,256,32,rho_1e-4,0.0001,common,0.9139151506714153,0.9120406249990222,20,dev-equivariant-scaling-laws-kernel-pilot-clean/analysis_outputs/four_arch_matched_compute_frontier_kernel_2026_08_15/krr_learning_curves_common_target.csv
MPNN,matched-compute-HIGH,HIGH,256,32,rho_1e-6,1e-06,common,0.913895640814264,0.9120265884760693,20,dev-equivariant-scaling-laws-kernel-pilot-clean/analysis_outputs/four_arch_matched_compute_frontier_kernel_2026_08_15/krr_learning_curves_common_target.csv
MPNN,matched-compute-HIGH,HIGH,256,32,rho_1e-8,1e-08,common,0.9138954456512546,0.9120264480663582,20,dev-equivariant-scaling-laws-kernel-pilot-clean/analysis_outputs/four_arch_matched_compute_frontier_kernel_2026_08_15/krr_learning_curves_common_target.csv
MPNN,matched-compute-HIGH,HIGH,256,32,ridgeless,0.0,common,0.9138954436799043,0.9120264466480738,20,dev-equivariant-scaling-laws-kernel-pilot-clean/analysis_outputs/four_arch_matched_compute_frontier_kernel_2026_08_15/krr_learning_curves_common_target.csv
MPNN,matched-compute-HIGH,HIGH,256,64,rho_1e-4,0.0001,common,0.7979386403922928,0.799647412923371,20,dev-equivariant-scaling-laws-kernel-pilot-clean/analysis_outputs/four_arch_matched_compute_frontier_kernel_2026_08_15/krr_learning_curves_common_target.csv
MPNN,matched-compute-HIGH,HIGH,256,64,rho_1e-6,1e-06,common,0.7979072234358481,0.7996185037802784,20,dev-equivariant-scaling-laws-kernel-pilot-clean/analysis_outputs/four_arch_matched_compute_frontier_kernel_2026_08_15/krr_learning_curves_common_target.csv
MPNN,matched-compute-HIGH,HIGH,256,64,rho_1e-8,1e-08,common,0.797906909150965,0.7996182145915772,20,dev-equivariant-scaling-laws-kernel-pilot-clean/analysis_outputs/four_arch_matched_compute_frontier_kernel_2026_08_15/krr_learning_curves_common_target.csv
MPNN,matched-compute-HIGH,HIGH,256,64,ridgeless,0.0,common,0.7979069059763586,0.7996182116704693,20,dev-equivariant-scaling-laws-kernel-pilot-clean/analysis_outputs/four_arch_matched_compute_frontier_kernel_2026_08_15/krr_learning_curves_common_target.csv
MPNN,matched-compute-HIGH,HIGH,256,96,rho_1e-4,0.0001,common,0.6855994870495206,0.6865789229817276,20,dev-equivariant-scaling-laws-kernel-pilot-clean/analysis_outputs/four_arch_matched_compute_frontier_kernel_2026_08_15/krr_learning_curves_common_target.csv
MPNN,matched-compute-HIGH,HIGH,256,96,rho_1e-6,1e-06,common,0.685563455749318,0.6865389293417905,20,dev-equivariant-scaling-laws-kernel-pilot-clean/analysis_outputs/four_arch_matched_compute_frontier_kernel_2026_08_15/krr_learning_curves_common_target.csv
MPNN,matched-compute-HIGH,HIGH,256,96,rho_1e-8,1e-08,common,0.6855630952906371,0.6865385292572693,20,dev-equivariant-scaling-laws-kernel-pilot-clean/analysis_outputs/four_arch_matched_compute_frontier_kernel_2026_08_15/krr_learning_curves_common_target.csv
MPNN,matched-compute-HIGH,HIGH,256,96,ridgeless,0.0,common,0.6855630916496258,0.6865385252159965,20,dev-equivariant-scaling-laws-kernel-pilot-clean/analysis_outputs/four_arch_matched_compute_frontier_kernel_2026_08_15/krr_learning_curves_common_target.csv
MPNN,matched-compute-HIGH,HIGH,256,128,rho_1e-4,0.0001,common,0.6104559701309173,0.6170134110573516,20,dev-equivariant-scaling-laws-kernel-pilot-clean/analysis_outputs/four_arch_matched_compute_frontier_kernel_2026_08_15/krr_learning_curves_common_target.csv
MPNN,matched-compute-HIGH,HIGH,256,128,rho_1e-6,1e-06,common,0.6104112485476272,0.6169722832891786,20,dev-equivariant-scaling-laws-kernel-pilot-clean/analysis_outputs/four_arch_matched_compute_frontier_kernel_2026_08_15/krr_learning_curves_common_target.csv
MPNN,matched-compute-HIGH,HIGH,256,128,rho_1e-8,1e-08,common,0.6104108012164735,0.6169718718509639,20,dev-equivariant-scaling-laws-kernel-pilot-clean/analysis_outputs/four_arch_matched_compute_frontier_kernel_2026_08_15/krr_learning_curves_common_target.csv
MPNN,matched-compute-HIGH,HIGH,256,128,ridgeless,0.0,common,0.6104107966979652,0.6169718676950061,20,dev-equivariant-scaling-laws-kernel-pilot-clean/analysis_outputs/four_arch_matched_compute_frontier_kernel_2026_08_15/krr_learning_curves_common_target.csv
MPNN,matched-compute-LOW,LOW,256,8,rho_1e-4,0.0001,common,1.0032462907708497,1.019312112734983,20,dev-equivariant-scaling-laws-kernel-pilot-clean/analysis_outputs/four_arch_matched_compute_frontier_kernel_2026_08_15/krr_learning_curves_common_target.csv
MPNN,matched-compute-LOW,LOW,256,8,rho_1e-6,1e-06,common,1.0032502920723003,1.0193149106651616,20,dev-equivariant-scaling-laws-kernel-pilot-clean/analysis_outputs/four_arch_matched_compute_frontier_kernel_2026_08_15/krr_learning_curves_common_target.csv
MPNN,matched-compute-LOW,LOW,256,8,rho_1e-8,1e-08,common,1.0032503321071649,1.0193149386532776,20,dev-equivariant-scaling-laws-kernel-pilot-clean/analysis_outputs/four_arch_matched_compute_frontier_kernel_2026_08_15/krr_learning_curves_common_target.csv
MPNN,matched-compute-LOW,LOW,256,8,ridgeless,0.0,common,1.0032503325115596,1.0193149389359866,20,dev-equivariant-scaling-laws-kernel-pilot-clean/analysis_outputs/four_arch_matched_compute_frontier_kernel_2026_08_15/krr_learning_curves_common_target.csv
MPNN,matched-compute-LOW,LOW,256,16,rho_1e-4,0.0001,common,0.9766553052459406,0.9831799971959978,20,dev-equivariant-scaling-laws-kernel-pilot-clean/analysis_outputs/four_arch_matched_compute_frontier_kernel_2026_08_15/krr_learning_curves_common_target.csv
MPNN,matched-compute-LOW,LOW,256,16,rho_1e-6,1e-06,common,0.9766537454966892,0.9831753911227015,20,dev-equivariant-scaling-laws-kernel-pilot-clean/analysis_outputs/four_arch_matched_compute_frontier_kernel_2026_08_15/krr_learning_curves_common_target.csv
MPNN,matched-compute-LOW,LOW,256,16,rho_1e-8,1e-08,common,0.9766537298994944,0.9831753450461325,20,dev-equivariant-scaling-laws-kernel-pilot-clean/analysis_outputs/four_arch_matched_compute_frontier_kernel_2026_08_15/krr_learning_curves_common_target.csv
MPNN,matched-compute-LOW,LOW,256,16,ridgeless,0.0,common,0.9766537297419469,0.983175344580711,20,dev-equivariant-scaling-laws-kernel-pilot-clean/analysis_outputs/four_arch_matched_compute_frontier_kernel_2026_08_15/krr_learning_curves_common_target.csv
MPNN,matched-compute-LOW,LOW,256,32,rho_1e-4,0.0001,common,0.908572018253337,0.9147483866065207,20,dev-equivariant-scaling-laws-kernel-pilot-clean/analysis_outputs/four_arch_matched_compute_frontier_kernel_2026_08_15/krr_learning_curves_common_target.csv
MPNN,matched-compute-LOW,LOW,256,32,rho_1e-6,1e-06,common,0.9085553730640499,0.914728857508219,20,dev-equivariant-scaling-laws-kernel-pilot-clean/analysis_outputs/four_arch_matched_compute_frontier_kernel_2026_08_15/krr_learning_curves_common_target.csv
MPNN,matched-compute-LOW,LOW,256,32,rho_1e-8,1e-08,common,0.9085552065767236,0.9147286621260363,20,dev-equivariant-scaling-laws-kernel-pilot-clean/analysis_outputs/four_arch_matched_compute_frontier_kernel_2026_08_15/krr_learning_curves_common_target.csv
MPNN,matched-compute-LOW,LOW,256,32,ridgeless,0.0,common,0.9085552048950298,0.9147286601524698,20,dev-equivariant-scaling-laws-kernel-pilot-clean/analysis_outputs/four_arch_matched_compute_frontier_kernel_2026_08_15/krr_learning_curves_common_target.csv
MPNN,matched-compute-LOW,LOW,256,64,rho_1e-4,0.0001,common,0.8003269104063555,0.803671566127585,20,dev-equivariant-scaling-laws-kernel-pilot-clean/analysis_outputs/four_arch_matched_compute_frontier_kernel_2026_08_15/krr_learning_curves_common_target.csv
MPNN,matched-compute-LOW,LOW,256,64,rho_1e-6,1e-06,common,0.8002956256096551,0.803627768169874,20,dev-equivariant-scaling-laws-kernel-pilot-clean/analysis_outputs/four_arch_matched_compute_frontier_kernel_2026_08_15/krr_learning_curves_common_target.csv
MPNN,matched-compute-LOW,LOW,256,64,rho_1e-8,1e-08,common,0.8002953126444756,0.8036273298831184,20,dev-equivariant-scaling-laws-kernel-pilot-clean/analysis_outputs/four_arch_matched_compute_frontier_kernel_2026_08_15/krr_learning_curves_common_target.csv
MPNN,matched-compute-LOW,LOW,256,64,ridgeless,0.0,common,0.8002953094831993,0.8036273254559483,20,dev-equivariant-scaling-laws-kernel-pilot-clean/analysis_outputs/four_arch_matched_compute_frontier_kernel_2026_08_15/krr_learning_curves_common_target.csv
MPNN,matched-compute-LOW,LOW,256,96,rho_1e-4,0.0001,common,0.7081049530336039,0.689765952057243,20,dev-equivariant-scaling-laws-kernel-pilot-clean/analysis_outputs/four_arch_matched_compute_frontier_kernel_2026_08_15/krr_learning_curves_common_target.csv
MPNN,matched-compute-LOW,LOW,256,96,rho_1e-6,1e-06,common,0.7080431264889786,0.6897156545503751,20,dev-equivariant-scaling-laws-kernel-pilot-clean/analysis_outputs/four_arch_matched_compute_frontier_kernel_2026_08_15/krr_learning_curves_common_target.csv
MPNN,matched-compute-LOW,LOW,256,96,rho_1e-8,1e-08,common,0.7080425079783108,0.6897151513047375,20,dev-equivariant-scaling-laws-kernel-pilot-clean/analysis_outputs/four_arch_matched_compute_frontier_kernel_2026_08_15/krr_learning_curves_common_target.csv
MPNN,matched-compute-LOW,LOW,256,96,ridgeless,0.0,common,0.7080425017307035,0.689715146221421,20,dev-equivariant-scaling-laws-kernel-pilot-clean/analysis_outputs/four_arch_matched_compute_frontier_kernel_2026_08_15/krr_learning_curves_common_target.csv
MPNN,matched-compute-LOW,LOW,256,128,rho_1e-4,0.0001,common,0.6421453154844388,0.6275785783207068,20,dev-equivariant-scaling-laws-kernel-pilot-clean/analysis_outputs/four_arch_matched_compute_frontier_kernel_2026_08_15/krr_learning_curves_common_target.csv
MPNN,matched-compute-LOW,LOW,256,128,rho_1e-6,1e-06,common,0.6420864245584426,0.6275253318704895,20,dev-equivariant-scaling-laws-kernel-pilot-clean/analysis_outputs/four_arch_matched_compute_frontier_kernel_2026_08_15/krr_learning_curves_common_target.csv
MPNN,matched-compute-LOW,LOW,256,128,rho_1e-8,1e-08,common,0.6420858354166463,0.627524799104525,20,dev-equivariant-scaling-laws-kernel-pilot-clean/analysis_outputs/four_arch_matched_compute_frontier_kernel_2026_08_15/krr_learning_curves_common_target.csv
MPNN,matched-compute-LOW,LOW,256,128,ridgeless,0.0,common,0.6420858294656961,0.6275247937230202,20,dev-equivariant-scaling-laws-kernel-pilot-clean/analysis_outputs/four_arch_matched_compute_frontier_kernel_2026_08_15/krr_learning_curves_common_target.csv
MPNN,matched-compute-MID,MID,256,8,rho_1e-4,0.0001,common,0.9957091396712979,1.003134065313502,20,dev-equivariant-scaling-laws-kernel-pilot-clean/analysis_outputs/four_arch_matched_compute_frontier_kernel_2026_08_15/krr_learning_curves_common_target.csv
MPNN,matched-compute-MID,MID,256,8,rho_1e-6,1e-06,common,0.995708630145731,1.0031344678801286,20,dev-equivariant-scaling-laws-kernel-pilot-clean/analysis_outputs/four_arch_matched_compute_frontier_kernel_2026_08_15/krr_learning_curves_common_target.csv
MPNN,matched-compute-MID,MID,256,8,rho_1e-8,1e-08,common,0.9957086250490683,1.0031344719056983,20,dev-equivariant-scaling-laws-kernel-pilot-clean/analysis_outputs/four_arch_matched_compute_frontier_kernel_2026_08_15/krr_learning_curves_common_target.csv
MPNN,matched-compute-MID,MID,256,8,ridgeless,0.0,common,0.9957086249975868,1.00313447194636,20,dev-equivariant-scaling-laws-kernel-pilot-clean/analysis_outputs/four_arch_matched_compute_frontier_kernel_2026_08_15/krr_learning_curves_common_target.csv
MPNN,matched-compute-MID,MID,256,16,rho_1e-4,0.0001,common,0.9683882435394172,0.9802555895911548,20,dev-equivariant-scaling-laws-kernel-pilot-clean/analysis_outputs/four_arch_matched_compute_frontier_kernel_2026_08_15/krr_learning_curves_common_target.csv
MPNN,matched-compute-MID,MID,256,16,rho_1e-6,1e-06,common,0.9683851959301469,0.980251300677771,20,dev-equivariant-scaling-laws-kernel-pilot-clean/analysis_outputs/four_arch_matched_compute_frontier_kernel_2026_08_15/krr_learning_curves_common_target.csv
MPNN,matched-compute-MID,MID,256,16,rho_1e-8,1e-08,common,0.9683851654476796,0.9802512577755437,20,dev-equivariant-scaling-laws-kernel-pilot-clean/analysis_outputs/four_arch_matched_compute_frontier_kernel_2026_08_15/krr_learning_curves_common_target.csv
MPNN,matched-compute-MID,MID,256,16,ridgeless,0.0,common,0.9683851651397752,0.9802512573421864,20,dev-equivariant-scaling-laws-kernel-pilot-clean/analysis_outputs/four_arch_matched_compute_frontier_kernel_2026_08_15/krr_learning_curves_common_target.csv
MPNN,matched-compute-MID,MID,256,32,rho_1e-4,0.0001,common,0.9159770501378732,0.9124372534862595,20,dev-equivariant-scaling-laws-kernel-pilot-clean/analysis_outputs/four_arch_matched_compute_frontier_kernel_2026_08_15/krr_learning_curves_common_target.csv
MPNN,matched-compute-MID,MID,256,32,rho_1e-6,1e-06,common,0.915965488258881,0.9124215177890693,20,dev-equivariant-scaling-laws-kernel-pilot-clean/analysis_outputs/four_arch_matched_compute_frontier_kernel_2026_08_15/krr_learning_curves_common_target.csv
MPNN,matched-compute-MID,MID,256,32,rho_1e-8,1e-08,common,0.9159653726059591,0.9124213603826323,20,dev-equivariant-scaling-laws-kernel-pilot-clean/analysis_outputs/four_arch_matched_compute_frontier_kernel_2026_08_15/krr_learning_curves_common_target.csv
MPNN,matched-compute-MID,MID,256,32,ridgeless,0.0,common,0.9159653714377444,0.9124213587926633,20,dev-equivariant-scaling-laws-kernel-pilot-clean/analysis_outputs/four_arch_matched_compute_frontier_kernel_2026_08_15/krr_learning_curves_common_target.csv
MPNN,matched-compute-MID,MID,256,64,rho_1e-4,0.0001,common,0.7794223791100974,0.7848596725956412,20,dev-equivariant-scaling-laws-kernel-pilot-clean/analysis_outputs/four_arch_matched_compute_frontier_kernel_2026_08_15/krr_learning_curves_common_target.csv
MPNN,matched-compute-MID,MID,256,64,rho_1e-6,1e-06,common,0.7793913579389031,0.7848296413359636,20,dev-equivariant-scaling-laws-kernel-pilot-clean/analysis_outputs/four_arch_matched_compute_frontier_kernel_2026_08_15/krr_learning_curves_common_target.csv
MPNN,matched-compute-MID,MID,256,64,rho_1e-8,1e-08,common,0.7793910476393074,0.7848293409403074,20,dev-equivariant-scaling-laws-kernel-pilot-clean/analysis_outputs/four_arch_matched_compute_frontier_kernel_2026_08_15/krr_learning_curves_common_target.csv
MPNN,matched-compute-MID,MID,256,64,ridgeless,0.0,common,0.7793910445049592,0.7848293379059995,20,dev-equivariant-scaling-laws-kernel-pilot-clean/analysis_outputs/four_arch_matched_compute_frontier_kernel_2026_08_15/krr_learning_curves_common_target.csv
MPNN,matched-compute-MID,MID,256,96,rho_1e-4,0.0001,common,0.6699130528417647,0.669597272488571,20,dev-equivariant-scaling-laws-kernel-pilot-clean/analysis_outputs/four_arch_matched_compute_frontier_kernel_2026_08_15/krr_learning_curves_common_target.csv
MPNN,matched-compute-MID,MID,256,96,rho_1e-6,1e-06,common,0.6698655294626964,0.6695595315995666,20,dev-equivariant-scaling-laws-kernel-pilot-clean/analysis_outputs/four_arch_matched_compute_frontier_kernel_2026_08_15/krr_learning_curves_common_target.csv
MPNN,matched-compute-MID,MID,256,96,rho_1e-8,1e-08,common,0.6698650540564612,0.6695591540768381,20,dev-equivariant-scaling-laws-kernel-pilot-clean/analysis_outputs/four_arch_matched_compute_frontier_kernel_2026_08_15/krr_learning_curves_common_target.csv
MPNN,matched-compute-MID,MID,256,96,ridgeless,0.0,common,0.6698650492543605,0.6695591502634655,20,dev-equivariant-scaling-laws-kernel-pilot-clean/analysis_outputs/four_arch_matched_compute_frontier_kernel_2026_08_15/krr_learning_curves_common_target.csv
MPNN,matched-compute-MID,MID,256,128,rho_1e-4,0.0001,common,0.6018711312167732,0.6036845801317462,20,dev-equivariant-scaling-laws-kernel-pilot-clean/analysis_outputs/four_arch_matched_compute_frontier_kernel_2026_08_15/krr_learning_curves_common_target.csv
MPNN,matched-compute-MID,MID,256,128,rho_1e-6,1e-06,common,0.6018421421640148,0.6036470407667802,20,dev-equivariant-scaling-laws-kernel-pilot-clean/analysis_outputs/four_arch_matched_compute_frontier_kernel_2026_08_15/krr_learning_curves_common_target.csv
MPNN,matched-compute-MID,MID,256,128,rho_1e-8,1e-08,common,0.6018418522419806,0.6036466652484768,20,dev-equivariant-scaling-laws-kernel-pilot-clean/analysis_outputs/four_arch_matched_compute_frontier_kernel_2026_08_15/krr_learning_curves_common_target.csv
MPNN,matched-compute-MID,MID,256,128,ridgeless,0.0,common,0.601841849313472,0.6036466614553501,20,dev-equivariant-scaling-laws-kernel-pilot-clean/analysis_outputs/four_arch_matched_compute_frontier_kernel_2026_08_15/krr_learning_curves_common_target.csv
eSEN,matched-compute-HIGH,HIGH,256,8,rho_1e-4,0.0001,common,0.7442222164887787,0.743500402503706,20,dev-equivariant-scaling-laws-kernel-pilot-clean/analysis_outputs/four_arch_matched_compute_frontier_kernel_2026_08_15/krr_learning_curves_common_target.csv
eSEN,matched-compute-HIGH,HIGH,256,8,rho_1e-6,1e-06,common,0.7433992027300356,0.742852494299785,20,dev-equivariant-scaling-laws-kernel-pilot-clean/analysis_outputs/four_arch_matched_compute_frontier_kernel_2026_08_15/krr_learning_curves_common_target.csv
eSEN,matched-compute-HIGH,HIGH,256,8,rho_1e-8,1e-08,common,0.7433909141468926,0.7428457235749575,20,dev-equivariant-scaling-laws-kernel-pilot-clean/analysis_outputs/four_arch_matched_compute_frontier_kernel_2026_08_15/krr_learning_curves_common_target.csv
eSEN,matched-compute-HIGH,HIGH,256,8,ridgeless,0.0,common,0.7433908304178812,0.7428456551492859,20,dev-equivariant-scaling-laws-kernel-pilot-clean/analysis_outputs/four_arch_matched_compute_frontier_kernel_2026_08_15/krr_learning_curves_common_target.csv
eSEN,matched-compute-HIGH,HIGH,256,16,rho_1e-4,0.0001,common,0.5056119398217258,0.509016194623996,20,dev-equivariant-scaling-laws-kernel-pilot-clean/analysis_outputs/four_arch_matched_compute_frontier_kernel_2026_08_15/krr_learning_curves_common_target.csv
eSEN,matched-compute-HIGH,HIGH,256,16,rho_1e-6,1e-06,common,0.5048322349902099,0.508204632126896,20,dev-equivariant-scaling-laws-kernel-pilot-clean/analysis_outputs/four_arch_matched_compute_frontier_kernel_2026_08_15/krr_learning_curves_common_target.csv
eSEN,matched-compute-HIGH,HIGH,256,16,rho_1e-8,1e-08,common,0.5048243854908308,0.5081963485379194,20,dev-equivariant-scaling-laws-kernel-pilot-clean/analysis_outputs/four_arch_matched_compute_frontier_kernel_2026_08_15/krr_learning_curves_common_target.csv
eSEN,matched-compute-HIGH,HIGH,256,16,ridgeless,0.0,common,0.5048243061976943,0.5081962648394934,20,dev-equivariant-scaling-laws-kernel-pilot-clean/analysis_outputs/four_arch_matched_compute_frontier_kernel_2026_08_15/krr_learning_curves_common_target.csv
eSEN,matched-compute-HIGH,HIGH,256,32,rho_1e-4,0.0001,common,0.3141296735765823,0.3282371785988344,20,dev-equivariant-scaling-laws-kernel-pilot-clean/analysis_outputs/four_arch_matched_compute_frontier_kernel_2026_08_15/krr_learning_curves_common_target.csv
eSEN,matched-compute-HIGH,HIGH,256,32,rho_1e-6,1e-06,common,0.31333242489781543,0.32742882987711136,20,dev-equivariant-scaling-laws-kernel-pilot-clean/analysis_outputs/four_arch_matched_compute_frontier_kernel_2026_08_15/krr_learning_curves_common_target.csv
eSEN,matched-compute-HIGH,HIGH,256,32,rho_1e-8,1e-08,common,0.31332424349436494,0.3274201051472576,20,dev-equivariant-scaling-laws-kernel-pilot-clean/analysis_outputs/four_arch_matched_compute_frontier_kernel_2026_08_15/krr_learning_curves_common_target.csv
eSEN,matched-compute-HIGH,HIGH,256,32,ridgeless,0.0,common,0.3133241608317727,0.32742001685139355,20,dev-equivariant-scaling-laws-kernel-pilot-clean/analysis_outputs/four_arch_matched_compute_frontier_kernel_2026_08_15/krr_learning_curves_common_target.csv
eSEN,matched-compute-HIGH,HIGH,256,64,rho_1e-4,0.0001,common,0.16023896218895953,0.16212239896798472,20,dev-equivariant-scaling-laws-kernel-pilot-clean/analysis_outputs/four_arch_matched_compute_frontier_kernel_2026_08_15/krr_learning_curves_common_target.csv
eSEN,matched-compute-HIGH,HIGH,256,64,rho_1e-6,1e-06,common,0.1596753639961313,0.16166952150853847,20,dev-equivariant-scaling-laws-kernel-pilot-clean/analysis_outputs/four_arch_matched_compute_frontier_kernel_2026_08_15/krr_learning_curves_common_target.csv
eSEN,matched-compute-HIGH,HIGH,256,64,rho_1e-8,1e-08,common,0.1596693248137257,0.16166458864161798,20,dev-equivariant-scaling-laws-kernel-pilot-clean/analysis_outputs/four_arch_matched_compute_frontier_kernel_2026_08_15/krr_learning_curves_common_target.csv
eSEN,matched-compute-HIGH,HIGH,256,64,ridgeless,0.0,common,0.15966926376539933,0.1616645386919677,20,dev-equivariant-scaling-laws-kernel-pilot-clean/analysis_outputs/four_arch_matched_compute_frontier_kernel_2026_08_15/krr_learning_curves_common_target.csv
eSEN,matched-compute-HIGH,HIGH,256,96,rho_1e-4,0.0001,common,0.09584590223706521,0.10807958308901625,20,dev-equivariant-scaling-laws-kernel-pilot-clean/analysis_outputs/four_arch_matched_compute_frontier_kernel_2026_08_15/krr_learning_curves_common_target.csv
eSEN,matched-compute-HIGH,HIGH,256,96,rho_1e-6,1e-06,common,0.09547752981605842,0.10768548892632561,20,dev-equivariant-scaling-laws-kernel-pilot-clean/analysis_outputs/four_arch_matched_compute_frontier_kernel_2026_08_15/krr_learning_curves_common_target.csv
eSEN,matched-compute-HIGH,HIGH,256,96,rho_1e-8,1e-08,common,0.09547343765377786,0.10768118632121608,20,dev-equivariant-scaling-laws-kernel-pilot-clean/analysis_outputs/four_arch_matched_compute_frontier_kernel_2026_08_15/krr_learning_curves_common_target.csv
eSEN,matched-compute-HIGH,HIGH,256,96,ridgeless,0.0,common,0.09547339626799335,0.10768114279747357,20,dev-equivariant-scaling-laws-kernel-pilot-clean/analysis_outputs/four_arch_matched_compute_frontier_kernel_2026_08_15/krr_learning_curves_common_target.csv
eSEN,matched-compute-HIGH,HIGH,256,128,rho_1e-4,0.0001,common,0.07707564058024331,0.07229714536610135,20,dev-equivariant-scaling-laws-kernel-pilot-clean/analysis_outputs/four_arch_matched_compute_frontier_kernel_2026_08_15/krr_learning_curves_common_target.csv
eSEN,matched-compute-HIGH,HIGH,256,128,rho_1e-6,1e-06,common,0.0767763681084156,0.07197778305828106,20,dev-equivariant-scaling-laws-kernel-pilot-clean/analysis_outputs/four_arch_matched_compute_frontier_kernel_2026_08_15/krr_learning_curves_common_target.csv
eSEN,matched-compute-HIGH,HIGH,256,128,rho_1e-8,1e-08,common,0.07677340339070754,0.07197428682710824,20,dev-equivariant-scaling-laws-kernel-pilot-clean/analysis_outputs/four_arch_matched_compute_frontier_kernel_2026_08_15/krr_learning_curves_common_target.csv
eSEN,matched-compute-HIGH,HIGH,256,128,ridgeless,0.0,common,0.0767733734559875,0.07197425148815492,20,dev-equivariant-scaling-laws-kernel-pilot-clean/analysis_outputs/four_arch_matched_compute_frontier_kernel_2026_08_15/krr_learning_curves_common_target.csv
eSEN,matched-compute-LOW,LOW,256,8,rho_1e-4,0.0001,common,0.6442390302177587,0.6328826037965923,20,dev-equivariant-scaling-laws-kernel-pilot-clean/analysis_outputs/four_arch_matched_compute_frontier_kernel_2026_08_15/krr_learning_curves_common_target.csv
eSEN,matched-compute-LOW,LOW,256,8,rho_1e-6,1e-06,common,0.6439422913054604,0.6325660116122857,20,dev-equivariant-scaling-laws-kernel-pilot-clean/analysis_outputs/four_arch_matched_compute_frontier_kernel_2026_08_15/krr_learning_curves_common_target.csv
eSEN,matched-compute-LOW,LOW,256,8,rho_1e-8,1e-08,common,0.6439393127989745,0.6325627847387947,20,dev-equivariant-scaling-laws-kernel-pilot-clean/analysis_outputs/four_arch_matched_compute_frontier_kernel_2026_08_15/krr_learning_curves_common_target.csv
eSEN,matched-compute-LOW,LOW,256,8,ridgeless,0.0,common,0.6439392827119184,0.6325627521375081,20,dev-equivariant-scaling-laws-kernel-pilot-clean/analysis_outputs/four_arch_matched_compute_frontier_kernel_2026_08_15/krr_learning_curves_common_target.csv
eSEN,matched-compute-LOW,LOW,256,16,rho_1e-4,0.0001,common,0.4672129959265141,0.4381944421517029,20,dev-equivariant-scaling-laws-kernel-pilot-clean/analysis_outputs/four_arch_matched_compute_frontier_kernel_2026_08_15/krr_learning_curves_common_target.csv
eSEN,matched-compute-LOW,LOW,256,16,rho_1e-6,1e-06,common,0.46700897087370075,0.4377815814582304,20,dev-equivariant-scaling-laws-kernel-pilot-clean/analysis_outputs/four_arch_matched_compute_frontier_kernel_2026_08_15/krr_learning_curves_common_target.csv
eSEN,matched-compute-LOW,LOW,256,16,rho_1e-8,1e-08,common,0.467006941884338,0.4377769772857067,20,dev-equivariant-scaling-laws-kernel-pilot-clean/analysis_outputs/four_arch_matched_compute_frontier_kernel_2026_08_15/krr_learning_curves_common_target.csv
eSEN,matched-compute-LOW,LOW,256,16,ridgeless,0.0,common,0.467006921390681,0.4377769306799598,20,dev-equivariant-scaling-laws-kernel-pilot-clean/analysis_outputs/four_arch_matched_compute_frontier_kernel_2026_08_15/krr_learning_curves_common_target.csv
eSEN,matched-compute-LOW,LOW,256,32,rho_1e-4,0.0001,common,0.2809978278196569,0.2764339287106168,20,dev-equivariant-scaling-laws-kernel-pilot-clean/analysis_outputs/four_arch_matched_compute_frontier_kernel_2026_08_15/krr_learning_curves_common_target.csv
eSEN,matched-compute-LOW,LOW,256,32,rho_1e-6,1e-06,common,0.28058690554944454,0.27607015209702934,20,dev-equivariant-scaling-laws-kernel-pilot-clean/analysis_outputs/four_arch_matched_compute_frontier_kernel_2026_08_15/krr_learning_curves_common_target.csv
eSEN,matched-compute-LOW,LOW,256,32,rho_1e-8,1e-08,common,0.2805826986483035,0.2760666970687304,20,dev-equivariant-scaling-laws-kernel-pilot-clean/analysis_outputs/four_arch_matched_compute_frontier_kernel_2026_08_15/krr_learning_curves_common_target.csv
eSEN,matched-compute-LOW,LOW,256,32,ridgeless,0.0,common,0.28058265614415967,0.27606666222220577,20,dev-equivariant-scaling-laws-kernel-pilot-clean/analysis_outputs/four_arch_matched_compute_frontier_kernel_2026_08_15/krr_learning_curves_common_target.csv
eSEN,matched-compute-LOW,LOW,256,64,rho_1e-4,0.0001,common,0.1235344592325387,0.12626249139495685,20,dev-equivariant-scaling-laws-kernel-pilot-clean/analysis_outputs/four_arch_matched_compute_frontier_kernel_2026_08_15/krr_learning_curves_common_target.csv
eSEN,matched-compute-LOW,LOW,256,64,rho_1e-6,1e-06,common,0.12378874414702226,0.12616105691330842,20,dev-equivariant-scaling-laws-kernel-pilot-clean/analysis_outputs/four_arch_matched_compute_frontier_kernel_2026_08_15/krr_learning_curves_common_target.csv
eSEN,matched-compute-LOW,LOW,256,64,rho_1e-8,1e-08,common,0.12379609213298326,0.12616158340689615,20,dev-equivariant-scaling-laws-kernel-pilot-clean/analysis_outputs/four_arch_matched_compute_frontier_kernel_2026_08_15/krr_learning_curves_common_target.csv
eSEN,matched-compute-LOW,LOW,256,64,ridgeless,0.0,common,0.12379616755322714,0.1261615891683437,20,dev-equivariant-scaling-laws-kernel-pilot-clean/analysis_outputs/four_arch_matched_compute_frontier_kernel_2026_08_15/krr_learning_curves_common_target.csv
eSEN,matched-compute-LOW,LOW,256,96,rho_1e-4,0.0001,common,0.07578456260258129,0.08687432996322209,20,dev-equivariant-scaling-laws-kernel-pilot-clean/analysis_outputs/four_arch_matched_compute_frontier_kernel_2026_08_15/krr_learning_curves_common_target.csv
eSEN,matched-compute-LOW,LOW,256,96,rho_1e-6,1e-06,common,0.0755874608628579,0.08680594570559769,20,dev-equivariant-scaling-laws-kernel-pilot-clean/analysis_outputs/four_arch_matched_compute_frontier_kernel_2026_08_15/krr_learning_curves_common_target.csv
eSEN,matched-compute-LOW,LOW,256,96,rho_1e-8,1e-08,common,0.07558519320295841,0.0868063372943372,20,dev-equivariant-scaling-laws-kernel-pilot-clean/analysis_outputs/four_arch_matched_compute_frontier_kernel_2026_08_15/krr_learning_curves_common_target.csv
eSEN,matched-compute-LOW,LOW,256,96,ridgeless,0.0,common,0.075585170262502,0.08680634153170233,20,dev-equivariant-scaling-laws-kernel-pilot-clean/analysis_outputs/four_arch_matched_compute_frontier_kernel_2026_08_15/krr_learning_curves_common_target.csv
eSEN,matched-compute-LOW,LOW,256,128,rho_1e-4,0.0001,common,0.04801132295336828,0.060226031294219294,20,dev-equivariant-scaling-laws-kernel-pilot-clean/analysis_outputs/four_arch_matched_compute_frontier_kernel_2026_08_15/krr_learning_curves_common_target.csv
eSEN,matched-compute-LOW,LOW,256,128,rho_1e-6,1e-06,common,0.04821005504633982,0.06018917265439365,20,dev-equivariant-scaling-laws-kernel-pilot-clean/analysis_outputs/four_arch_matched_compute_frontier_kernel_2026_08_15/krr_learning_curves_common_target.csv
eSEN,matched-compute-LOW,LOW,256,128,rho_1e-8,1e-08,common,0.04821473611251427,0.06018995081248698,20,dev-equivariant-scaling-laws-kernel-pilot-clean/analysis_outputs/four_arch_matched_compute_frontier_kernel_2026_08_15/krr_learning_curves_common_target.csv
eSEN,matched-compute-LOW,LOW,256,128,ridgeless,0.0,common,0.04821478439625179,0.06018995905511222,20,dev-equivariant-scaling-laws-kernel-pilot-clean/analysis_outputs/four_arch_matched_compute_frontier_kernel_2026_08_15/krr_learning_curves_common_target.csv
eSEN,matched-compute-MID,MID,256,8,rho_1e-4,0.0001,common,0.6337159521906284,0.6305865481015729,20,dev-equivariant-scaling-laws-kernel-pilot-clean/analysis_outputs/four_arch_matched_compute_frontier_kernel_2026_08_15/krr_learning_curves_common_target.csv
eSEN,matched-compute-MID,MID,256,8,rho_1e-6,1e-06,common,0.6325763082897786,0.6300729011732511,20,dev-equivariant-scaling-laws-kernel-pilot-clean/analysis_outputs/four_arch_matched_compute_frontier_kernel_2026_08_15/krr_learning_curves_common_target.csv
eSEN,matched-compute-MID,MID,256,8,rho_1e-8,1e-08,common,0.6325645944524033,0.6300676501405665,20,dev-equivariant-scaling-laws-kernel-pilot-clean/analysis_outputs/four_arch_matched_compute_frontier_kernel_2026_08_15/krr_learning_curves_common_target.csv
eSEN,matched-compute-MID,MID,256,8,ridgeless,0.0,common,0.6325644760972966,0.6300675970877863,20,dev-equivariant-scaling-laws-kernel-pilot-clean/analysis_outputs/four_arch_matched_compute_frontier_kernel_2026_08_15/krr_learning_curves_common_target.csv
eSEN,matched-compute-MID,MID,256,16,rho_1e-4,0.0001,common,0.43981230821513395,0.43439751620668243,20,dev-equivariant-scaling-laws-kernel-pilot-clean/analysis_outputs/four_arch_matched_compute_frontier_kernel_2026_08_15/krr_learning_curves_common_target.csv
eSEN,matched-compute-MID,MID,256,16,rho_1e-6,1e-06,common,0.43938979262038014,0.4338336075655026,20,dev-equivariant-scaling-laws-kernel-pilot-clean/analysis_outputs/four_arch_matched_compute_frontier_kernel_2026_08_15/krr_learning_curves_common_target.csv
eSEN,matched-compute-MID,MID,256,16,rho_1e-8,1e-08,common,0.4393855029123276,0.4338274891276642,20,dev-equivariant-scaling-laws-kernel-pilot-clean/analysis_outputs/four_arch_matched_compute_frontier_kernel_2026_08_15/krr_learning_curves_common_target.csv
eSEN,matched-compute-MID,MID,256,16,ridgeless,0.0,common,0.4393854595752539,0.4338274272331038,20,dev-equivariant-scaling-laws-kernel-pilot-clean/analysis_outputs/four_arch_matched_compute_frontier_kernel_2026_08_15/krr_learning_curves_common_target.csv
eSEN,matched-compute-MID,MID,256,32,rho_1e-4,0.0001,common,0.27786967477082414,0.2580566027399661,20,dev-equivariant-scaling-laws-kernel-pilot-clean/analysis_outputs/four_arch_matched_compute_frontier_kernel_2026_08_15/krr_learning_curves_common_target.csv
eSEN,matched-compute-MID,MID,256,32,rho_1e-6,1e-06,common,0.2773613440995337,0.2576858420508087,20,dev-equivariant-scaling-laws-kernel-pilot-clean/analysis_outputs/four_arch_matched_compute_frontier_kernel_2026_08_15/krr_learning_curves_common_target.csv
eSEN,matched-compute-MID,MID,256,32,rho_1e-8,1e-08,common,0.27735465375712803,0.25768185403956034,20,dev-equivariant-scaling-laws-kernel-pilot-clean/analysis_outputs/four_arch_matched_compute_frontier_kernel_2026_08_15/krr_learning_curves_common_target.csv
eSEN,matched-compute-MID,MID,256,32,ridgeless,0.0,common,0.27735458576893174,0.2576818136870778,20,dev-equivariant-scaling-laws-kernel-pilot-clean/analysis_outputs/four_arch_matched_compute_frontier_kernel_2026_08_15/krr_learning_curves_common_target.csv
eSEN,matched-compute-MID,MID,256,64,rho_1e-4,0.0001,common,0.12758756205465502,0.12908607646971995,20,dev-equivariant-scaling-laws-kernel-pilot-clean/analysis_outputs/four_arch_matched_compute_frontier_kernel_2026_08_15/krr_learning_curves_common_target.csv
eSEN,matched-compute-MID,MID,256,64,rho_1e-6,1e-06,common,0.127370454383576,0.12885904426657308,20,dev-equivariant-scaling-laws-kernel-pilot-clean/analysis_outputs/four_arch_matched_compute_frontier_kernel_2026_08_15/krr_learning_curves_common_target.csv
eSEN,matched-compute-MID,MID,256,64,rho_1e-8,1e-08,common,0.1273682509962668,0.12885678548643234,20,dev-equivariant-scaling-laws-kernel-pilot-clean/analysis_outputs/four_arch_matched_compute_frontier_kernel_2026_08_15/krr_learning_curves_common_target.csv
eSEN,matched-compute-MID,MID,256,64,ridgeless,0.0,common,0.12736822873650713,0.12885676267076612,20,dev-equivariant-scaling-laws-kernel-pilot-clean/analysis_outputs/four_arch_matched_compute_frontier_kernel_2026_08_15/krr_learning_curves_common_target.csv
eSEN,matched-compute-MID,MID,256,96,rho_1e-4,0.0001,common,0.07813903673145428,0.0819453538738952,20,dev-equivariant-scaling-laws-kernel-pilot-clean/analysis_outputs/four_arch_matched_compute_frontier_kernel_2026_08_15/krr_learning_curves_common_target.csv
eSEN,matched-compute-MID,MID,256,96,rho_1e-6,1e-06,common,0.07796910315772917,0.08177715742440057,20,dev-equivariant-scaling-laws-kernel-pilot-clean/analysis_outputs/four_arch_matched_compute_frontier_kernel_2026_08_15/krr_learning_curves_common_target.csv
eSEN,matched-compute-MID,MID,256,96,rho_1e-8,1e-08,common,0.07796736654448232,0.08177576866439518,20,dev-equivariant-scaling-laws-kernel-pilot-clean/analysis_outputs/four_arch_matched_compute_frontier_kernel_2026_08_15/krr_learning_curves_common_target.csv
eSEN,matched-compute-MID,MID,256,96,ridgeless,0.0,common,0.077967348999005,0.08177575472837181,20,dev-equivariant-scaling-laws-kernel-pilot-clean/analysis_outputs/four_arch_matched_compute_frontier_kernel_2026_08_15/krr_learning_curves_common_target.csv
eSEN,matched-compute-MID,MID,256,128,rho_1e-4,0.0001,common,0.05702313129096818,0.05483576054581722,20,dev-equivariant-scaling-laws-kernel-pilot-clean/analysis_outputs/four_arch_matched_compute_frontier_kernel_2026_08_15/krr_learning_curves_common_target.csv
eSEN,matched-compute-MID,MID,256,128,rho_1e-6,1e-06,common,0.05685434284166287,0.0547092568717926,20,dev-equivariant-scaling-laws-kernel-pilot-clean/analysis_outputs/four_arch_matched_compute_frontier_kernel_2026_08_15/krr_learning_curves_common_target.csv
eSEN,matched-compute-MID,MID,256,128,rho_1e-8,1e-08,common,0.056851501349278105,0.05470848955929446,20,dev-equivariant-scaling-laws-kernel-pilot-clean/analysis_outputs/four_arch_matched_compute_frontier_kernel_2026_08_15/krr_learning_curves_common_target.csv
eSEN,matched-compute-MID,MID,256,128,ridgeless,0.0,common,0.056851472246381096,0.0547084819754601,20,dev-equivariant-scaling-laws-kernel-pilot-clean/analysis_outputs/four_arch_matched_compute_frontier_kernel_2026_08_15/krr_learning_curves_common_target.csv
GemNet-OC,matched-compute-HIGH,HIGH,256,8,rho_1e-4,0.0001,residual,1.0210523435082344,1.033188683947709,20,dev-equivariant-scaling-laws-kernel-pilot-clean/analysis_outputs/four_arch_matched_compute_frontier_kernel_2026_08_15/krr_learning_curves_residual.csv
GemNet-OC,matched-compute-HIGH,HIGH,256,8,rho_1e-6,1e-06,residual,1.021496110758072,1.035168205805018,20,dev-equivariant-scaling-laws-kernel-pilot-clean/analysis_outputs/four_arch_matched_compute_frontier_kernel_2026_08_15/krr_learning_curves_residual.csv
GemNet-OC,matched-compute-HIGH,HIGH,256,8,rho_1e-8,1e-08,residual,1.0227278898800989,1.0442326782127873,20,dev-equivariant-scaling-laws-kernel-pilot-clean/analysis_outputs/four_arch_matched_compute_frontier_kernel_2026_08_15/krr_learning_curves_residual.csv
GemNet-OC,matched-compute-HIGH,HIGH,256,8,ridgeless,0.0,residual,1.0291716975414293,1.0600303317398243,20,dev-equivariant-scaling-laws-kernel-pilot-clean/analysis_outputs/four_arch_matched_compute_frontier_kernel_2026_08_15/krr_learning_curves_residual.csv
GemNet-OC,matched-compute-HIGH,HIGH,256,16,rho_1e-4,0.0001,residual,1.054694137173582,1.0591373498647745,20,dev-equivariant-scaling-laws-kernel-pilot-clean/analysis_outputs/four_arch_matched_compute_frontier_kernel_2026_08_15/krr_learning_curves_residual.csv
GemNet-OC,matched-compute-HIGH,HIGH,256,16,rho_1e-6,1e-06,residual,1.05594530184355,1.0639764523599842,20,dev-equivariant-scaling-laws-kernel-pilot-clean/analysis_outputs/four_arch_matched_compute_frontier_kernel_2026_08_15/krr_learning_curves_residual.csv
GemNet-OC,matched-compute-HIGH,HIGH,256,16,rho_1e-8,1e-08,residual,1.055965414648769,1.0721448231115063,20,dev-equivariant-scaling-laws-kernel-pilot-clean/analysis_outputs/four_arch_matched_compute_frontier_kernel_2026_08_15/krr_learning_curves_residual.csv
GemNet-OC,matched-compute-HIGH,HIGH,256,16,ridgeless,0.0,residual,1.0579385133053458,1.0897622986901532,20,dev-equivariant-scaling-laws-kernel-pilot-clean/analysis_outputs/four_arch_matched_compute_frontier_kernel_2026_08_15/krr_learning_curves_residual.csv
GemNet-OC,matched-compute-HIGH,HIGH,256,32,rho_1e-4,0.0001,residual,1.0601136150355495,1.0857202351529565,20,dev-equivariant-scaling-laws-kernel-pilot-clean/analysis_outputs/four_arch_matched_compute_frontier_kernel_2026_08_15/krr_learning_curves_residual.csv
GemNet-OC,matched-compute-HIGH,HIGH,256,32,rho_1e-6,1e-06,residual,1.0606146081474757,1.092117427371819,20,dev-equivariant-scaling-laws-kernel-pilot-clean/analysis_outputs/four_arch_matched_compute_frontier_kernel_2026_08_15/krr_learning_curves_residual.csv
GemNet-OC,matched-compute-HIGH,HIGH,256,32,rho_1e-8,1e-08,residual,1.0704844203271748,1.0967887259962101,20,dev-equivariant-scaling-laws-kernel-pilot-clean/analysis_outputs/four_arch_matched_compute_frontier_kernel_2026_08_15/krr_learning_curves_residual.csv
GemNet-OC,matched-compute-HIGH,HIGH,256,32,ridgeless,0.0,residual,1.070484378011439,1.1102958480589469,20,dev-equivariant-scaling-laws-kernel-pilot-clean/analysis_outputs/four_arch_matched_compute_frontier_kernel_2026_08_15/krr_learning_curves_residual.csv
GemNet-OC,matched-compute-HIGH,HIGH,256,64,rho_1e-4,0.0001,residual,1.0738951465003777,1.0994730709271894,20,dev-equivariant-scaling-laws-kernel-pilot-clean/analysis_outputs/four_arch_matched_compute_frontier_kernel_2026_08_15/krr_learning_curves_residual.csv
GemNet-OC,matched-compute-HIGH,HIGH,256,64,rho_1e-6,1e-06,residual,1.0802409639567108,1.100545818790569,20,dev-equivariant-scaling-laws-kernel-pilot-clean/analysis_outputs/four_arch_matched_compute_frontier_kernel_2026_08_15/krr_learning_curves_residual.csv
GemNet-OC,matched-compute-HIGH,HIGH,256,64,rho_1e-8,1e-08,residual,1.0888181925763183,1.1089764231935404,20,dev-equivariant-scaling-laws-kernel-pilot-clean/analysis_outputs/four_arch_matched_compute_frontier_kernel_2026_08_15/krr_learning_curves_residual.csv
GemNet-OC,matched-compute-HIGH,HIGH,256,64,ridgeless,0.0,residual,1.093688730531194,1.1324534838976636,20,dev-equivariant-scaling-laws-kernel-pilot-clean/analysis_outputs/four_arch_matched_compute_frontier_kernel_2026_08_15/krr_learning_curves_residual.csv
GemNet-OC,matched-compute-HIGH,HIGH,256,96,rho_1e-4,0.0001,residual,1.069886508778278,1.095749024990805,20,dev-equivariant-scaling-laws-kernel-pilot-clean/analysis_outputs/four_arch_matched_compute_frontier_kernel_2026_08_15/krr_learning_curves_residual.csv
GemNet-OC,matched-compute-HIGH,HIGH,256,96,rho_1e-6,1e-06,residual,1.071127157485411,1.0938897271638932,20,dev-equivariant-scaling-laws-kernel-pilot-clean/analysis_outputs/four_arch_matched_compute_frontier_kernel_2026_08_15/krr_learning_curves_residual.csv
GemNet-OC,matched-compute-HIGH,HIGH,256,96,rho_1e-8,1e-08,residual,1.0643041102796371,1.0959360449323676,20,dev-equivariant-scaling-laws-kernel-pilot-clean/analysis_outputs/four_arch_matched_compute_frontier_kernel_2026_08_15/krr_learning_curves_residual.csv
GemNet-OC,matched-compute-HIGH,HIGH,256,96,ridgeless,0.0,residual,1.0806510058680723,1.11765925608353,20,dev-equivariant-scaling-laws-kernel-pilot-clean/analysis_outputs/four_arch_matched_compute_frontier_kernel_2026_08_15/krr_learning_curves_residual.csv
GemNet-OC,matched-compute-HIGH,HIGH,256,128,rho_1e-4,0.0001,residual,1.0929555837056237,1.1078719001195754,20,dev-equivariant-scaling-laws-kernel-pilot-clean/analysis_outputs/four_arch_matched_compute_frontier_kernel_2026_08_15/krr_learning_curves_residual.csv
GemNet-OC,matched-compute-HIGH,HIGH,256,128,rho_1e-6,1e-06,residual,1.0949218092921855,1.1067434011919617,20,dev-equivariant-scaling-laws-kernel-pilot-clean/analysis_outputs/four_arch_matched_compute_frontier_kernel_2026_08_15/krr_learning_curves_residual.csv
GemNet-OC,matched-compute-HIGH,HIGH,256,128,rho_1e-8,1e-08,residual,1.09755060514783,1.1101530381419187,20,dev-equivariant-scaling-laws-kernel-pilot-clean/analysis_outputs/four_arch_matched_compute_frontier_kernel_2026_08_15/krr_learning_curves_residual.csv
GemNet-OC,matched-compute-HIGH,HIGH,256,128,ridgeless,0.0,residual,1.1066449821932267,1.128444095635769,20,dev-equivariant-scaling-laws-kernel-pilot-clean/analysis_outputs/four_arch_matched_compute_frontier_kernel_2026_08_15/krr_learning_curves_residual.csv
GemNet-OC,matched-compute-LOW,LOW,256,8,rho_1e-4,0.0001,residual,1.0896833152648588,1.128994908957043,20,dev-equivariant-scaling-laws-kernel-pilot-clean/analysis_outputs/four_arch_matched_compute_frontier_kernel_2026_08_15/krr_learning_curves_residual.csv
GemNet-OC,matched-compute-LOW,LOW,256,8,rho_1e-6,1e-06,residual,1.0934462343265703,1.1376704450532193,20,dev-equivariant-scaling-laws-kernel-pilot-clean/analysis_outputs/four_arch_matched_compute_frontier_kernel_2026_08_15/krr_learning_curves_residual.csv
GemNet-OC,matched-compute-LOW,LOW,256,8,rho_1e-8,1e-08,residual,1.1064059243933115,1.1424532484642929,20,dev-equivariant-scaling-laws-kernel-pilot-clean/analysis_outputs/four_arch_matched_compute_frontier_kernel_2026_08_15/krr_learning_curves_residual.csv
GemNet-OC,matched-compute-LOW,LOW,256,8,ridgeless,0.0,residual,1.1064063562223314,1.1438166232079408,20,dev-equivariant-scaling-laws-kernel-pilot-clean/analysis_outputs/four_arch_matched_compute_frontier_kernel_2026_08_15/krr_learning_curves_residual.csv
GemNet-OC,matched-compute-LOW,LOW,256,16,rho_1e-4,0.0001,residual,1.1158475956481917,1.1328743633949525,20,dev-equivariant-scaling-laws-kernel-pilot-clean/analysis_outputs/four_arch_matched_compute_frontier_kernel_2026_08_15/krr_learning_curves_residual.csv
GemNet-OC,matched-compute-LOW,LOW,256,16,rho_1e-6,1e-06,residual,1.1275297448625579,1.1464559274457258,20,dev-equivariant-scaling-laws-kernel-pilot-clean/analysis_outputs/four_arch_matched_compute_frontier_kernel_2026_08_15/krr_learning_curves_residual.csv
GemNet-OC,matched-compute-LOW,LOW,256,16,rho_1e-8,1e-08,residual,1.1158331265749208,1.1500819585858295,20,dev-equivariant-scaling-laws-kernel-pilot-clean/analysis_outputs/four_arch_matched_compute_frontier_kernel_2026_08_15/krr_learning_curves_residual.csv
GemNet-OC,matched-compute-LOW,LOW,256,16,ridgeless,0.0,residual,1.1128001215155003,1.1505397812462437,20,dev-equivariant-scaling-laws-kernel-pilot-clean/analysis_outputs/four_arch_matched_compute_frontier_kernel_2026_08_15/krr_learning_curves_residual.csv
GemNet-OC,matched-compute-LOW,LOW,256,32,rho_1e-4,0.0001,residual,1.260671872951436,1.2774488106657134,20,dev-equivariant-scaling-laws-kernel-pilot-clean/analysis_outputs/four_arch_matched_compute_frontier_kernel_2026_08_15/krr_learning_curves_residual.csv
GemNet-OC,matched-compute-LOW,LOW,256,32,rho_1e-6,1e-06,residual,1.2829952361585888,1.291034509544802,20,dev-equivariant-scaling-laws-kernel-pilot-clean/analysis_outputs/four_arch_matched_compute_frontier_kernel_2026_08_15/krr_learning_curves_residual.csv
GemNet-OC,matched-compute-LOW,LOW,256,32,rho_1e-8,1e-08,residual,1.2833915034293493,1.2926317373153158,20,dev-equivariant-scaling-laws-kernel-pilot-clean/analysis_outputs/four_arch_matched_compute_frontier_kernel_2026_08_15/krr_learning_curves_residual.csv
GemNet-OC,matched-compute-LOW,LOW,256,32,ridgeless,0.0,residual,1.2833955389948044,1.2935948591491357,20,dev-equivariant-scaling-laws-kernel-pilot-clean/analysis_outputs/four_arch_matched_compute_frontier_kernel_2026_08_15/krr_learning_curves_residual.csv
GemNet-OC,matched-compute-LOW,LOW,256,64,rho_1e-4,0.0001,residual,1.3134535940913126,1.32144553209959,20,dev-equivariant-scaling-laws-kernel-pilot-clean/analysis_outputs/four_arch_matched_compute_frontier_kernel_2026_08_15/krr_learning_curves_residual.csv
GemNet-OC,matched-compute-LOW,LOW,256,64,rho_1e-6,1e-06,residual,1.331119878969289,1.3298253983485842,20,dev-equivariant-scaling-laws-kernel-pilot-clean/analysis_outputs/four_arch_matched_compute_frontier_kernel_2026_08_15/krr_learning_curves_residual.csv
GemNet-OC,matched-compute-LOW,LOW,256,64,rho_1e-8,1e-08,residual,1.3334289792642537,1.3317225815788312,20,dev-equivariant-scaling-laws-kernel-pilot-clean/analysis_outputs/four_arch_matched_compute_frontier_kernel_2026_08_15/krr_learning_curves_residual.csv
GemNet-OC,matched-compute-LOW,LOW,256,64,ridgeless,0.0,residual,1.3351658072993167,1.3345105511643904,20,dev-equivariant-scaling-laws-kernel-pilot-clean/analysis_outputs/four_arch_matched_compute_frontier_kernel_2026_08_15/krr_learning_curves_residual.csv
GemNet-OC,matched-compute-LOW,LOW,256,96,rho_1e-4,0.0001,residual,1.2812770145415695,1.3540850587779318,20,dev-equivariant-scaling-laws-kernel-pilot-clean/analysis_outputs/four_arch_matched_compute_frontier_kernel_2026_08_15/krr_learning_curves_residual.csv
GemNet-OC,matched-compute-LOW,LOW,256,96,rho_1e-6,1e-06,residual,1.294169817929962,1.3688329517343527,20,dev-equivariant-scaling-laws-kernel-pilot-clean/analysis_outputs/four_arch_matched_compute_frontier_kernel_2026_08_15/krr_learning_curves_residual.csv
GemNet-OC,matched-compute-LOW,LOW,256,96,rho_1e-8,1e-08,residual,1.3059145582881475,1.3698605262781296,20,dev-equivariant-scaling-laws-kernel-pilot-clean/analysis_outputs/four_arch_matched_compute_frontier_kernel_2026_08_15/krr_learning_curves_residual.csv
GemNet-OC,matched-compute-LOW,LOW,256,96,ridgeless,0.0,residual,1.3224852953910273,1.3740319633410503,20,dev-equivariant-scaling-laws-kernel-pilot-clean/analysis_outputs/four_arch_matched_compute_frontier_kernel_2026_08_15/krr_learning_curves_residual.csv
GemNet-OC,matched-compute-LOW,LOW,256,128,rho_1e-4,0.0001,residual,1.3117570975575723,1.387757413659276,20,dev-equivariant-scaling-laws-kernel-pilot-clean/analysis_outputs/four_arch_matched_compute_frontier_kernel_2026_08_15/krr_learning_curves_residual.csv
GemNet-OC,matched-compute-LOW,LOW,256,128,rho_1e-6,1e-06,residual,1.3302697553535214,1.403421832383982,20,dev-equivariant-scaling-laws-kernel-pilot-clean/analysis_outputs/four_arch_matched_compute_frontier_kernel_2026_08_15/krr_learning_curves_residual.csv
GemNet-OC,matched-compute-LOW,LOW,256,128,rho_1e-8,1e-08,residual,1.3343779321590548,1.4082901225936828,20,dev-equivariant-scaling-laws-kernel-pilot-clean/analysis_outputs/four_arch_matched_compute_frontier_kernel_2026_08_15/krr_learning_curves_residual.csv
GemNet-OC,matched-compute-LOW,LOW,256,128,ridgeless,0.0,residual,1.334450104054531,1.4112507083602854,20,dev-equivariant-scaling-laws-kernel-pilot-clean/analysis_outputs/four_arch_matched_compute_frontier_kernel_2026_08_15/krr_learning_curves_residual.csv
GemNet-OC,matched-compute-MID,MID,256,8,rho_1e-4,0.0001,residual,1.0233936175725555,1.0541346176180089,20,dev-equivariant-scaling-laws-kernel-pilot-clean/analysis_outputs/four_arch_matched_compute_frontier_kernel_2026_08_15/krr_learning_curves_residual.csv
GemNet-OC,matched-compute-MID,MID,256,8,rho_1e-6,1e-06,residual,1.0347618579986144,1.059436356179272,20,dev-equivariant-scaling-laws-kernel-pilot-clean/analysis_outputs/four_arch_matched_compute_frontier_kernel_2026_08_15/krr_learning_curves_residual.csv
GemNet-OC,matched-compute-MID,MID,256,8,rho_1e-8,1e-08,residual,1.0624203853486551,1.073522096163253,20,dev-equivariant-scaling-laws-kernel-pilot-clean/analysis_outputs/four_arch_matched_compute_frontier_kernel_2026_08_15/krr_learning_curves_residual.csv
GemNet-OC,matched-compute-MID,MID,256,8,ridgeless,0.0,residual,1.0624204209732853,1.0806622966837294,20,dev-equivariant-scaling-laws-kernel-pilot-clean/analysis_outputs/four_arch_matched_compute_frontier_kernel_2026_08_15/krr_learning_curves_residual.csv
GemNet-OC,matched-compute-MID,MID,256,16,rho_1e-4,0.0001,residual,1.0913340507557332,1.0934395358123223,20,dev-equivariant-scaling-laws-kernel-pilot-clean/analysis_outputs/four_arch_matched_compute_frontier_kernel_2026_08_15/krr_learning_curves_residual.csv
GemNet-OC,matched-compute-MID,MID,256,16,rho_1e-6,1e-06,residual,1.093469934727327,1.0945324129502307,20,dev-equivariant-scaling-laws-kernel-pilot-clean/analysis_outputs/four_arch_matched_compute_frontier_kernel_2026_08_15/krr_learning_curves_residual.csv
GemNet-OC,matched-compute-MID,MID,256,16,rho_1e-8,1e-08,residual,1.0992213422139723,1.1042878222015937,20,dev-equivariant-scaling-laws-kernel-pilot-clean/analysis_outputs/four_arch_matched_compute_frontier_kernel_2026_08_15/krr_learning_curves_residual.csv
GemNet-OC,matched-compute-MID,MID,256,16,ridgeless,0.0,residual,1.0992213742098493,1.1131929656167947,20,dev-equivariant-scaling-laws-kernel-pilot-clean/analysis_outputs/four_arch_matched_compute_frontier_kernel_2026_08_15/krr_learning_curves_residual.csv
GemNet-OC,matched-compute-MID,MID,256,32,rho_1e-4,0.0001,residual,1.0895991529412803,1.1238281176960534,20,dev-equivariant-scaling-laws-kernel-pilot-clean/analysis_outputs/four_arch_matched_compute_frontier_kernel_2026_08_15/krr_learning_curves_residual.csv
GemNet-OC,matched-compute-MID,MID,256,32,rho_1e-6,1e-06,residual,1.0983162907518143,1.1282820527981587,20,dev-equivariant-scaling-laws-kernel-pilot-clean/analysis_outputs/four_arch_matched_compute_frontier_kernel_2026_08_15/krr_learning_curves_residual.csv
GemNet-OC,matched-compute-MID,MID,256,32,rho_1e-8,1e-08,residual,1.1130127292391778,1.1439615020475462,20,dev-equivariant-scaling-laws-kernel-pilot-clean/analysis_outputs/four_arch_matched_compute_frontier_kernel_2026_08_15/krr_learning_curves_residual.csv
GemNet-OC,matched-compute-MID,MID,256,32,ridgeless,0.0,residual,1.1380169779495963,1.1604166263732663,20,dev-equivariant-scaling-laws-kernel-pilot-clean/analysis_outputs/four_arch_matched_compute_frontier_kernel_2026_08_15/krr_learning_curves_residual.csv
GemNet-OC,matched-compute-MID,MID,256,64,rho_1e-4,0.0001,residual,1.100458760698124,1.169420628268116,20,dev-equivariant-scaling-laws-kernel-pilot-clean/analysis_outputs/four_arch_matched_compute_frontier_kernel_2026_08_15/krr_learning_curves_residual.csv
GemNet-OC,matched-compute-MID,MID,256,64,rho_1e-6,1e-06,residual,1.099073318565742,1.177913145435754,20,dev-equivariant-scaling-laws-kernel-pilot-clean/analysis_outputs/four_arch_matched_compute_frontier_kernel_2026_08_15/krr_learning_curves_residual.csv
GemNet-OC,matched-compute-MID,MID,256,64,rho_1e-8,1e-08,residual,1.129672886325579,1.1969613809340116,20,dev-equivariant-scaling-laws-kernel-pilot-clean/analysis_outputs/four_arch_matched_compute_frontier_kernel_2026_08_15/krr_learning_curves_residual.csv
GemNet-OC,matched-compute-MID,MID,256,64,ridgeless,0.0,residual,1.1856393659045215,1.2178489473478473,20,dev-equivariant-scaling-laws-kernel-pilot-clean/analysis_outputs/four_arch_matched_compute_frontier_kernel_2026_08_15/krr_learning_curves_residual.csv
GemNet-OC,matched-compute-MID,MID,256,96,rho_1e-4,0.0001,residual,1.133028500737248,1.2046439567363503,20,dev-equivariant-scaling-laws-kernel-pilot-clean/analysis_outputs/four_arch_matched_compute_frontier_kernel_2026_08_15/krr_learning_curves_residual.csv
GemNet-OC,matched-compute-MID,MID,256,96,rho_1e-6,1e-06,residual,1.1522460124376193,1.2144637884797276,20,dev-equivariant-scaling-laws-kernel-pilot-clean/analysis_outputs/four_arch_matched_compute_frontier_kernel_2026_08_15/krr_learning_curves_residual.csv
GemNet-OC,matched-compute-MID,MID,256,96,rho_1e-8,1e-08,residual,1.198132449463309,1.2339060299945839,20,dev-equivariant-scaling-laws-kernel-pilot-clean/analysis_outputs/four_arch_matched_compute_frontier_kernel_2026_08_15/krr_learning_curves_residual.csv
GemNet-OC,matched-compute-MID,MID,256,96,ridgeless,0.0,residual,1.2174044691520531,1.2605274040541259,20,dev-equivariant-scaling-laws-kernel-pilot-clean/analysis_outputs/four_arch_matched_compute_frontier_kernel_2026_08_15/krr_learning_curves_residual.csv
GemNet-OC,matched-compute-MID,MID,256,128,rho_1e-4,0.0001,residual,1.171975403511528,1.2373263923718585,20,dev-equivariant-scaling-laws-kernel-pilot-clean/analysis_outputs/four_arch_matched_compute_frontier_kernel_2026_08_15/krr_learning_curves_residual.csv
GemNet-OC,matched-compute-MID,MID,256,128,rho_1e-6,1e-06,residual,1.1899094647478015,1.245995696275021,20,dev-equivariant-scaling-laws-kernel-pilot-clean/analysis_outputs/four_arch_matched_compute_frontier_kernel_2026_08_15/krr_learning_curves_residual.csv
GemNet-OC,matched-compute-MID,MID,256,128,rho_1e-8,1e-08,residual,1.2334038938996694,1.2713034133429677,20,dev-equivariant-scaling-laws-kernel-pilot-clean/analysis_outputs/four_arch_matched_compute_frontier_kernel_2026_08_15/krr_learning_curves_residual.csv
GemNet-OC,matched-compute-MID,MID,256,128,ridgeless,0.0,residual,1.2781654587631084,1.3002399075044662,20,dev-equivariant-scaling-laws-kernel-pilot-clean/analysis_outputs/four_arch_matched_compute_frontier_kernel_2026_08_15/krr_learning_curves_residual.csv
MC-EGNN,matched-compute-HIGH,HIGH,256,8,rho_1e-4,0.0001,residual,1.0228935892124653,0.9989156053103102,20,dev-equivariant-scaling-laws-kernel-pilot-clean/analysis_outputs/four_arch_matched_compute_frontier_kernel_2026_08_15/krr_learning_curves_residual.csv
MC-EGNN,matched-compute-HIGH,HIGH,256,8,rho_1e-6,1e-06,residual,1.025120202956355,0.9986848493529024,20,dev-equivariant-scaling-laws-kernel-pilot-clean/analysis_outputs/four_arch_matched_compute_frontier_kernel_2026_08_15/krr_learning_curves_residual.csv
MC-EGNN,matched-compute-HIGH,HIGH,256,8,rho_1e-8,1e-08,residual,1.0251709877200121,0.9973484641948154,20,dev-equivariant-scaling-laws-kernel-pilot-clean/analysis_outputs/four_arch_matched_compute_frontier_kernel_2026_08_15/krr_learning_curves_residual.csv
MC-EGNN,matched-compute-HIGH,HIGH,256,8,ridgeless,0.0,residual,1.025171506374146,1.0022120148201472,20,dev-equivariant-scaling-laws-kernel-pilot-clean/analysis_outputs/four_arch_matched_compute_frontier_kernel_2026_08_15/krr_learning_curves_residual.csv
MC-EGNN,matched-compute-HIGH,HIGH,256,16,rho_1e-4,0.0001,residual,1.0285842491896955,0.992578466453458,20,dev-equivariant-scaling-laws-kernel-pilot-clean/analysis_outputs/four_arch_matched_compute_frontier_kernel_2026_08_15/krr_learning_curves_residual.csv
MC-EGNN,matched-compute-HIGH,HIGH,256,16,rho_1e-6,1e-06,residual,1.034988287401502,0.988189761332548,20,dev-equivariant-scaling-laws-kernel-pilot-clean/analysis_outputs/four_arch_matched_compute_frontier_kernel_2026_08_15/krr_learning_curves_residual.csv
MC-EGNN,matched-compute-HIGH,HIGH,256,16,rho_1e-8,1e-08,residual,1.0350750170190002,0.9885287769342795,20,dev-equivariant-scaling-laws-kernel-pilot-clean/analysis_outputs/four_arch_matched_compute_frontier_kernel_2026_08_15/krr_learning_curves_residual.csv
MC-EGNN,matched-compute-HIGH,HIGH,256,16,ridgeless,0.0,residual,1.0350759663769564,0.9896515745604726,20,dev-equivariant-scaling-laws-kernel-pilot-clean/analysis_outputs/four_arch_matched_compute_frontier_kernel_2026_08_15/krr_learning_curves_residual.csv
MC-EGNN,matched-compute-HIGH,HIGH,256,32,rho_1e-4,0.0001,residual,1.044152118414012,1.0677022260225086,20,dev-equivariant-scaling-laws-kernel-pilot-clean/analysis_outputs/four_arch_matched_compute_frontier_kernel_2026_08_15/krr_learning_curves_residual.csv
MC-EGNN,matched-compute-HIGH,HIGH,256,32,rho_1e-6,1e-06,residual,1.060076773516809,1.0660673972062447,20,dev-equivariant-scaling-laws-kernel-pilot-clean/analysis_outputs/four_arch_matched_compute_frontier_kernel_2026_08_15/krr_learning_curves_residual.csv
MC-EGNN,matched-compute-HIGH,HIGH,256,32,rho_1e-8,1e-08,residual,1.0609770188466277,1.0737638128363947,20,dev-equivariant-scaling-laws-kernel-pilot-clean/analysis_outputs/four_arch_matched_compute_frontier_kernel_2026_08_15/krr_learning_curves_residual.csv
MC-EGNN,matched-compute-HIGH,HIGH,256,32,ridgeless,0.0,residual,1.0609795951883667,1.0672122528363932,20,dev-equivariant-scaling-laws-kernel-pilot-clean/analysis_outputs/four_arch_matched_compute_frontier_kernel_2026_08_15/krr_learning_curves_residual.csv
MC-EGNN,matched-compute-HIGH,HIGH,256,64,rho_1e-4,0.0001,residual,1.128126986112994,1.1460867572673448,20,dev-equivariant-scaling-laws-kernel-pilot-clean/analysis_outputs/four_arch_matched_compute_frontier_kernel_2026_08_15/krr_learning_curves_residual.csv
MC-EGNN,matched-compute-HIGH,HIGH,256,64,rho_1e-6,1e-06,residual,1.114843555755757,1.1453520263183248,20,dev-equivariant-scaling-laws-kernel-pilot-clean/analysis_outputs/four_arch_matched_compute_frontier_kernel_2026_08_15/krr_learning_curves_residual.csv
MC-EGNN,matched-compute-HIGH,HIGH,256,64,rho_1e-8,1e-08,residual,1.1042792537272452,1.164762206189424,20,dev-equivariant-scaling-laws-kernel-pilot-clean/analysis_outputs/four_arch_matched_compute_frontier_kernel_2026_08_15/krr_learning_curves_residual.csv
MC-EGNN,matched-compute-HIGH,HIGH,256,64,ridgeless,0.0,residual,1.1058009391400456,1.1536540748469886,20,dev-equivariant-scaling-laws-kernel-pilot-clean/analysis_outputs/four_arch_matched_compute_frontier_kernel_2026_08_15/krr_learning_curves_residual.csv
MC-EGNN,matched-compute-HIGH,HIGH,256,96,rho_1e-4,0.0001,residual,1.1210865780463481,1.154278660395993,20,dev-equivariant-scaling-laws-kernel-pilot-clean/analysis_outputs/four_arch_matched_compute_frontier_kernel_2026_08_15/krr_learning_curves_residual.csv
MC-EGNN,matched-compute-HIGH,HIGH,256,96,rho_1e-6,1e-06,residual,1.1290176905080016,1.150057049007702,20,dev-equivariant-scaling-laws-kernel-pilot-clean/analysis_outputs/four_arch_matched_compute_frontier_kernel_2026_08_15/krr_learning_curves_residual.csv
MC-EGNN,matched-compute-HIGH,HIGH,256,96,rho_1e-8,1e-08,residual,1.1327653980145413,1.1708316145159374,20,dev-equivariant-scaling-laws-kernel-pilot-clean/analysis_outputs/four_arch_matched_compute_frontier_kernel_2026_08_15/krr_learning_curves_residual.csv
MC-EGNN,matched-compute-HIGH,HIGH,256,96,ridgeless,0.0,residual,1.1329241844448479,1.161672719287687,20,dev-equivariant-scaling-laws-kernel-pilot-clean/analysis_outputs/four_arch_matched_compute_frontier_kernel_2026_08_15/krr_learning_curves_residual.csv
MC-EGNN,matched-compute-HIGH,HIGH,256,128,rho_1e-4,0.0001,residual,1.1810189424585076,1.2680848582060786,20,dev-equivariant-scaling-laws-kernel-pilot-clean/analysis_outputs/four_arch_matched_compute_frontier_kernel_2026_08_15/krr_learning_curves_residual.csv
MC-EGNN,matched-compute-HIGH,HIGH,256,128,rho_1e-6,1e-06,residual,1.224998856884631,1.2560634585669266,20,dev-equivariant-scaling-laws-kernel-pilot-clean/analysis_outputs/four_arch_matched_compute_frontier_kernel_2026_08_15/krr_learning_curves_residual.csv
MC-EGNN,matched-compute-HIGH,HIGH,256,128,rho_1e-8,1e-08,residual,1.227121456819439,1.276417924663249,20,dev-equivariant-scaling-laws-kernel-pilot-clean/analysis_outputs/four_arch_matched_compute_frontier_kernel_2026_08_15/krr_learning_curves_residual.csv
MC-EGNN,matched-compute-HIGH,HIGH,256,128,ridgeless,0.0,residual,1.2160173214961136,1.2581578192191136,20,dev-equivariant-scaling-laws-kernel-pilot-clean/analysis_outputs/four_arch_matched_compute_frontier_kernel_2026_08_15/krr_learning_curves_residual.csv
MC-EGNN,matched-compute-LOW,LOW,256,8,rho_1e-4,0.0001,residual,1.0739673128704421,1.1215170490997992,20,dev-equivariant-scaling-laws-kernel-pilot-clean/analysis_outputs/four_arch_matched_compute_frontier_kernel_2026_08_15/krr_learning_curves_residual.csv
MC-EGNN,matched-compute-LOW,LOW,256,8,rho_1e-6,1e-06,residual,1.0846412163225816,1.1258106424215713,20,dev-equivariant-scaling-laws-kernel-pilot-clean/analysis_outputs/four_arch_matched_compute_frontier_kernel_2026_08_15/krr_learning_curves_residual.csv
MC-EGNN,matched-compute-LOW,LOW,256,8,rho_1e-8,1e-08,residual,1.0847098302810232,1.124152977167683,20,dev-equivariant-scaling-laws-kernel-pilot-clean/analysis_outputs/four_arch_matched_compute_frontier_kernel_2026_08_15/krr_learning_curves_residual.csv
MC-EGNN,matched-compute-LOW,LOW,256,8,ridgeless,0.0,residual,1.0847105258952436,1.124058922288505,20,dev-equivariant-scaling-laws-kernel-pilot-clean/analysis_outputs/four_arch_matched_compute_frontier_kernel_2026_08_15/krr_learning_curves_residual.csv
MC-EGNN,matched-compute-LOW,LOW,256,16,rho_1e-4,0.0001,residual,1.1901878965129495,1.1856959231446564,20,dev-equivariant-scaling-laws-kernel-pilot-clean/analysis_outputs/four_arch_matched_compute_frontier_kernel_2026_08_15/krr_learning_curves_residual.csv
MC-EGNN,matched-compute-LOW,LOW,256,16,rho_1e-6,1e-06,residual,1.1988804152451702,1.1891903849864311,20,dev-equivariant-scaling-laws-kernel-pilot-clean/analysis_outputs/four_arch_matched_compute_frontier_kernel_2026_08_15/krr_learning_curves_residual.csv
MC-EGNN,matched-compute-LOW,LOW,256,16,rho_1e-8,1e-08,residual,1.2004178356781445,1.188148745773887,20,dev-equivariant-scaling-laws-kernel-pilot-clean/analysis_outputs/four_arch_matched_compute_frontier_kernel_2026_08_15/krr_learning_curves_residual.csv
MC-EGNN,matched-compute-LOW,LOW,256,16,ridgeless,0.0,residual,1.2004339886974151,1.1879644891607268,20,dev-equivariant-scaling-laws-kernel-pilot-clean/analysis_outputs/four_arch_matched_compute_frontier_kernel_2026_08_15/krr_learning_curves_residual.csv
MC-EGNN,matched-compute-LOW,LOW,256,32,rho_1e-4,0.0001,residual,1.155891968758246,1.1963358525187227,20,dev-equivariant-scaling-laws-kernel-pilot-clean/analysis_outputs/four_arch_matched_compute_frontier_kernel_2026_08_15/krr_learning_curves_residual.csv
MC-EGNN,matched-compute-LOW,LOW,256,32,rho_1e-6,1e-06,residual,1.1659536457199686,1.2144087577948102,20,dev-equivariant-scaling-laws-kernel-pilot-clean/analysis_outputs/four_arch_matched_compute_frontier_kernel_2026_08_15/krr_learning_curves_residual.csv
MC-EGNN,matched-compute-LOW,LOW,256,32,rho_1e-8,1e-08,residual,1.1702401122503228,1.2155054519088422,20,dev-equivariant-scaling-laws-kernel-pilot-clean/analysis_outputs/four_arch_matched_compute_frontier_kernel_2026_08_15/krr_learning_curves_residual.csv
MC-EGNN,matched-compute-LOW,LOW,256,32,ridgeless,0.0,residual,1.1703063944968646,1.2172461748593792,20,dev-equivariant-scaling-laws-kernel-pilot-clean/analysis_outputs/four_arch_matched_compute_frontier_kernel_2026_08_15/krr_learning_curves_residual.csv
MC-EGNN,matched-compute-LOW,LOW,256,64,rho_1e-4,0.0001,residual,1.1663886771502723,1.2060131129854852,20,dev-equivariant-scaling-laws-kernel-pilot-clean/analysis_outputs/four_arch_matched_compute_frontier_kernel_2026_08_15/krr_learning_curves_residual.csv
MC-EGNN,matched-compute-LOW,LOW,256,64,rho_1e-6,1e-06,residual,1.211315401627278,1.2572666605648712,20,dev-equivariant-scaling-laws-kernel-pilot-clean/analysis_outputs/four_arch_matched_compute_frontier_kernel_2026_08_15/krr_learning_curves_residual.csv
MC-EGNN,matched-compute-LOW,LOW,256,64,rho_1e-8,1e-08,residual,1.2198187082831948,1.2579688019181114,20,dev-equivariant-scaling-laws-kernel-pilot-clean/analysis_outputs/four_arch_matched_compute_frontier_kernel_2026_08_15/krr_learning_curves_residual.csv
MC-EGNN,matched-compute-LOW,LOW,256,64,ridgeless,0.0,residual,1.220062178146795,1.2570284858798533,20,dev-equivariant-scaling-laws-kernel-pilot-clean/analysis_outputs/four_arch_matched_compute_frontier_kernel_2026_08_15/krr_learning_curves_residual.csv
MC-EGNN,matched-compute-LOW,LOW,256,96,rho_1e-4,0.0001,residual,1.2043531348269954,1.2001759831348633,20,dev-equivariant-scaling-laws-kernel-pilot-clean/analysis_outputs/four_arch_matched_compute_frontier_kernel_2026_08_15/krr_learning_curves_residual.csv
MC-EGNN,matched-compute-LOW,LOW,256,96,rho_1e-6,1e-06,residual,1.228895105273895,1.2551793696697258,20,dev-equivariant-scaling-laws-kernel-pilot-clean/analysis_outputs/four_arch_matched_compute_frontier_kernel_2026_08_15/krr_learning_curves_residual.csv
MC-EGNN,matched-compute-LOW,LOW,256,96,rho_1e-8,1e-08,residual,1.237016873564587,1.2578801659521006,20,dev-equivariant-scaling-laws-kernel-pilot-clean/analysis_outputs/four_arch_matched_compute_frontier_kernel_2026_08_15/krr_learning_curves_residual.csv
MC-EGNN,matched-compute-LOW,LOW,256,96,ridgeless,0.0,residual,1.2296670217656926,1.259624129488856,20,dev-equivariant-scaling-laws-kernel-pilot-clean/analysis_outputs/four_arch_matched_compute_frontier_kernel_2026_08_15/krr_learning_curves_residual.csv
MC-EGNN,matched-compute-LOW,LOW,256,128,rho_1e-4,0.0001,residual,1.1745468433575434,1.1968197262180458,20,dev-equivariant-scaling-laws-kernel-pilot-clean/analysis_outputs/four_arch_matched_compute_frontier_kernel_2026_08_15/krr_learning_curves_residual.csv
MC-EGNN,matched-compute-LOW,LOW,256,128,rho_1e-6,1e-06,residual,1.2227334003164136,1.2570935281830742,20,dev-equivariant-scaling-laws-kernel-pilot-clean/analysis_outputs/four_arch_matched_compute_frontier_kernel_2026_08_15/krr_learning_curves_residual.csv
MC-EGNN,matched-compute-LOW,LOW,256,128,rho_1e-8,1e-08,residual,1.2303361928082048,1.2643092084479355,20,dev-equivariant-scaling-laws-kernel-pilot-clean/analysis_outputs/four_arch_matched_compute_frontier_kernel_2026_08_15/krr_learning_curves_residual.csv
MC-EGNN,matched-compute-LOW,LOW,256,128,ridgeless,0.0,residual,1.2298518530821552,1.266374156819568,20,dev-equivariant-scaling-laws-kernel-pilot-clean/analysis_outputs/four_arch_matched_compute_frontier_kernel_2026_08_15/krr_learning_curves_residual.csv
MC-EGNN,matched-compute-MID,MID,256,8,rho_1e-4,0.0001,residual,1.0214153986504386,1.0534675815860717,20,dev-equivariant-scaling-laws-kernel-pilot-clean/analysis_outputs/four_arch_matched_compute_frontier_kernel_2026_08_15/krr_learning_curves_residual.csv
MC-EGNN,matched-compute-MID,MID,256,8,rho_1e-6,1e-06,residual,1.0199653353107636,1.0550688027362336,20,dev-equivariant-scaling-laws-kernel-pilot-clean/analysis_outputs/four_arch_matched_compute_frontier_kernel_2026_08_15/krr_learning_curves_residual.csv
MC-EGNN,matched-compute-MID,MID,256,8,rho_1e-8,1e-08,residual,1.0199285654308183,1.0512218626853742,20,dev-equivariant-scaling-laws-kernel-pilot-clean/analysis_outputs/four_arch_matched_compute_frontier_kernel_2026_08_15/krr_learning_curves_residual.csv
MC-EGNN,matched-compute-MID,MID,256,8,ridgeless,0.0,residual,1.0199281914879634,1.0505440487597335,20,dev-equivariant-scaling-laws-kernel-pilot-clean/analysis_outputs/four_arch_matched_compute_frontier_kernel_2026_08_15/krr_learning_curves_residual.csv
MC-EGNN,matched-compute-MID,MID,256,16,rho_1e-4,0.0001,residual,1.0038453233395024,1.0148569484333083,20,dev-equivariant-scaling-laws-kernel-pilot-clean/analysis_outputs/four_arch_matched_compute_frontier_kernel_2026_08_15/krr_learning_curves_residual.csv
MC-EGNN,matched-compute-MID,MID,256,16,rho_1e-6,1e-06,residual,1.0142136388213125,1.0238704385889907,20,dev-equivariant-scaling-laws-kernel-pilot-clean/analysis_outputs/four_arch_matched_compute_frontier_kernel_2026_08_15/krr_learning_curves_residual.csv
MC-EGNN,matched-compute-MID,MID,256,16,rho_1e-8,1e-08,residual,1.0196076326285626,1.0215419083813435,20,dev-equivariant-scaling-laws-kernel-pilot-clean/analysis_outputs/four_arch_matched_compute_frontier_kernel_2026_08_15/krr_learning_curves_residual.csv
MC-EGNN,matched-compute-MID,MID,256,16,ridgeless,0.0,residual,1.0197134825992307,1.0207319196302678,20,dev-equivariant-scaling-laws-kernel-pilot-clean/analysis_outputs/four_arch_matched_compute_frontier_kernel_2026_08_15/krr_learning_curves_residual.csv
MC-EGNN,matched-compute-MID,MID,256,32,rho_1e-4,0.0001,residual,0.9927722818857252,1.041629944589699,20,dev-equivariant-scaling-laws-kernel-pilot-clean/analysis_outputs/four_arch_matched_compute_frontier_kernel_2026_08_15/krr_learning_curves_residual.csv
MC-EGNN,matched-compute-MID,MID,256,32,rho_1e-6,1e-06,residual,0.9979344565748567,1.0466435948719348,20,dev-equivariant-scaling-laws-kernel-pilot-clean/analysis_outputs/four_arch_matched_compute_frontier_kernel_2026_08_15/krr_learning_curves_residual.csv
MC-EGNN,matched-compute-MID,MID,256,32,rho_1e-8,1e-08,residual,1.0085858646545491,1.0487629918843966,20,dev-equivariant-scaling-laws-kernel-pilot-clean/analysis_outputs/four_arch_matched_compute_frontier_kernel_2026_08_15/krr_learning_curves_residual.csv
MC-EGNN,matched-compute-MID,MID,256,32,ridgeless,0.0,residual,1.0148301559456674,1.0492088651594973,20,dev-equivariant-scaling-laws-kernel-pilot-clean/analysis_outputs/four_arch_matched_compute_frontier_kernel_2026_08_15/krr_learning_curves_residual.csv
MC-EGNN,matched-compute-MID,MID,256,64,rho_1e-4,0.0001,residual,1.0739829620270693,1.0852141025238815,20,dev-equivariant-scaling-laws-kernel-pilot-clean/analysis_outputs/four_arch_matched_compute_frontier_kernel_2026_08_15/krr_learning_curves_residual.csv
MC-EGNN,matched-compute-MID,MID,256,64,rho_1e-6,1e-06,residual,1.1204707072588636,1.0905144152725672,20,dev-equivariant-scaling-laws-kernel-pilot-clean/analysis_outputs/four_arch_matched_compute_frontier_kernel_2026_08_15/krr_learning_curves_residual.csv
MC-EGNN,matched-compute-MID,MID,256,64,rho_1e-8,1e-08,residual,1.1134509249736007,1.0911786205923426,20,dev-equivariant-scaling-laws-kernel-pilot-clean/analysis_outputs/four_arch_matched_compute_frontier_kernel_2026_08_15/krr_learning_curves_residual.csv
MC-EGNN,matched-compute-MID,MID,256,64,ridgeless,0.0,residual,1.1115771399286047,1.0915072574126135,20,dev-equivariant-scaling-laws-kernel-pilot-clean/analysis_outputs/four_arch_matched_compute_frontier_kernel_2026_08_15/krr_learning_curves_residual.csv
MC-EGNN,matched-compute-MID,MID,256,96,rho_1e-4,0.0001,residual,1.0236477855944315,1.038905665832726,20,dev-equivariant-scaling-laws-kernel-pilot-clean/analysis_outputs/four_arch_matched_compute_frontier_kernel_2026_08_15/krr_learning_curves_residual.csv
MC-EGNN,matched-compute-MID,MID,256,96,rho_1e-6,1e-06,residual,0.9932590632881255,1.0353399799422076,20,dev-equivariant-scaling-laws-kernel-pilot-clean/analysis_outputs/four_arch_matched_compute_frontier_kernel_2026_08_15/krr_learning_curves_residual.csv
MC-EGNN,matched-compute-MID,MID,256,96,rho_1e-8,1e-08,residual,0.9871829297316052,1.030233893015301,20,dev-equivariant-scaling-laws-kernel-pilot-clean/analysis_outputs/four_arch_matched_compute_frontier_kernel_2026_08_15/krr_learning_curves_residual.csv
MC-EGNN,matched-compute-MID,MID,256,96,ridgeless,0.0,residual,0.9958822747262832,1.0299167791654409,20,dev-equivariant-scaling-laws-kernel-pilot-clean/analysis_outputs/four_arch_matched_compute_frontier_kernel_2026_08_15/krr_learning_curves_residual.csv
MC-EGNN,matched-compute-MID,MID,256,128,rho_1e-4,0.0001,residual,1.0278040841789655,1.0221939999355631,20,dev-equivariant-scaling-laws-kernel-pilot-clean/analysis_outputs/four_arch_matched_compute_frontier_kernel_2026_08_15/krr_learning_curves_residual.csv
MC-EGNN,matched-compute-MID,MID,256,128,rho_1e-6,1e-06,residual,1.0265728691823206,1.0167942002169539,20,dev-equivariant-scaling-laws-kernel-pilot-clean/analysis_outputs/four_arch_matched_compute_frontier_kernel_2026_08_15/krr_learning_curves_residual.csv
MC-EGNN,matched-compute-MID,MID,256,128,rho_1e-8,1e-08,residual,1.0266195120620754,1.0142188690482938,20,dev-equivariant-scaling-laws-kernel-pilot-clean/analysis_outputs/four_arch_matched_compute_frontier_kernel_2026_08_15/krr_learning_curves_residual.csv
MC-EGNN,matched-compute-MID,MID,256,128,ridgeless,0.0,residual,1.0252851183736742,1.0179172014599485,20,dev-equivariant-scaling-laws-kernel-pilot-clean/analysis_outputs/four_arch_matched_compute_frontier_kernel_2026_08_15/krr_learning_curves_residual.csv
MPNN,matched-compute-HIGH,HIGH,256,8,rho_1e-4,0.0001,residual,0.996242776167185,1.019351231910732,20,dev-equivariant-scaling-laws-kernel-pilot-clean/analysis_outputs/four_arch_matched_compute_frontier_kernel_2026_08_15/krr_learning_curves_residual.csv
MPNN,matched-compute-HIGH,HIGH,256,8,rho_1e-6,1e-06,residual,0.9962422685382779,1.0193509185862624,20,dev-equivariant-scaling-laws-kernel-pilot-clean/analysis_outputs/four_arch_matched_compute_frontier_kernel_2026_08_15/krr_learning_curves_residual.csv
MPNN,matched-compute-HIGH,HIGH,256,8,rho_1e-8,1e-08,residual,0.9962422634476766,1.0193509154471072,20,dev-equivariant-scaling-laws-kernel-pilot-clean/analysis_outputs/four_arch_matched_compute_frontier_kernel_2026_08_15/krr_learning_curves_residual.csv
MPNN,matched-compute-HIGH,HIGH,256,8,ridgeless,0.0,residual,0.9962422633962548,1.019350915415398,20,dev-equivariant-scaling-laws-kernel-pilot-clean/analysis_outputs/four_arch_matched_compute_frontier_kernel_2026_08_15/krr_learning_curves_residual.csv
MPNN,matched-compute-HIGH,HIGH,256,16,rho_1e-4,0.0001,residual,0.9927116236113671,1.0039078560553887,20,dev-equivariant-scaling-laws-kernel-pilot-clean/analysis_outputs/four_arch_matched_compute_frontier_kernel_2026_08_15/krr_learning_curves_residual.csv
MPNN,matched-compute-HIGH,HIGH,256,16,rho_1e-6,1e-06,residual,0.9927114911042663,1.0039069282361306,20,dev-equivariant-scaling-laws-kernel-pilot-clean/analysis_outputs/four_arch_matched_compute_frontier_kernel_2026_08_15/krr_learning_curves_residual.csv
MPNN,matched-compute-HIGH,HIGH,256,16,rho_1e-8,1e-08,residual,0.9927114897671251,1.0039069189521617,20,dev-equivariant-scaling-laws-kernel-pilot-clean/analysis_outputs/four_arch_matched_compute_frontier_kernel_2026_08_15/krr_learning_curves_residual.csv
MPNN,matched-compute-HIGH,HIGH,256,16,ridgeless,0.0,residual,0.9927114897536172,1.0039069188583836,20,dev-equivariant-scaling-laws-kernel-pilot-clean/analysis_outputs/four_arch_matched_compute_frontier_kernel_2026_08_15/krr_learning_curves_residual.csv
MPNN,matched-compute-HIGH,HIGH,256,32,rho_1e-4,0.0001,residual,0.9881457804040149,1.0001174557639678,20,dev-equivariant-scaling-laws-kernel-pilot-clean/analysis_outputs/four_arch_matched_compute_frontier_kernel_2026_08_15/krr_learning_curves_residual.csv
MPNN,matched-compute-HIGH,HIGH,256,32,rho_1e-6,1e-06,residual,0.9881441202471137,1.000117025247982,20,dev-equivariant-scaling-laws-kernel-pilot-clean/analysis_outputs/four_arch_matched_compute_frontier_kernel_2026_08_15/krr_learning_curves_residual.csv
MPNN,matched-compute-HIGH,HIGH,256,32,rho_1e-8,1e-08,residual,0.9881441036422343,1.000117020942626,20,dev-equivariant-scaling-laws-kernel-pilot-clean/analysis_outputs/four_arch_matched_compute_frontier_kernel_2026_08_15/krr_learning_curves_residual.csv
MPNN,matched-compute-HIGH,HIGH,256,32,ridgeless,0.0,residual,0.988144103474508,1.0001170208991375,20,dev-equivariant-scaling-laws-kernel-pilot-clean/analysis_outputs/four_arch_matched_compute_frontier_kernel_2026_08_15/krr_learning_curves_residual.csv
MPNN,matched-compute-HIGH,HIGH,256,64,rho_1e-4,0.0001,residual,0.9938877057323332,0.980177605219472,20,dev-equivariant-scaling-laws-kernel-pilot-clean/analysis_outputs/four_arch_matched_compute_frontier_kernel_2026_08_15/krr_learning_curves_residual.csv
MPNN,matched-compute-HIGH,HIGH,256,64,rho_1e-6,1e-06,residual,0.99388459491264,0.9801778465984953,20,dev-equivariant-scaling-laws-kernel-pilot-clean/analysis_outputs/four_arch_matched_compute_frontier_kernel_2026_08_15/krr_learning_curves_residual.csv
MPNN,matched-compute-HIGH,HIGH,256,64,rho_1e-8,1e-08,residual,0.9938845637865621,0.9801778490368646,20,dev-equivariant-scaling-laws-kernel-pilot-clean/analysis_outputs/four_arch_matched_compute_frontier_kernel_2026_08_15/krr_learning_curves_residual.csv
MPNN,matched-compute-HIGH,HIGH,256,64,ridgeless,0.0,residual,0.9938845634721553,0.9801778490614973,20,dev-equivariant-scaling-laws-kernel-pilot-clean/analysis_outputs/four_arch_matched_compute_frontier_kernel_2026_08_15/krr_learning_curves_residual.csv
MPNN,matched-compute-HIGH,HIGH,256,96,rho_1e-4,0.0001,residual,0.9908197121549369,0.9779908512689414,20,dev-equivariant-scaling-laws-kernel-pilot-clean/analysis_outputs/four_arch_matched_compute_frontier_kernel_2026_08_15/krr_learning_curves_residual.csv
MPNN,matched-compute-HIGH,HIGH,256,96,rho_1e-6,1e-06,residual,0.9908288999025131,0.9779924526751126,20,dev-equivariant-scaling-laws-kernel-pilot-clean/analysis_outputs/four_arch_matched_compute_frontier_kernel_2026_08_15/krr_learning_curves_residual.csv
MPNN,matched-compute-HIGH,HIGH,256,96,rho_1e-8,1e-08,residual,0.9908289918360922,0.9779924687123721,20,dev-equivariant-scaling-laws-kernel-pilot-clean/analysis_outputs/four_arch_matched_compute_frontier_kernel_2026_08_15/krr_learning_curves_residual.csv
MPNN,matched-compute-HIGH,HIGH,256,96,ridgeless,0.0,residual,0.9908289927647198,0.9779924688743671,20,dev-equivariant-scaling-laws-kernel-pilot-clean/analysis_outputs/four_arch_matched_compute_frontier_kernel_2026_08_15/krr_learning_curves_residual.csv
MPNN,matched-compute-HIGH,HIGH,256,128,rho_1e-4,0.0001,residual,0.9915914437873388,0.9773771609661754,20,dev-equivariant-scaling-laws-kernel-pilot-clean/analysis_outputs/four_arch_matched_compute_frontier_kernel_2026_08_15/krr_learning_curves_residual.csv
MPNN,matched-compute-HIGH,HIGH,256,128,rho_1e-6,1e-06,residual,0.9916025890965166,0.9773803324354933,20,dev-equivariant-scaling-laws-kernel-pilot-clean/analysis_outputs/four_arch_matched_compute_frontier_kernel_2026_08_15/krr_learning_curves_residual.csv
MPNN,matched-compute-HIGH,HIGH,256,128,rho_1e-8,1e-08,residual,0.9916027005884536,0.9773803641826231,20,dev-equivariant-scaling-laws-kernel-pilot-clean/analysis_outputs/four_arch_matched_compute_frontier_kernel_2026_08_15/krr_learning_curves_residual.csv
MPNN,matched-compute-HIGH,HIGH,256,128,ridgeless,0.0,residual,0.9916027017146387,0.9773803645033043,20,dev-equivariant-scaling-laws-kernel-pilot-clean/analysis_outputs/four_arch_matched_compute_frontier_kernel_2026_08_15/krr_learning_curves_residual.csv
MPNN,matched-compute-LOW,LOW,256,8,rho_1e-4,0.0001,residual,1.0444341398779997,1.1092177140817938,20,dev-equivariant-scaling-laws-kernel-pilot-clean/analysis_outputs/four_arch_matched_compute_frontier_kernel_2026_08_15/krr_learning_curves_residual.csv
MPNN,matched-compute-LOW,LOW,256,8,rho_1e-6,1e-06,residual,1.0444478414527834,1.1092310102688019,20,dev-equivariant-scaling-laws-kernel-pilot-clean/analysis_outputs/four_arch_matched_compute_frontier_kernel_2026_08_15/krr_learning_curves_residual.csv
MPNN,matched-compute-LOW,LOW,256,8,rho_1e-8,1e-08,residual,1.0444479785321288,1.1092311432559787,20,dev-equivariant-scaling-laws-kernel-pilot-clean/analysis_outputs/four_arch_matched_compute_frontier_kernel_2026_08_15/krr_learning_curves_residual.csv
MPNN,matched-compute-LOW,LOW,256,8,ridgeless,0.0,residual,1.0444479799167752,1.109231144599286,20,dev-equivariant-scaling-laws-kernel-pilot-clean/analysis_outputs/four_arch_matched_compute_frontier_kernel_2026_08_15/krr_learning_curves_residual.csv
MPNN,matched-compute-LOW,LOW,256,16,rho_1e-4,0.0001,residual,1.0442991159078625,1.0570725129075407,20,dev-equivariant-scaling-laws-kernel-pilot-clean/analysis_outputs/four_arch_matched_compute_frontier_kernel_2026_08_15/krr_learning_curves_residual.csv
MPNN,matched-compute-LOW,LOW,256,16,rho_1e-6,1e-06,residual,1.04430972339686,1.057081244367137,20,dev-equivariant-scaling-laws-kernel-pilot-clean/analysis_outputs/four_arch_matched_compute_frontier_kernel_2026_08_15/krr_learning_curves_residual.csv
MPNN,matched-compute-LOW,LOW,256,16,rho_1e-8,1e-08,residual,1.0443098294951771,1.0570813317111079,20,dev-equivariant-scaling-laws-kernel-pilot-clean/analysis_outputs/four_arch_matched_compute_frontier_kernel_2026_08_15/krr_learning_curves_residual.csv
MPNN,matched-compute-LOW,LOW,256,16,ridgeless,0.0,residual,1.0443098305668799,1.057081332593373,20,dev-equivariant-scaling-laws-kernel-pilot-clean/analysis_outputs/four_arch_matched_compute_frontier_kernel_2026_08_15/krr_learning_curves_residual.csv
MPNN,matched-compute-LOW,LOW,256,32,rho_1e-4,0.0001,residual,1.051755520787578,1.0694152949457716,20,dev-equivariant-scaling-laws-kernel-pilot-clean/analysis_outputs/four_arch_matched_compute_frontier_kernel_2026_08_15/krr_learning_curves_residual.csv
MPNN,matched-compute-LOW,LOW,256,32,rho_1e-6,1e-06,residual,1.0517577576440862,1.0694300555065968,20,dev-equivariant-scaling-laws-kernel-pilot-clean/analysis_outputs/four_arch_matched_compute_frontier_kernel_2026_08_15/krr_learning_curves_residual.csv
MPNN,matched-compute-LOW,LOW,256,32,rho_1e-8,1e-08,residual,1.0517577799914273,1.0694302031892446,20,dev-equivariant-scaling-laws-kernel-pilot-clean/analysis_outputs/four_arch_matched_compute_frontier_kernel_2026_08_15/krr_learning_curves_residual.csv
MPNN,matched-compute-LOW,LOW,256,32,ridgeless,0.0,residual,1.051757780217156,1.069430204680996,20,dev-equivariant-scaling-laws-kernel-pilot-clean/analysis_outputs/four_arch_matched_compute_frontier_kernel_2026_08_15/krr_learning_curves_residual.csv
MPNN,matched-compute-LOW,LOW,256,64,rho_1e-4,0.0001,residual,1.0847003042694519,1.0956782810841244,20,dev-equivariant-scaling-laws-kernel-pilot-clean/analysis_outputs/four_arch_matched_compute_frontier_kernel_2026_08_15/krr_learning_curves_residual.csv
MPNN,matched-compute-LOW,LOW,256,64,rho_1e-6,1e-06,residual,1.0847450718729292,1.0957011775666765,20,dev-equivariant-scaling-laws-kernel-pilot-clean/analysis_outputs/four_arch_matched_compute_frontier_kernel_2026_08_15/krr_learning_curves_residual.csv
MPNN,matched-compute-LOW,LOW,256,64,rho_1e-8,1e-08,residual,1.0847455201719547,1.0957014067577122,20,dev-equivariant-scaling-laws-kernel-pilot-clean/analysis_outputs/four_arch_matched_compute_frontier_kernel_2026_08_15/krr_learning_curves_residual.csv
MPNN,matched-compute-LOW,LOW,256,64,ridgeless,0.0,residual,1.0847455247002906,1.0957014090727961,20,dev-equivariant-scaling-laws-kernel-pilot-clean/analysis_outputs/four_arch_matched_compute_frontier_kernel_2026_08_15/krr_learning_curves_residual.csv
MPNN,matched-compute-LOW,LOW,256,96,rho_1e-4,0.0001,residual,1.0711323316322312,1.0990735488963734,20,dev-equivariant-scaling-laws-kernel-pilot-clean/analysis_outputs/four_arch_matched_compute_frontier_kernel_2026_08_15/krr_learning_curves_residual.csv
MPNN,matched-compute-LOW,LOW,256,96,rho_1e-6,1e-06,residual,1.071204949716354,1.0991076031786136,20,dev-equivariant-scaling-laws-kernel-pilot-clean/analysis_outputs/four_arch_matched_compute_frontier_kernel_2026_08_15/krr_learning_curves_residual.csv
MPNN,matched-compute-LOW,LOW,256,96,rho_1e-8,1e-08,residual,1.0712056766629914,1.099107944223478,20,dev-equivariant-scaling-laws-kernel-pilot-clean/analysis_outputs/four_arch_matched_compute_frontier_kernel_2026_08_15/krr_learning_curves_residual.csv
MPNN,matched-compute-LOW,LOW,256,96,ridgeless,0.0,residual,1.0712056840059652,1.099107947668427,20,dev-equivariant-scaling-laws-kernel-pilot-clean/analysis_outputs/four_arch_matched_compute_frontier_kernel_2026_08_15/krr_learning_curves_residual.csv
MPNN,matched-compute-LOW,LOW,256,128,rho_1e-4,0.0001,residual,1.0966597090962,1.1279659026800102,20,dev-equivariant-scaling-laws-kernel-pilot-clean/analysis_outputs/four_arch_matched_compute_frontier_kernel_2026_08_15/krr_learning_curves_residual.csv
MPNN,matched-compute-LOW,LOW,256,128,rho_1e-6,1e-06,residual,1.0967463143859706,1.1280193895747552,20,dev-equivariant-scaling-laws-kernel-pilot-clean/analysis_outputs/four_arch_matched_compute_frontier_kernel_2026_08_15/krr_learning_curves_residual.csv
MPNN,matched-compute-LOW,LOW,256,128,rho_1e-8,1e-08,residual,1.0967471822583583,1.1280199255966608,20,dev-equivariant-scaling-laws-kernel-pilot-clean/analysis_outputs/four_arch_matched_compute_frontier_kernel_2026_08_15/krr_learning_curves_residual.csv
MPNN,matched-compute-LOW,LOW,256,128,ridgeless,0.0,residual,1.0967471910249325,1.1280199310111403,20,dev-equivariant-scaling-laws-kernel-pilot-clean/analysis_outputs/four_arch_matched_compute_frontier_kernel_2026_08_15/krr_learning_curves_residual.csv
MPNN,matched-compute-MID,MID,256,8,rho_1e-4,0.0001,residual,1.0081212897919964,1.0738272226711945,20,dev-equivariant-scaling-laws-kernel-pilot-clean/analysis_outputs/four_arch_matched_compute_frontier_kernel_2026_08_15/krr_learning_curves_residual.csv
MPNN,matched-compute-MID,MID,256,8,rho_1e-6,1e-06,residual,1.0081234748706327,1.0738343255308433,20,dev-equivariant-scaling-laws-kernel-pilot-clean/analysis_outputs/four_arch_matched_compute_frontier_kernel_2026_08_15/krr_learning_curves_residual.csv
MPNN,matched-compute-MID,MID,256,8,rho_1e-8,1e-08,residual,1.008123496725433,1.073834396569487,20,dev-equivariant-scaling-laws-kernel-pilot-clean/analysis_outputs/four_arch_matched_compute_frontier_kernel_2026_08_15/krr_learning_curves_residual.csv
MPNN,matched-compute-MID,MID,256,8,ridgeless,0.0,residual,1.0081234969461892,1.0738343972870499,20,dev-equivariant-scaling-laws-kernel-pilot-clean/analysis_outputs/four_arch_matched_compute_frontier_kernel_2026_08_15/krr_learning_curves_residual.csv
MPNN,matched-compute-MID,MID,256,16,rho_1e-4,0.0001,residual,1.0109675578262116,1.0399388202004025,20,dev-equivariant-scaling-laws-kernel-pilot-clean/analysis_outputs/four_arch_matched_compute_frontier_kernel_2026_08_15/krr_learning_curves_residual.csv
MPNN,matched-compute-MID,MID,256,16,rho_1e-6,1e-06,residual,1.0109685170804563,1.03994253697625,20,dev-equivariant-scaling-laws-kernel-pilot-clean/analysis_outputs/four_arch_matched_compute_frontier_kernel_2026_08_15/krr_learning_curves_residual.csv
MPNN,matched-compute-MID,MID,256,16,rho_1e-8,1e-08,residual,1.0109685266674753,1.039942574156367,20,dev-equivariant-scaling-laws-kernel-pilot-clean/analysis_outputs/four_arch_matched_compute_frontier_kernel_2026_08_15/krr_learning_curves_residual.csv
MPNN,matched-compute-MID,MID,256,16,ridgeless,0.0,residual,1.0109685267643136,1.0399425745319248,20,dev-equivariant-scaling-laws-kernel-pilot-clean/analysis_outputs/four_arch_matched_compute_frontier_kernel_2026_08_15/krr_learning_curves_residual.csv
MPNN,matched-compute-MID,MID,256,32,rho_1e-4,0.0001,residual,0.9941343072341344,1.0275176863187643,20,dev-equivariant-scaling-laws-kernel-pilot-clean/analysis_outputs/four_arch_matched_compute_frontier_kernel_2026_08_15/krr_learning_curves_residual.csv
MPNN,matched-compute-MID,MID,256,32,rho_1e-6,1e-06,residual,0.99413486766393,1.027520786082486,20,dev-equivariant-scaling-laws-kernel-pilot-clean/analysis_outputs/four_arch_matched_compute_frontier_kernel_2026_08_15/krr_learning_curves_residual.csv
MPNN,matched-compute-MID,MID,256,32,rho_1e-8,1e-08,residual,0.9941348732759573,1.0275208171000052,20,dev-equivariant-scaling-laws-kernel-pilot-clean/analysis_outputs/four_arch_matched_compute_frontier_kernel_2026_08_15/krr_learning_curves_residual.csv
MPNN,matched-compute-MID,MID,256,32,ridgeless,0.0,residual,0.9941348733326453,1.0275208174133155,20,dev-equivariant-scaling-laws-kernel-pilot-clean/analysis_outputs/four_arch_matched_compute_frontier_kernel_2026_08_15/krr_learning_curves_residual.csv
MPNN,matched-compute-MID,MID,256,64,rho_1e-4,0.0001,residual,1.0054709967284476,1.0214425062911112,20,dev-equivariant-scaling-laws-kernel-pilot-clean/analysis_outputs/four_arch_matched_compute_frontier_kernel_2026_08_15/krr_learning_curves_residual.csv
MPNN,matched-compute-MID,MID,256,64,rho_1e-6,1e-06,residual,1.0054663812098554,1.021449684763096,20,dev-equivariant-scaling-laws-kernel-pilot-clean/analysis_outputs/four_arch_matched_compute_frontier_kernel_2026_08_15/krr_learning_curves_residual.csv
MPNN,matched-compute-MID,MID,256,64,rho_1e-8,1e-08,residual,1.0054663350241746,1.0214497566183756,20,dev-equivariant-scaling-laws-kernel-pilot-clean/analysis_outputs/four_arch_matched_compute_frontier_kernel_2026_08_15/krr_learning_curves_residual.csv
MPNN,matched-compute-MID,MID,256,64,ridgeless,0.0,residual,1.0054663345576498,1.0214497573441934,20,dev-equivariant-scaling-laws-kernel-pilot-clean/analysis_outputs/four_arch_matched_compute_frontier_kernel_2026_08_15/krr_learning_curves_residual.csv
MPNN,matched-compute-MID,MID,256,96,rho_1e-4,0.0001,residual,1.0116312629452595,1.0206426488154494,20,dev-equivariant-scaling-laws-kernel-pilot-clean/analysis_outputs/four_arch_matched_compute_frontier_kernel_2026_08_15/krr_learning_curves_residual.csv
MPNN,matched-compute-MID,MID,256,96,rho_1e-6,1e-06,residual,1.0116434110816017,1.0206504134939116,20,dev-equivariant-scaling-laws-kernel-pilot-clean/analysis_outputs/four_arch_matched_compute_frontier_kernel_2026_08_15/krr_learning_curves_residual.csv
MPNN,matched-compute-MID,MID,256,96,rho_1e-8,1e-08,residual,1.0116435325576574,1.0206504912048495,20,dev-equivariant-scaling-laws-kernel-pilot-clean/analysis_outputs/four_arch_matched_compute_frontier_kernel_2026_08_15/krr_learning_curves_residual.csv
MPNN,matched-compute-MID,MID,256,96,ridgeless,0.0,residual,1.0116435337846879,1.0206504919898152,20,dev-equivariant-scaling-laws-kernel-pilot-clean/analysis_outputs/four_arch_matched_compute_frontier_kernel_2026_08_15/krr_learning_curves_residual.csv
MPNN,matched-compute-MID,MID,256,128,rho_1e-4,0.0001,residual,1.0114802724754055,1.0332313095358565,20,dev-equivariant-scaling-laws-kernel-pilot-clean/analysis_outputs/four_arch_matched_compute_frontier_kernel_2026_08_15/krr_learning_curves_residual.csv
MPNN,matched-compute-MID,MID,256,128,rho_1e-6,1e-06,residual,1.0114815646881397,1.033246831860539,20,dev-equivariant-scaling-laws-kernel-pilot-clean/analysis_outputs/four_arch_matched_compute_frontier_kernel_2026_08_15/krr_learning_curves_residual.csv
MPNN,matched-compute-MID,MID,256,128,rho_1e-8,1e-08,residual,1.0114815776203283,1.0332469872284453,20,dev-equivariant-scaling-laws-kernel-pilot-clean/analysis_outputs/four_arch_matched_compute_frontier_kernel_2026_08_15/krr_learning_curves_residual.csv
MPNN,matched-compute-MID,MID,256,128,ridgeless,0.0,residual,1.0114815777509576,1.0332469887978328,20,dev-equivariant-scaling-laws-kernel-pilot-clean/analysis_outputs/four_arch_matched_compute_frontier_kernel_2026_08_15/krr_learning_curves_residual.csv
eSEN,matched-compute-HIGH,HIGH,256,8,rho_1e-4,0.0001,residual,1.0540666192910497,1.131565021698059,20,dev-equivariant-scaling-laws-kernel-pilot-clean/analysis_outputs/four_arch_matched_compute_frontier_kernel_2026_08_15/krr_learning_curves_residual.csv
eSEN,matched-compute-HIGH,HIGH,256,8,rho_1e-6,1e-06,residual,1.0543445153431068,1.1320534965238447,20,dev-equivariant-scaling-laws-kernel-pilot-clean/analysis_outputs/four_arch_matched_compute_frontier_kernel_2026_08_15/krr_learning_curves_residual.csv
eSEN,matched-compute-HIGH,HIGH,256,8,rho_1e-8,1e-08,residual,1.0543472621601915,1.1320602208514885,20,dev-equivariant-scaling-laws-kernel-pilot-clean/analysis_outputs/four_arch_matched_compute_frontier_kernel_2026_08_15/krr_learning_curves_residual.csv
eSEN,matched-compute-HIGH,HIGH,256,8,ridgeless,0.0,residual,1.0543472899018167,1.1320602890581684,20,dev-equivariant-scaling-laws-kernel-pilot-clean/analysis_outputs/four_arch_matched_compute_frontier_kernel_2026_08_15/krr_learning_curves_residual.csv
eSEN,matched-compute-HIGH,HIGH,256,16,rho_1e-4,0.0001,residual,1.0907138684371755,1.1868566400732663,20,dev-equivariant-scaling-laws-kernel-pilot-clean/analysis_outputs/four_arch_matched_compute_frontier_kernel_2026_08_15/krr_learning_curves_residual.csv
eSEN,matched-compute-HIGH,HIGH,256,16,rho_1e-6,1e-06,residual,1.0912546185191814,1.187759951050246,20,dev-equivariant-scaling-laws-kernel-pilot-clean/analysis_outputs/four_arch_matched_compute_frontier_kernel_2026_08_15/krr_learning_curves_residual.csv
eSEN,matched-compute-HIGH,HIGH,256,16,rho_1e-8,1e-08,residual,1.0912603646562777,1.1877734945997356,20,dev-equivariant-scaling-laws-kernel-pilot-clean/analysis_outputs/four_arch_matched_compute_frontier_kernel_2026_08_15/krr_learning_curves_residual.csv
eSEN,matched-compute-HIGH,HIGH,256,16,ridgeless,0.0,residual,1.0912604227340834,1.1877736324634178,20,dev-equivariant-scaling-laws-kernel-pilot-clean/analysis_outputs/four_arch_matched_compute_frontier_kernel_2026_08_15/krr_learning_curves_residual.csv
eSEN,matched-compute-HIGH,HIGH,256,32,rho_1e-4,0.0001,residual,1.1795696933887112,1.2442899819287507,20,dev-equivariant-scaling-laws-kernel-pilot-clean/analysis_outputs/four_arch_matched_compute_frontier_kernel_2026_08_15/krr_learning_curves_residual.csv
eSEN,matched-compute-HIGH,HIGH,256,32,rho_1e-6,1e-06,residual,1.1809398959191078,1.2450164862109998,20,dev-equivariant-scaling-laws-kernel-pilot-clean/analysis_outputs/four_arch_matched_compute_frontier_kernel_2026_08_15/krr_learning_curves_residual.csv
eSEN,matched-compute-HIGH,HIGH,256,32,rho_1e-8,1e-08,residual,1.1809545163357202,1.2450299570674415,20,dev-equivariant-scaling-laws-kernel-pilot-clean/analysis_outputs/four_arch_matched_compute_frontier_kernel_2026_08_15/krr_learning_curves_residual.csv
eSEN,matched-compute-HIGH,HIGH,256,32,ridgeless,0.0,residual,1.1809546641133273,1.245030094943123,20,dev-equivariant-scaling-laws-kernel-pilot-clean/analysis_outputs/four_arch_matched_compute_frontier_kernel_2026_08_15/krr_learning_curves_residual.csv
eSEN,matched-compute-HIGH,HIGH,256,64,rho_1e-4,0.0001,residual,1.2198528573652374,1.2983060835310574,20,dev-equivariant-scaling-laws-kernel-pilot-clean/analysis_outputs/four_arch_matched_compute_frontier_kernel_2026_08_15/krr_learning_curves_residual.csv
eSEN,matched-compute-HIGH,HIGH,256,64,rho_1e-6,1e-06,residual,1.2206947310455711,1.2994045641338974,20,dev-equivariant-scaling-laws-kernel-pilot-clean/analysis_outputs/four_arch_matched_compute_frontier_kernel_2026_08_15/krr_learning_curves_residual.csv
eSEN,matched-compute-HIGH,HIGH,256,64,rho_1e-8,1e-08,residual,1.2207110138624824,1.2994253653566137,20,dev-equivariant-scaling-laws-kernel-pilot-clean/analysis_outputs/four_arch_matched_compute_frontier_kernel_2026_08_15/krr_learning_curves_residual.csv
eSEN,matched-compute-HIGH,HIGH,256,64,ridgeless,0.0,residual,1.2207111811040363,1.2994255786463575,20,dev-equivariant-scaling-laws-kernel-pilot-clean/analysis_outputs/four_arch_matched_compute_frontier_kernel_2026_08_15/krr_learning_curves_residual.csv
eSEN,matched-compute-HIGH,HIGH,256,96,rho_1e-4,0.0001,residual,1.1890052097233093,1.3246925939709873,20,dev-equivariant-scaling-laws-kernel-pilot-clean/analysis_outputs/four_arch_matched_compute_frontier_kernel_2026_08_15/krr_learning_curves_residual.csv
eSEN,matched-compute-HIGH,HIGH,256,96,rho_1e-6,1e-06,residual,1.189501163980325,1.326271251847805,20,dev-equivariant-scaling-laws-kernel-pilot-clean/analysis_outputs/four_arch_matched_compute_frontier_kernel_2026_08_15/krr_learning_curves_residual.csv
eSEN,matched-compute-HIGH,HIGH,256,96,rho_1e-8,1e-08,residual,1.1895060107153679,1.3262980233752597,20,dev-equivariant-scaling-laws-kernel-pilot-clean/analysis_outputs/four_arch_matched_compute_frontier_kernel_2026_08_15/krr_learning_curves_residual.csv
eSEN,matched-compute-HIGH,HIGH,256,96,ridgeless,0.0,residual,1.189506059488675,1.326298297817415,20,dev-equivariant-scaling-laws-kernel-pilot-clean/analysis_outputs/four_arch_matched_compute_frontier_kernel_2026_08_15/krr_learning_curves_residual.csv
eSEN,matched-compute-HIGH,HIGH,256,128,rho_1e-4,0.0001,residual,1.2705770834929493,1.3635669193601243,20,dev-equivariant-scaling-laws-kernel-pilot-clean/analysis_outputs/four_arch_matched_compute_frontier_kernel_2026_08_15/krr_learning_curves_residual.csv
eSEN,matched-compute-HIGH,HIGH,256,128,rho_1e-6,1e-06,residual,1.2652810684157485,1.3643065759344524,20,dev-equivariant-scaling-laws-kernel-pilot-clean/analysis_outputs/four_arch_matched_compute_frontier_kernel_2026_08_15/krr_learning_curves_residual.csv
eSEN,matched-compute-HIGH,HIGH,256,128,rho_1e-8,1e-08,residual,1.2652466945646155,1.364319226408504,20,dev-equivariant-scaling-laws-kernel-pilot-clean/analysis_outputs/four_arch_matched_compute_frontier_kernel_2026_08_15/krr_learning_curves_residual.csv
eSEN,matched-compute-HIGH,HIGH,256,128,ridgeless,0.0,residual,1.2652463608382223,1.3643193557755369,20,dev-equivariant-scaling-laws-kernel-pilot-clean/analysis_outputs/four_arch_matched_compute_frontier_kernel_2026_08_15/krr_learning_curves_residual.csv
eSEN,matched-compute-LOW,LOW,256,8,rho_1e-4,0.0001,residual,1.054762835777503,1.2008007479752045,20,dev-equivariant-scaling-laws-kernel-pilot-clean/analysis_outputs/four_arch_matched_compute_frontier_kernel_2026_08_15/krr_learning_curves_residual.csv
eSEN,matched-compute-LOW,LOW,256,8,rho_1e-6,1e-06,residual,1.0545373828524511,1.2010635467936854,20,dev-equivariant-scaling-laws-kernel-pilot-clean/analysis_outputs/four_arch_matched_compute_frontier_kernel_2026_08_15/krr_learning_curves_residual.csv
eSEN,matched-compute-LOW,LOW,256,8,rho_1e-8,1e-08,residual,1.0545350476477293,1.2010661264135591,20,dev-equivariant-scaling-laws-kernel-pilot-clean/analysis_outputs/four_arch_matched_compute_frontier_kernel_2026_08_15/krr_learning_curves_residual.csv
eSEN,matched-compute-LOW,LOW,256,8,ridgeless,0.0,residual,1.0545350240514444,1.201066152464866,20,dev-equivariant-scaling-laws-kernel-pilot-clean/analysis_outputs/four_arch_matched_compute_frontier_kernel_2026_08_15/krr_learning_curves_residual.csv
eSEN,matched-compute-LOW,LOW,256,16,rho_1e-4,0.0001,residual,1.1108957711607406,1.187589973152556,20,dev-equivariant-scaling-laws-kernel-pilot-clean/analysis_outputs/four_arch_matched_compute_frontier_kernel_2026_08_15/krr_learning_curves_residual.csv
eSEN,matched-compute-LOW,LOW,256,16,rho_1e-6,1e-06,residual,1.1124862889678178,1.1883422381333633,20,dev-equivariant-scaling-laws-kernel-pilot-clean/analysis_outputs/four_arch_matched_compute_frontier_kernel_2026_08_15/krr_learning_curves_residual.csv
eSEN,matched-compute-LOW,LOW,256,16,rho_1e-8,1e-08,residual,1.112502471338228,1.188354101538769,20,dev-equivariant-scaling-laws-kernel-pilot-clean/analysis_outputs/four_arch_matched_compute_frontier_kernel_2026_08_15/krr_learning_curves_residual.csv
eSEN,matched-compute-LOW,LOW,256,16,ridgeless,0.0,residual,1.1125026348252725,1.1883542223987686,20,dev-equivariant-scaling-laws-kernel-pilot-clean/analysis_outputs/four_arch_matched_compute_frontier_kernel_2026_08_15/krr_learning_curves_residual.csv
eSEN,matched-compute-LOW,LOW,256,32,rho_1e-4,0.0001,residual,1.1260215792870958,1.2264897598315652,20,dev-equivariant-scaling-laws-kernel-pilot-clean/analysis_outputs/four_arch_matched_compute_frontier_kernel_2026_08_15/krr_learning_curves_residual.csv
eSEN,matched-compute-LOW,LOW,256,32,rho_1e-6,1e-06,residual,1.128959189069642,1.232209679782244,20,dev-equivariant-scaling-laws-kernel-pilot-clean/analysis_outputs/four_arch_matched_compute_frontier_kernel_2026_08_15/krr_learning_curves_residual.csv
eSEN,matched-compute-LOW,LOW,256,32,rho_1e-8,1e-08,residual,1.1289934937866257,1.2323207727710936,20,dev-equivariant-scaling-laws-kernel-pilot-clean/analysis_outputs/four_arch_matched_compute_frontier_kernel_2026_08_15/krr_learning_curves_residual.csv
eSEN,matched-compute-LOW,LOW,256,32,ridgeless,0.0,residual,1.1289938409226234,1.2323219076326908,20,dev-equivariant-scaling-laws-kernel-pilot-clean/analysis_outputs/four_arch_matched_compute_frontier_kernel_2026_08_15/krr_learning_curves_residual.csv
eSEN,matched-compute-LOW,LOW,256,64,rho_1e-4,0.0001,residual,1.1779712233878465,1.1723394290990516,20,dev-equivariant-scaling-laws-kernel-pilot-clean/analysis_outputs/four_arch_matched_compute_frontier_kernel_2026_08_15/krr_learning_curves_residual.csv
eSEN,matched-compute-LOW,LOW,256,64,rho_1e-6,1e-06,residual,1.1926769994855553,1.1814603047714334,20,dev-equivariant-scaling-laws-kernel-pilot-clean/analysis_outputs/four_arch_matched_compute_frontier_kernel_2026_08_15/krr_learning_curves_residual.csv
eSEN,matched-compute-LOW,LOW,256,64,rho_1e-8,1e-08,residual,1.192816547179623,1.1816601715857198,20,dev-equivariant-scaling-laws-kernel-pilot-clean/analysis_outputs/four_arch_matched_compute_frontier_kernel_2026_08_15/krr_learning_curves_residual.csv
eSEN,matched-compute-LOW,LOW,256,64,ridgeless,0.0,residual,1.1928179781770472,1.1816622208833432,20,dev-equivariant-scaling-laws-kernel-pilot-clean/analysis_outputs/four_arch_matched_compute_frontier_kernel_2026_08_15/krr_learning_curves_residual.csv
eSEN,matched-compute-LOW,LOW,256,96,rho_1e-4,0.0001,residual,1.1668716410351245,1.1699653595521928,20,dev-equivariant-scaling-laws-kernel-pilot-clean/analysis_outputs/four_arch_matched_compute_frontier_kernel_2026_08_15/krr_learning_curves_residual.csv
eSEN,matched-compute-LOW,LOW,256,96,rho_1e-6,1e-06,residual,1.1705702599062242,1.1812427670571286,20,dev-equivariant-scaling-laws-kernel-pilot-clean/analysis_outputs/four_arch_matched_compute_frontier_kernel_2026_08_15/krr_learning_curves_residual.csv
eSEN,matched-compute-LOW,LOW,256,96,rho_1e-8,1e-08,residual,1.170610980208298,1.1815084052266915,20,dev-equivariant-scaling-laws-kernel-pilot-clean/analysis_outputs/four_arch_matched_compute_frontier_kernel_2026_08_15/krr_learning_curves_residual.csv
eSEN,matched-compute-LOW,LOW,256,96,ridgeless,0.0,residual,1.17061139197423,1.181511134086719,20,dev-equivariant-scaling-laws-kernel-pilot-clean/analysis_outputs/four_arch_matched_compute_frontier_kernel_2026_08_15/krr_learning_curves_residual.csv
eSEN,matched-compute-LOW,LOW,256,128,rho_1e-4,0.0001,residual,1.2255679429334416,1.1516698181858946,20,dev-equivariant-scaling-laws-kernel-pilot-clean/analysis_outputs/four_arch_matched_compute_frontier_kernel_2026_08_15/krr_learning_curves_residual.csv
eSEN,matched-compute-LOW,LOW,256,128,rho_1e-6,1e-06,residual,1.233414050290053,1.1595313023805927,20,dev-equivariant-scaling-laws-kernel-pilot-clean/analysis_outputs/four_arch_matched_compute_frontier_kernel_2026_08_15/krr_learning_curves_residual.csv
eSEN,matched-compute-LOW,LOW,256,128,rho_1e-8,1e-08,residual,1.2336068066358055,1.1597085779673393,20,dev-equivariant-scaling-laws-kernel-pilot-clean/analysis_outputs/four_arch_matched_compute_frontier_kernel_2026_08_15/krr_learning_curves_residual.csv
eSEN,matched-compute-LOW,LOW,256,128,ridgeless,0.0,residual,1.2336087880099496,1.1597104007515897,20,dev-equivariant-scaling-laws-kernel-pilot-clean/analysis_outputs/four_arch_matched_compute_frontier_kernel_2026_08_15/krr_learning_curves_residual.csv
eSEN,matched-compute-MID,MID,256,8,rho_1e-4,0.0001,residual,1.0647445427839353,1.106185465824645,20,dev-equivariant-scaling-laws-kernel-pilot-clean/analysis_outputs/four_arch_matched_compute_frontier_kernel_2026_08_15/krr_learning_curves_residual.csv
eSEN,matched-compute-MID,MID,256,8,rho_1e-6,1e-06,residual,1.064795255311334,1.1070582290953292,20,dev-equivariant-scaling-laws-kernel-pilot-clean/analysis_outputs/four_arch_matched_compute_frontier_kernel_2026_08_15/krr_learning_curves_residual.csv
eSEN,matched-compute-MID,MID,256,8,rho_1e-8,1e-08,residual,1.0647957568091628,1.107068527413428,20,dev-equivariant-scaling-laws-kernel-pilot-clean/analysis_outputs/four_arch_matched_compute_frontier_kernel_2026_08_15/krr_learning_curves_residual.csv
eSEN,matched-compute-MID,MID,256,8,ridgeless,0.0,residual,1.06479576187421,1.1070686316268987,20,dev-equivariant-scaling-laws-kernel-pilot-clean/analysis_outputs/four_arch_matched_compute_frontier_kernel_2026_08_15/krr_learning_curves_residual.csv
eSEN,matched-compute-MID,MID,256,16,rho_1e-4,0.0001,residual,1.1079539436656243,1.1253057446162102,20,dev-equivariant-scaling-laws-kernel-pilot-clean/analysis_outputs/four_arch_matched_compute_frontier_kernel_2026_08_15/krr_learning_curves_residual.csv
eSEN,matched-compute-MID,MID,256,16,rho_1e-6,1e-06,residual,1.1081867895031863,1.1267322208462205,20,dev-equivariant-scaling-laws-kernel-pilot-clean/analysis_outputs/four_arch_matched_compute_frontier_kernel_2026_08_15/krr_learning_curves_residual.csv
eSEN,matched-compute-MID,MID,256,16,rho_1e-8,1e-08,residual,1.108189218502272,1.1267556478685274,20,dev-equivariant-scaling-laws-kernel-pilot-clean/analysis_outputs/four_arch_matched_compute_frontier_kernel_2026_08_15/krr_learning_curves_residual.csv
eSEN,matched-compute-MID,MID,256,16,ridgeless,0.0,residual,1.1081892430482503,1.1267558868125243,20,dev-equivariant-scaling-laws-kernel-pilot-clean/analysis_outputs/four_arch_matched_compute_frontier_kernel_2026_08_15/krr_learning_curves_residual.csv
eSEN,matched-compute-MID,MID,256,32,rho_1e-4,0.0001,residual,1.159806684199092,1.1566558534761477,20,dev-equivariant-scaling-laws-kernel-pilot-clean/analysis_outputs/four_arch_matched_compute_frontier_kernel_2026_08_15/krr_learning_curves_residual.csv
eSEN,matched-compute-MID,MID,256,32,rho_1e-6,1e-06,residual,1.159941537024936,1.1584422304539403,20,dev-equivariant-scaling-laws-kernel-pilot-clean/analysis_outputs/four_arch_matched_compute_frontier_kernel_2026_08_15/krr_learning_curves_residual.csv
eSEN,matched-compute-MID,MID,256,32,rho_1e-8,1e-08,residual,1.1599430852438788,1.1584786191284941,20,dev-equivariant-scaling-laws-kernel-pilot-clean/analysis_outputs/four_arch_matched_compute_frontier_kernel_2026_08_15/krr_learning_curves_residual.csv
eSEN,matched-compute-MID,MID,256,32,ridgeless,0.0,residual,1.159943100904071,1.1584789912569702,20,dev-equivariant-scaling-laws-kernel-pilot-clean/analysis_outputs/four_arch_matched_compute_frontier_kernel_2026_08_15/krr_learning_curves_residual.csv
eSEN,matched-compute-MID,MID,256,64,rho_1e-4,0.0001,residual,1.1702794284422269,1.1666783610231881,20,dev-equivariant-scaling-laws-kernel-pilot-clean/analysis_outputs/four_arch_matched_compute_frontier_kernel_2026_08_15/krr_learning_curves_residual.csv
eSEN,matched-compute-MID,MID,256,64,rho_1e-6,1e-06,residual,1.1765446136166053,1.1691074780424906,20,dev-equivariant-scaling-laws-kernel-pilot-clean/analysis_outputs/four_arch_matched_compute_frontier_kernel_2026_08_15/krr_learning_curves_residual.csv
eSEN,matched-compute-MID,MID,256,64,rho_1e-8,1e-08,residual,1.176680737195099,1.1691626601269727,20,dev-equivariant-scaling-laws-kernel-pilot-clean/analysis_outputs/four_arch_matched_compute_frontier_kernel_2026_08_15/krr_learning_curves_residual.csv
eSEN,matched-compute-MID,MID,256,64,ridgeless,0.0,residual,1.17668213331243,1.169163226458807,20,dev-equivariant-scaling-laws-kernel-pilot-clean/analysis_outputs/four_arch_matched_compute_frontier_kernel_2026_08_15/krr_learning_curves_residual.csv
eSEN,matched-compute-MID,MID,256,96,rho_1e-4,0.0001,residual,1.1433593996790672,1.1627593701084629,20,dev-equivariant-scaling-laws-kernel-pilot-clean/analysis_outputs/four_arch_matched_compute_frontier_kernel_2026_08_15/krr_learning_curves_residual.csv
eSEN,matched-compute-MID,MID,256,96,rho_1e-6,1e-06,residual,1.1499446207415394,1.1656387662110235,20,dev-equivariant-scaling-laws-kernel-pilot-clean/analysis_outputs/four_arch_matched_compute_frontier_kernel_2026_08_15/krr_learning_curves_residual.csv
eSEN,matched-compute-MID,MID,256,96,rho_1e-8,1e-08,residual,1.150102021749364,1.1657038458010993,20,dev-equivariant-scaling-laws-kernel-pilot-clean/analysis_outputs/four_arch_matched_compute_frontier_kernel_2026_08_15/krr_learning_curves_residual.csv
eSEN,matched-compute-MID,MID,256,96,ridgeless,0.0,residual,1.1501036387976038,1.1657045147888792,20,dev-equivariant-scaling-laws-kernel-pilot-clean/analysis_outputs/four_arch_matched_compute_frontier_kernel_2026_08_15/krr_learning_curves_residual.csv
eSEN,matched-compute-MID,MID,256,128,rho_1e-4,0.0001,residual,1.1622431039857886,1.153762849748392,20,dev-equivariant-scaling-laws-kernel-pilot-clean/analysis_outputs/four_arch_matched_compute_frontier_kernel_2026_08_15/krr_learning_curves_residual.csv
eSEN,matched-compute-MID,MID,256,128,rho_1e-6,1e-06,residual,1.1645757851275735,1.157457058376756,20,dev-equivariant-scaling-laws-kernel-pilot-clean/analysis_outputs/four_arch_matched_compute_frontier_kernel_2026_08_15/krr_learning_curves_residual.csv
eSEN,matched-compute-MID,MID,256,128,rho_1e-8,1e-08,residual,1.1646484372539891,1.1575387442149752,20,dev-equivariant-scaling-laws-kernel-pilot-clean/analysis_outputs/four_arch_matched_compute_frontier_kernel_2026_08_15/krr_learning_curves_residual.csv
eSEN,matched-compute-MID,MID,256,128,ridgeless,0.0,residual,1.1646491868787106,1.1575395840144602,20,dev-equivariant-scaling-laws-kernel-pilot-clean/analysis_outputs/four_arch_matched_compute_frontier_kernel_2026_08_15/krr_learning_curves_residual.csv
GemNet-OC,large-m-K500k,,1024,32,rho_0.0001,0.0001,common,0.16681615666481875,0.1553008224810946,20,dev-equivariant-scaling-laws-kernel-pilot-clean/analysis_outputs/final_validation_sprint_2026_08_20/control_D_large_m_krr/krr_learning_curves_m1024.csv
GemNet-OC,large-m-K500k,,1024,32,rho_0.01,0.01,common,0.17618656885455986,0.1655021934992369,20,dev-equivariant-scaling-laws-kernel-pilot-clean/analysis_outputs/final_validation_sprint_2026_08_20/control_D_large_m_krr/krr_learning_curves_m1024.csv
GemNet-OC,large-m-K500k,,1024,32,rho_0.1,0.1,common,0.21722530518360061,0.21007691703717984,20,dev-equivariant-scaling-laws-kernel-pilot-clean/analysis_outputs/final_validation_sprint_2026_08_20/control_D_large_m_krr/krr_learning_curves_m1024.csv
GemNet-OC,large-m-K500k,,1024,32,rho_1e-06,1e-06,common,0.16669032901971903,0.15510981416546588,20,dev-equivariant-scaling-laws-kernel-pilot-clean/analysis_outputs/final_validation_sprint_2026_08_20/control_D_large_m_krr/krr_learning_curves_m1024.csv
GemNet-OC,large-m-K500k,,1024,32,rho_1e-08,1e-08,common,0.1666893480141995,0.1551639363774254,20,dev-equivariant-scaling-laws-kernel-pilot-clean/analysis_outputs/final_validation_sprint_2026_08_20/control_D_large_m_krr/krr_learning_curves_m1024.csv
GemNet-OC,large-m-K500k,,1024,32,ridgeless,0.0,common,0.1666893381612916,0.15521717288789244,20,dev-equivariant-scaling-laws-kernel-pilot-clean/analysis_outputs/final_validation_sprint_2026_08_20/control_D_large_m_krr/krr_learning_curves_m1024.csv
GemNet-OC,large-m-K500k,,1024,64,rho_0.0001,0.0001,common,0.04757993862389383,0.06106557968943314,20,dev-equivariant-scaling-laws-kernel-pilot-clean/analysis_outputs/final_validation_sprint_2026_08_20/control_D_large_m_krr/krr_learning_curves_m1024.csv
GemNet-OC,large-m-K500k,,1024,64,rho_0.01,0.01,common,0.05223423891321005,0.06527691189953375,20,dev-equivariant-scaling-laws-kernel-pilot-clean/analysis_outputs/final_validation_sprint_2026_08_20/control_D_large_m_krr/krr_learning_curves_m1024.csv
GemNet-OC,large-m-K500k,,1024,64,rho_0.1,0.1,common,0.06784687518526303,0.08371715594575052,20,dev-equivariant-scaling-laws-kernel-pilot-clean/analysis_outputs/final_validation_sprint_2026_08_20/control_D_large_m_krr/krr_learning_curves_m1024.csv
GemNet-OC,large-m-K500k,,1024,64,rho_1e-06,1e-06,common,0.04737670578888802,0.06099058911355678,20,dev-equivariant-scaling-laws-kernel-pilot-clean/analysis_outputs/final_validation_sprint_2026_08_20/control_D_large_m_krr/krr_learning_curves_m1024.csv
GemNet-OC,large-m-K500k,,1024,64,rho_1e-08,1e-08,common,0.04711408718653512,0.06102651501673571,20,dev-equivariant-scaling-laws-kernel-pilot-clean/analysis_outputs/final_validation_sprint_2026_08_20/control_D_large_m_krr/krr_learning_curves_m1024.csv
GemNet-OC,large-m-K500k,,1024,64,ridgeless,0.0,common,0.04709969631587035,0.061082409092048616,20,dev-equivariant-scaling-laws-kernel-pilot-clean/analysis_outputs/final_validation_sprint_2026_08_20/control_D_large_m_krr/krr_learning_curves_m1024.csv
GemNet-OC,large-m-K500k,,1024,128,rho_0.0001,0.0001,common,0.02131178592962194,0.02592134209796724,20,dev-equivariant-scaling-laws-kernel-pilot-clean/analysis_outputs/final_validation_sprint_2026_08_20/control_D_large_m_krr/krr_learning_curves_m1024.csv
GemNet-OC,large-m-K500k,,1024,128,rho_0.01,0.01,common,0.022438118981248752,0.027389216801239256,20,dev-equivariant-scaling-laws-kernel-pilot-clean/analysis_outputs/final_validation_sprint_2026_08_20/control_D_large_m_krr/krr_learning_curves_m1024.csv
GemNet-OC,large-m-K500k,,1024,128,rho_0.1,0.1,common,0.027791022398493785,0.03382462098712885,20,dev-equivariant-scaling-laws-kernel-pilot-clean/analysis_outputs/final_validation_sprint_2026_08_20/control_D_large_m_krr/krr_learning_curves_m1024.csv
GemNet-OC,large-m-K500k,,1024,128,rho_1e-06,1e-06,common,0.021299846731032874,0.025924718949685028,20,dev-equivariant-scaling-laws-kernel-pilot-clean/analysis_outputs/final_validation_sprint_2026_08_20/control_D_large_m_krr/krr_learning_curves_m1024.csv
GemNet-OC,large-m-K500k,,1024,128,rho_1e-08,1e-08,common,0.0213391664708618,0.02596197163895842,20,dev-equivariant-scaling-laws-kernel-pilot-clean/analysis_outputs/final_validation_sprint_2026_08_20/control_D_large_m_krr/krr_learning_curves_m1024.csv
GemNet-OC,large-m-K500k,,1024,128,ridgeless,0.0,common,0.021340468190656273,0.025987607430064848,20,dev-equivariant-scaling-laws-kernel-pilot-clean/analysis_outputs/final_validation_sprint_2026_08_20/control_D_large_m_krr/krr_learning_curves_m1024.csv
GemNet-OC,large-m-K500k,,1024,256,rho_0.0001,0.0001,common,0.006379492262476535,0.011693978490561249,20,dev-equivariant-scaling-laws-kernel-pilot-clean/analysis_outputs/final_validation_sprint_2026_08_20/control_D_large_m_krr/krr_learning_curves_m1024.csv
GemNet-OC,large-m-K500k,,1024,256,rho_0.01,0.01,common,0.0064914245104419985,0.012202966058617247,20,dev-equivariant-scaling-laws-kernel-pilot-clean/analysis_outputs/final_validation_sprint_2026_08_20/control_D_large_m_krr/krr_learning_curves_m1024.csv
GemNet-OC,large-m-K500k,,1024,256,rho_0.1,0.1,common,0.007543827629266125,0.014479317119476661,20,dev-equivariant-scaling-laws-kernel-pilot-clean/analysis_outputs/final_validation_sprint_2026_08_20/control_D_large_m_krr/krr_learning_curves_m1024.csv
GemNet-OC,large-m-K500k,,1024,256,rho_1e-06,1e-06,common,0.006355240055114189,0.01170535487044553,20,dev-equivariant-scaling-laws-kernel-pilot-clean/analysis_outputs/final_validation_sprint_2026_08_20/control_D_large_m_krr/krr_learning_curves_m1024.csv
GemNet-OC,large-m-K500k,,1024,256,rho_1e-08,1e-08,common,0.006354722958201954,0.011733091585729199,20,dev-equivariant-scaling-laws-kernel-pilot-clean/analysis_outputs/final_validation_sprint_2026_08_20/control_D_large_m_krr/krr_learning_curves_m1024.csv
GemNet-OC,large-m-K500k,,1024,256,ridgeless,0.0,common,0.0063546299855065345,0.011750264410182827,20,dev-equivariant-scaling-laws-kernel-pilot-clean/analysis_outputs/final_validation_sprint_2026_08_20/control_D_large_m_krr/krr_learning_curves_m1024.csv
GemNet-OC,large-m-K500k,,1024,512,rho_0.0001,0.0001,common,0.003603002780208698,0.004133721599875953,20,dev-equivariant-scaling-laws-kernel-pilot-clean/analysis_outputs/final_validation_sprint_2026_08_20/control_D_large_m_krr/krr_learning_curves_m1024.csv
GemNet-OC,large-m-K500k,,1024,512,rho_0.01,0.01,common,0.0037061865486777115,0.004128320429162944,20,dev-equivariant-scaling-laws-kernel-pilot-clean/analysis_outputs/final_validation_sprint_2026_08_20/control_D_large_m_krr/krr_learning_curves_m1024.csv
GemNet-OC,large-m-K500k,,1024,512,rho_0.1,0.1,common,0.004278297324449306,0.00442773937342911,20,dev-equivariant-scaling-laws-kernel-pilot-clean/analysis_outputs/final_validation_sprint_2026_08_20/control_D_large_m_krr/krr_learning_curves_m1024.csv
GemNet-OC,large-m-K500k,,1024,512,rho_1e-06,1e-06,common,0.0035872487708508032,0.004114210021699077,20,dev-equivariant-scaling-laws-kernel-pilot-clean/analysis_outputs/final_validation_sprint_2026_08_20/control_D_large_m_krr/krr_learning_curves_m1024.csv
GemNet-OC,large-m-K500k,,1024,512,rho_1e-08,1e-08,common,0.0036125547336503952,0.004114974823351178,20,dev-equivariant-scaling-laws-kernel-pilot-clean/analysis_outputs/final_validation_sprint_2026_08_20/control_D_large_m_krr/krr_learning_curves_m1024.csv
GemNet-OC,large-m-K500k,,1024,512,ridgeless,0.0,common,0.0035680514428588625,0.0041010945588513615,20,dev-equivariant-scaling-laws-kernel-pilot-clean/analysis_outputs/final_validation_sprint_2026_08_20/control_D_large_m_krr/krr_learning_curves_m1024.csv
eSEN,large-m-K500k,,1024,32,rho_0.0001,0.0001,common,0.2375380267462135,0.2487295154383292,20,dev-equivariant-scaling-laws-kernel-pilot-clean/analysis_outputs/final_validation_sprint_2026_08_20/control_D_large_m_krr/krr_learning_curves_m1024.csv
eSEN,large-m-K500k,,1024,32,rho_0.01,0.01,common,0.25808634721960655,0.27388707555235725,20,dev-equivariant-scaling-laws-kernel-pilot-clean/analysis_outputs/final_validation_sprint_2026_08_20/control_D_large_m_krr/krr_learning_curves_m1024.csv
eSEN,large-m-K500k,,1024,32,rho_0.1,0.1,common,0.3524148905479436,0.3611211920134761,20,dev-equivariant-scaling-laws-kernel-pilot-clean/analysis_outputs/final_validation_sprint_2026_08_20/control_D_large_m_krr/krr_learning_curves_m1024.csv
eSEN,large-m-K500k,,1024,32,rho_1e-06,1e-06,common,0.2371808423171058,0.24819544731922663,20,dev-equivariant-scaling-laws-kernel-pilot-clean/analysis_outputs/final_validation_sprint_2026_08_20/control_D_large_m_krr/krr_learning_curves_m1024.csv
eSEN,large-m-K500k,,1024,32,rho_1e-08,1e-08,common,0.2371783775272435,0.24818980757780068,20,dev-equivariant-scaling-laws-kernel-pilot-clean/analysis_outputs/final_validation_sprint_2026_08_20/control_D_large_m_krr/krr_learning_curves_m1024.csv
eSEN,large-m-K500k,,1024,32,ridgeless,0.0,common,0.237178352965227,0.2481897505613065,20,dev-equivariant-scaling-laws-kernel-pilot-clean/analysis_outputs/final_validation_sprint_2026_08_20/control_D_large_m_krr/krr_learning_curves_m1024.csv
eSEN,large-m-K500k,,1024,64,rho_0.0001,0.0001,common,0.14544435269581066,0.13674252577643137,20,dev-equivariant-scaling-laws-kernel-pilot-clean/analysis_outputs/final_validation_sprint_2026_08_20/control_D_large_m_krr/krr_learning_curves_m1024.csv
eSEN,large-m-K500k,,1024,64,rho_0.01,0.01,common,0.15820404673052726,0.15231189430631797,20,dev-equivariant-scaling-laws-kernel-pilot-clean/analysis_outputs/final_validation_sprint_2026_08_20/control_D_large_m_krr/krr_learning_curves_m1024.csv
eSEN,large-m-K500k,,1024,64,rho_0.1,0.1,common,0.2113509807930069,0.2007708379386056,20,dev-equivariant-scaling-laws-kernel-pilot-clean/analysis_outputs/final_validation_sprint_2026_08_20/control_D_large_m_krr/krr_learning_curves_m1024.csv
eSEN,large-m-K500k,,1024,64,rho_1e-06,1e-06,common,0.14529857584673925,0.1363207963156652,20,dev-equivariant-scaling-laws-kernel-pilot-clean/analysis_outputs/final_validation_sprint_2026_08_20/control_D_large_m_krr/krr_learning_curves_m1024.csv
eSEN,large-m-K500k,,1024,64,rho_1e-08,1e-08,common,0.14529769895336064,0.1363102194138386,20,dev-equivariant-scaling-laws-kernel-pilot-clean/analysis_outputs/final_validation_sprint_2026_08_20/control_D_large_m_krr/krr_learning_curves_m1024.csv
eSEN,large-m-K500k,,1024,64,ridgeless,0.0,common,0.1452976902153567,0.1363100759803904,20,dev-equivariant-scaling-laws-kernel-pilot-clean/analysis_outputs/final_validation_sprint_2026_08_20/control_D_large_m_krr/krr_learning_curves_m1024.csv
eSEN,large-m-K500k,,1024,128,rho_0.0001,0.0001,common,0.06282537948740086,0.07400963035009883,20,dev-equivariant-scaling-laws-kernel-pilot-clean/analysis_outputs/final_validation_sprint_2026_08_20/control_D_large_m_krr/krr_learning_curves_m1024.csv
eSEN,large-m-K500k,,1024,128,rho_0.01,0.01,common,0.07208329101846747,0.08463827808536187,20,dev-equivariant-scaling-laws-kernel-pilot-clean/analysis_outputs/final_validation_sprint_2026_08_20/control_D_large_m_krr/krr_learning_curves_m1024.csv
eSEN,large-m-K500k,,1024,128,rho_0.1,0.1,common,0.08901169993695798,0.11062938898706598,20,dev-equivariant-scaling-laws-kernel-pilot-clean/analysis_outputs/final_validation_sprint_2026_08_20/control_D_large_m_krr/krr_learning_curves_m1024.csv
eSEN,large-m-K500k,,1024,128,rho_1e-06,1e-06,common,0.062402761273195356,0.07362184797489982,20,dev-equivariant-scaling-laws-kernel-pilot-clean/analysis_outputs/final_validation_sprint_2026_08_20/control_D_large_m_krr/krr_learning_curves_m1024.csv
eSEN,large-m-K500k,,1024,128,rho_1e-08,1e-08,common,0.06239890266111607,0.07363000939362793,20,dev-equivariant-scaling-laws-kernel-pilot-clean/analysis_outputs/final_validation_sprint_2026_08_20/control_D_large_m_krr/krr_learning_curves_m1024.csv
eSEN,large-m-K500k,,1024,128,ridgeless,0.0,common,0.06239886404266245,0.07363016782900202,20,dev-equivariant-scaling-laws-kernel-pilot-clean/analysis_outputs/final_validation_sprint_2026_08_20/control_D_large_m_krr/krr_learning_curves_m1024.csv
eSEN,large-m-K500k,,1024,256,rho_0.0001,0.0001,common,0.027474628721959278,0.0354293101852572,20,dev-equivariant-scaling-laws-kernel-pilot-clean/analysis_outputs/final_validation_sprint_2026_08_20/control_D_large_m_krr/krr_learning_curves_m1024.csv
eSEN,large-m-K500k,,1024,256,rho_0.01,0.01,common,0.03145747908364155,0.04066490340799472,20,dev-equivariant-scaling-laws-kernel-pilot-clean/analysis_outputs/final_validation_sprint_2026_08_20/control_D_large_m_krr/krr_learning_curves_m1024.csv
eSEN,large-m-K500k,,1024,256,rho_0.1,0.1,common,0.042470294797621405,0.052824893940050334,20,dev-equivariant-scaling-laws-kernel-pilot-clean/analysis_outputs/final_validation_sprint_2026_08_20/control_D_large_m_krr/krr_learning_curves_m1024.csv
eSEN,large-m-K500k,,1024,256,rho_1e-06,1e-06,common,0.027340034428011244,0.035218601097974624,20,dev-equivariant-scaling-laws-kernel-pilot-clean/analysis_outputs/final_validation_sprint_2026_08_20/control_D_large_m_krr/krr_learning_curves_m1024.csv
eSEN,large-m-K500k,,1024,256,rho_1e-08,1e-08,common,0.02733783760779182,0.03524367815115708,20,dev-equivariant-scaling-laws-kernel-pilot-clean/analysis_outputs/final_validation_sprint_2026_08_20/control_D_large_m_krr/krr_learning_curves_m1024.csv
eSEN,large-m-K500k,,1024,256,ridgeless,0.0,common,0.027337815195473094,0.035244143561743775,20,dev-equivariant-scaling-laws-kernel-pilot-clean/analysis_outputs/final_validation_sprint_2026_08_20/control_D_large_m_krr/krr_learning_curves_m1024.csv
eSEN,large-m-K500k,,1024,512,rho_0.0001,0.0001,common,0.008715695399568069,0.009250205222129607,20,dev-equivariant-scaling-laws-kernel-pilot-clean/analysis_outputs/final_validation_sprint_2026_08_20/control_D_large_m_krr/krr_learning_curves_m1024.csv
eSEN,large-m-K500k,,1024,512,rho_0.01,0.01,common,0.010120739263259002,0.010991411725247025,20,dev-equivariant-scaling-laws-kernel-pilot-clean/analysis_outputs/final_validation_sprint_2026_08_20/control_D_large_m_krr/krr_learning_curves_m1024.csv
eSEN,large-m-K500k,,1024,512,rho_0.1,0.1,common,0.013582270775136216,0.015238542264481195,20,dev-equivariant-scaling-laws-kernel-pilot-clean/analysis_outputs/final_validation_sprint_2026_08_20/control_D_large_m_krr/krr_learning_curves_m1024.csv
eSEN,large-m-K500k,,1024,512,rho_1e-06,1e-06,common,0.008729580128828515,0.009194590793150747,20,dev-equivariant-scaling-laws-kernel-pilot-clean/analysis_outputs/final_validation_sprint_2026_08_20/control_D_large_m_krr/krr_learning_curves_m1024.csv
eSEN,large-m-K500k,,1024,512,rho_1e-08,1e-08,common,0.008717699454218634,0.009209283471837866,20,dev-equivariant-scaling-laws-kernel-pilot-clean/analysis_outputs/final_validation_sprint_2026_08_20/control_D_large_m_krr/krr_learning_curves_m1024.csv
eSEN,large-m-K500k,,1024,512,ridgeless,0.0,common,0.008717478325679687,0.009209567388889166,20,dev-equivariant-scaling-laws-kernel-pilot-clean/analysis_outputs/final_validation_sprint_2026_08_20/control_D_large_m_krr/krr_learning_curves_m1024.csv
GemNet-OC,large-m-K500k,,1024,32,SELECTED,,common,0.1666893381612916,0.15894510189873431,20,dev-equivariant-scaling-laws-kernel-pilot-clean/analysis_outputs/final_validation_sprint_2026_08_20/control_D_large_m_krr/krr_learning_curves_m1024.csv
GemNet-OC,large-m-K500k,,1024,64,SELECTED,,common,0.047416791772338436,0.06159198818375319,20,dev-equivariant-scaling-laws-kernel-pilot-clean/analysis_outputs/final_validation_sprint_2026_08_20/control_D_large_m_krr/krr_learning_curves_m1024.csv
GemNet-OC,large-m-K500k,,1024,128,SELECTED,,common,0.0213636693876516,0.02596667397996048,20,dev-equivariant-scaling-laws-kernel-pilot-clean/analysis_outputs/final_validation_sprint_2026_08_20/control_D_large_m_krr/krr_learning_curves_m1024.csv
GemNet-OC,large-m-K500k,,1024,256,SELECTED,,common,0.0063546299855065345,0.01171140182874118,20,dev-equivariant-scaling-laws-kernel-pilot-clean/analysis_outputs/final_validation_sprint_2026_08_20/control_D_large_m_krr/krr_learning_curves_m1024.csv
GemNet-OC,large-m-K500k,,1024,512,SELECTED,,common,0.0036751359726911316,0.004139307584249183,20,dev-equivariant-scaling-laws-kernel-pilot-clean/analysis_outputs/final_validation_sprint_2026_08_20/control_D_large_m_krr/krr_learning_curves_m1024.csv
eSEN,large-m-K500k,,1024,32,SELECTED,,common,0.237178352965227,0.24998597894273406,20,dev-equivariant-scaling-laws-kernel-pilot-clean/analysis_outputs/final_validation_sprint_2026_08_20/control_D_large_m_krr/krr_learning_curves_m1024.csv
eSEN,large-m-K500k,,1024,64,SELECTED,,common,0.14534873046408317,0.13674962067196286,20,dev-equivariant-scaling-laws-kernel-pilot-clean/analysis_outputs/final_validation_sprint_2026_08_20/control_D_large_m_krr/krr_learning_curves_m1024.csv
eSEN,large-m-K500k,,1024,128,SELECTED,,common,0.06268536190677443,0.0736625472936741,20,dev-equivariant-scaling-laws-kernel-pilot-clean/analysis_outputs/final_validation_sprint_2026_08_20/control_D_large_m_krr/krr_learning_curves_m1024.csv
eSEN,large-m-K500k,,1024,256,SELECTED,,common,0.027337815195473094,0.035273126653143264,20,dev-equivariant-scaling-laws-kernel-pilot-clean/analysis_outputs/final_validation_sprint_2026_08_20/control_D_large_m_krr/krr_learning_curves_m1024.csv
eSEN,large-m-K500k,,1024,512,SELECTED,,common,0.008681529379319168,0.00921553321361892,20,dev-equivariant-scaling-laws-kernel-pilot-clean/analysis_outputs/final_validation_sprint_2026_08_20/control_D_large_m_krr/krr_learning_curves_m1024.csv
