architecture,architecture_label,width,step,global_step,N,N_from_training_log,N_matches_training_log,N_source,D_atom_tokens,D_source,kappa,flops_coef_3kappa,C,force_mse_norm,f_loss,force_mae_norm,force_mae_physical,e_mae,e_loss,loss_mixed,metric_valid,metric_valid_reason,force_rescale_factor_vs_training,train_job_id_from_path,job_id,exp_name,run_dir_scratch,run_dir,config_source,n_batches,n_configs,n_atoms,atom_tokens_per_step,global_step_matches_filename,total_flops_used_logged,ckpt_size_bytes,mtime,ckpt_path,mup_mode,parameterization_variant,force_decoder_width_mult,source_file
egnn,MC-EGNN,96,50000,50000,1055050,1055050.0,True,runs_csv,86606672,checkpoint token_processed,28.09,84.27,7700118100371672.0,0.0118385036742125,0.0502806283860503,0.0227318732762913,0.1450975471225677,0.6680804176845396,0.0030049785451939,0.5328560693124439,True,REPAIRED 2026-08-14: re-evaluated under the legacy_shape mu-P convention (width_mult=num_vectors/10) matching this checkpoint's actual training-time construction. See analysis_outputs/mcegnn_force_eval_repair_2026_08_14/REPORT.md.,,9745361,9745361.0,mc-egnn-hc-96-neutral-epoch,run_9745361_params_1.1_million,outputs/2026-06-05/19-49-19,hydra_run_dir,866,27697,1238644,1732.13344,True,7675447020662400,17682247,1780706912,/network/scratch/m/michnikr/geometric_scaling_checkpoints_mc_egnn/mc-egnn-hc-96-neutral-epoch/mc_egnn/run_9745361_params_1.1_million/dim_96_step_step=50000.ckpt,legacy_shape,legacy,0.9,dev-equivariant-scaling-laws/analysis_outputs/four_arch_force_scaling_repaired_2026_08_14/four_arch_force_checkpoint_table.csv
egnn,MC-EGNN,96,100000,100000,1055050,1055050.0,True,runs_csv,173280589,checkpoint token_processed,28.09,84.27,1.5406214890718402e+16,0.0080014705545307,0.0424549850198605,0.0193748490514619,0.1236696614954818,0.6235459804982291,0.0026343770475206,0.4508936206738122,True,REPAIRED 2026-08-14: re-evaluated under the legacy_shape mu-P convention (width_mult=num_vectors/10) matching this checkpoint's actual training-time construction. See analysis_outputs/mcegnn_force_eval_repair_2026_08_14/REPORT.md.,,9745361,9745361.0,mc-egnn-hc-96-neutral-epoch,run_9745361_params_1.1_million,outputs/2026-06-05/19-49-19,hydra_run_dir,866,27697,1238644,1732.80589,True,15356853575653800,17682885,1780710502,/network/scratch/m/michnikr/geometric_scaling_checkpoints_mc_egnn/mc-egnn-hc-96-neutral-epoch/mc_egnn/run_9745361_params_1.1_million/dim_96_step_step=100000.ckpt,legacy_shape,legacy,0.9,dev-equivariant-scaling-laws/analysis_outputs/four_arch_force_scaling_repaired_2026_08_14/four_arch_force_checkpoint_table.csv
egnn,MC-EGNN,96,150000,150000,1055050,1055050.0,True,runs_csv,259900012,checkpoint token_processed,28.09,84.27,2.310746667055876e+16,0.0065952552298049,0.0384178560197043,0.0176208745888594,0.1124740425006897,0.5680105539240958,0.0023206567334486,0.4073851275315302,True,REPAIRED 2026-08-14: re-evaluated under the legacy_shape mu-P convention (width_mult=num_vectors/10) matching this checkpoint's actual training-time construction. See analysis_outputs/mcegnn_force_eval_repair_2026_08_14/REPORT.md.,,9745361,9745361.0,mc-egnn-hc-96-neutral-epoch,run_9745361_params_1.1_million,outputs/2026-06-05/19-49-19,hydra_run_dir,866,27697,1238644,1732.6667466666668,True,23033430643490400,17683267,1780714054,/network/scratch/m/michnikr/geometric_scaling_checkpoints_mc_egnn/mc-egnn-hc-96-neutral-epoch/mc_egnn/run_9745361_params_1.1_million/dim_96_step_step=150000.ckpt,legacy_shape,legacy,0.9,dev-equivariant-scaling-laws/analysis_outputs/four_arch_force_scaling_repaired_2026_08_14/four_arch_force_checkpoint_table.csv
egnn,MC-EGNN,96,200000,200000,1055050,1055050.0,True,runs_csv,346540387,checkpoint token_processed,28.09,84.27,3.0810581273097576e+16,0.0059796466101466,0.0362561636778588,0.0166507334964674,0.1062816319079514,0.5424501407056979,0.0021990343172712,0.3845519799513013,True,REPAIRED 2026-08-14: re-evaluated under the legacy_shape mu-P convention (width_mult=num_vectors/10) matching this checkpoint's actual training-time construction. See analysis_outputs/mcegnn_force_eval_repair_2026_08_14/REPORT.md.,,9745361,9745361.0,mc-egnn-hc-96-neutral-epoch,run_9745361_params_1.1_million,outputs/2026-06-05/19-49-19,hydra_run_dir,866,27697,1238644,1732.701935,True,30711864565565400,17683713,1780717628,/network/scratch/m/michnikr/geometric_scaling_checkpoints_mc_egnn/mc-egnn-hc-96-neutral-epoch/mc_egnn/run_9745361_params_1.1_million/dim_96_step_step=200000.ckpt,legacy_shape,legacy,0.9,dev-equivariant-scaling-laws/analysis_outputs/four_arch_force_scaling_repaired_2026_08_14/four_arch_force_checkpoint_table.csv
egnn,MC-EGNN,96,250000,250000,1055050,1055050.0,True,runs_csv,433146846,checkpoint token_processed,28.09,84.27,3.851068043583872e+16,0.0056632424802997,0.0347435236317008,0.0159796631445035,0.1019981898513663,0.5538107140751138,0.0022191220349212,0.3696264566662215,True,REPAIRED 2026-08-14: re-evaluated under the legacy_shape mu-P convention (width_mult=num_vectors/10) matching this checkpoint's actual training-time construction. See analysis_outputs/mcegnn_force_eval_repair_2026_08_14/REPORT.md.,,9745361,9745361.0,mc-egnn-hc-96-neutral-epoch,run_9745361_params_1.1_million,outputs/2026-06-05/19-49-19,hydra_run_dir,866,27697,1238644,1732.587384,True,38387292709273200,17684159,1780721179,/network/scratch/m/michnikr/geometric_scaling_checkpoints_mc_egnn/mc-egnn-hc-96-neutral-epoch/mc_egnn/run_9745361_params_1.1_million/dim_96_step_step=250000.ckpt,legacy_shape,legacy,0.9,dev-equivariant-scaling-laws/analysis_outputs/four_arch_force_scaling_repaired_2026_08_14/four_arch_force_checkpoint_table.csv
egnn,MC-EGNN,96,300000,300000,1055050,1055050.0,True,runs_csv,519815889,checkpoint token_processed,28.09,84.27,4.621634388340995e+16,0.0053541532631745,0.033413004622672,0.0154110219726093,0.0983685532511657,0.5661193873673058,0.0022375611014347,0.3565056572410689,True,REPAIRED 2026-08-14: re-evaluated under the legacy_shape mu-P convention (width_mult=num_vectors/10) matching this checkpoint's actual training-time construction. See analysis_outputs/mcegnn_force_eval_repair_2026_08_14/REPORT.md.,,9745361,9745361.0,mc-egnn-hc-96-neutral-epoch,run_9745361_params_1.1_million,outputs/2026-06-05/19-49-19,hydra_run_dir,866,27697,1238644,1732.71963,True,46068267309913800,17684605,1780724847,/network/scratch/m/michnikr/geometric_scaling_checkpoints_mc_egnn/mc-egnn-hc-96-neutral-epoch/mc_egnn/run_9745361_params_1.1_million/dim_96_step_step=300000.ckpt,legacy_shape,legacy,0.9,dev-equivariant-scaling-laws/analysis_outputs/four_arch_force_scaling_repaired_2026_08_14/four_arch_force_checkpoint_table.csv
egnn,MC-EGNN,96,350000,350000,1055050,1055050.0,True,runs_csv,606439939,checkpoint token_processed,28.09,84.27,5.391800704548713e+16,0.0050887624207802,0.0326581667338693,0.015124354132739,0.0965387524292733,0.5060006675695436,0.0020341781882394,0.3469234492210886,True,REPAIRED 2026-08-14: re-evaluated under the legacy_shape mu-P convention (width_mult=num_vectors/10) matching this checkpoint's actual training-time construction. See analysis_outputs/mcegnn_force_eval_repair_2026_08_14/REPORT.md.,,9745361,9745361.0,mc-egnn-hc-96-neutral-epoch,run_9745361_params_1.1_million,outputs/2026-06-05/19-49-19,hydra_run_dir,866,27697,1238644,1732.68554,True,53745254441923800,17685051,1780728475,/network/scratch/m/michnikr/geometric_scaling_checkpoints_mc_egnn/mc-egnn-hc-96-neutral-epoch/mc_egnn/run_9745361_params_1.1_million/dim_96_step_step=350000.ckpt,legacy_shape,legacy,0.9,dev-equivariant-scaling-laws/analysis_outputs/four_arch_force_scaling_repaired_2026_08_14/four_arch_force_checkpoint_table.csv
egnn,MC-EGNN,96,400000,400000,1055050,1055050.0,True,runs_csv,693063315,checkpoint token_processed,28.09,84.27,6.16196102828555e+16,0.0050492923363035,0.0345340612673525,0.0162522506633689,0.103738115984284,0.4292737919725392,0.0017722195691072,0.3630628083645975,True,REPAIRED 2026-08-14: re-evaluated under the legacy_shape mu-P convention (width_mult=num_vectors/10) matching this checkpoint's actual training-time construction. See analysis_outputs/mcegnn_force_eval_repair_2026_08_14/REPORT.md.,,9745361,9745361.0,mc-egnn-hc-96-neutral-epoch,run_9745361_params_1.1_million,outputs/2026-06-05/19-49-19,hydra_run_dir,866,27697,1238644,1732.6582875,True,61422181841223000,17685433,1780732065,/network/scratch/m/michnikr/geometric_scaling_checkpoints_mc_egnn/mc-egnn-hc-96-neutral-epoch/mc_egnn/run_9745361_params_1.1_million/dim_96_step_step=400000.ckpt,legacy_shape,legacy,0.9,dev-equivariant-scaling-laws/analysis_outputs/four_arch_force_scaling_repaired_2026_08_14/four_arch_force_checkpoint_table.csv
egnn,MC-EGNN,96,450000,450000,1055050,1055050.0,True,runs_csv,779691165,checkpoint token_processed,28.09,84.27,6.9321611299373976e+16,0.0048411353709021,0.0310313710749286,0.0143066826199125,0.0913195551629016,0.4149471247271907,0.0017163564406542,0.3274772751558299,True,REPAIRED 2026-08-14: re-evaluated under the legacy_shape mu-P convention (width_mult=num_vectors/10) matching this checkpoint's actual training-time construction. See analysis_outputs/mcegnn_force_eval_repair_2026_08_14/REPORT.md.,,9745361,9745361.0,mc-egnn-hc-96-neutral-epoch,run_9745361_params_1.1_million,outputs/2026-06-05/19-49-19,hydra_run_dir,866,27697,1238644,1732.6470333333334,True,69099505745193000,17685879,1780735564,/network/scratch/m/michnikr/geometric_scaling_checkpoints_mc_egnn/mc-egnn-hc-96-neutral-epoch/mc_egnn/run_9745361_params_1.1_million/dim_96_step_step=450000.ckpt,legacy_shape,legacy,0.9,dev-equivariant-scaling-laws/analysis_outputs/four_arch_force_scaling_repaired_2026_08_14/four_arch_force_checkpoint_table.csv
egnn,MC-EGNN,96,500000,500000,1055050,1055050.0,True,runs_csv,866324237,checkpoint token_processed,28.09,84.27,7.702407659902205e+16,0.0048587588650092,0.0345713819159887,0.0164124247955697,0.1047605074701215,0.4501751757487138,0.0018133003140722,0.3638468223006096,True,REPAIRED 2026-08-14: re-evaluated under the legacy_shape mu-P convention (width_mult=num_vectors/10) matching this checkpoint's actual training-time construction. See analysis_outputs/mcegnn_force_eval_repair_2026_08_14/REPORT.md.,,9745361,9745361.0,mc-egnn-hc-96-neutral-epoch,run_9745361_params_1.1_million,outputs/2026-06-05/19-49-19,hydra_run_dir,866,27697,1238644,1732.648474,True,76777292444735400,17686325,1780739218,/network/scratch/m/michnikr/geometric_scaling_checkpoints_mc_egnn/mc-egnn-hc-96-neutral-epoch/mc_egnn/run_9745361_params_1.1_million/dim_96_step_step=500000.ckpt,legacy_shape,legacy,0.9,dev-equivariant-scaling-laws/analysis_outputs/four_arch_force_scaling_repaired_2026_08_14/four_arch_force_checkpoint_table.csv
egnn,MC-EGNN,160,50000,50000,2745453,2745453.0,True,runs_csv,86655403,checkpoint token_processed,28.09,84.27,2.0048535485890748e+16,0.0089512619869589,0.0456416491036223,0.0208973440158072,0.1333877468528979,0.5961737276741044,0.0025928607291846,0.48234509832807,True,REPAIRED 2026-08-14: re-evaluated under the legacy_shape mu-P convention (width_mult=num_vectors/10) matching this checkpoint's actual training-time construction. See analysis_outputs/mcegnn_force_eval_repair_2026_08_14/REPORT.md.,,9745362,9745362.0,mc-egnn-hc-160-neutral-epoch,run_9745362_params_2.7_million,outputs/2026-06-05/21-12-51,hydra_run_dir,866,27697,1238644,1733.10806,True,19984300235134956,37967175,1780712950,/network/scratch/m/michnikr/geometric_scaling_checkpoints_mc_egnn/mc-egnn-hc-160-neutral-epoch/mc_egnn/run_9745362_params_2.7_million/dim_160_step_step=50000.ckpt,legacy_shape,legacy,1.2,dev-equivariant-scaling-laws/analysis_outputs/four_arch_force_scaling_repaired_2026_08_14/four_arch_force_checkpoint_table.csv
egnn,MC-EGNN,160,100000,100000,2745453,2745453.0,True,runs_csv,173297293,checkpoint token_processed,28.09,84.27,4.00939446132321e+16,0.0064024224570322,0.0378151454061579,0.0175191372478967,0.111824653053325,0.489608256804475,0.0020920369680271,0.3990718237418513,True,REPAIRED 2026-08-14: re-evaluated under the legacy_shape mu-P convention (width_mult=num_vectors/10) matching this checkpoint's actual training-time construction. See analysis_outputs/mcegnn_force_eval_repair_2026_08_14/REPORT.md.,,9745362,9745362.0,mc-egnn-hc-160-neutral-epoch,run_9745362_params_2.7_million,outputs/2026-06-05/21-12-51,hydra_run_dir,866,27697,1238644,1732.97293,True,39965484128533236,37967813,1780717602,/network/scratch/m/michnikr/geometric_scaling_checkpoints_mc_egnn/mc-egnn-hc-160-neutral-epoch/mc_egnn/run_9745362_params_2.7_million/dim_160_step_step=100000.ckpt,legacy_shape,legacy,1.2,dev-equivariant-scaling-laws/analysis_outputs/four_arch_force_scaling_repaired_2026_08_14/four_arch_force_checkpoint_table.csv
egnn,MC-EGNN,160,150000,150000,2745453,2745453.0,True,runs_csv,259881596,checkpoint token_processed,28.09,84.27,6.01260304511644e+16,0.0054646262848764,0.0338782712227856,0.0156860570662064,0.1001241022535959,0.4511510405784116,0.0019050823192151,0.3578335354200083,True,REPAIRED 2026-08-14: re-evaluated under the legacy_shape mu-P convention (width_mult=num_vectors/10) matching this checkpoint's actual training-time construction. See analysis_outputs/mcegnn_force_eval_repair_2026_08_14/REPORT.md.,,9745362,9745362.0,mc-egnn-hc-160-neutral-epoch,run_9745362_params_2.7_million,outputs/2026-06-05/21-12-51,hydra_run_dir,866,27697,1238644,1732.5439733333333,True,59933387420170992,37968259,1780722253,/network/scratch/m/michnikr/geometric_scaling_checkpoints_mc_egnn/mc-egnn-hc-160-neutral-epoch/mc_egnn/run_9745362_params_2.7_million/dim_160_step_step=150000.ckpt,legacy_shape,legacy,1.2,dev-equivariant-scaling-laws/analysis_outputs/four_arch_force_scaling_repaired_2026_08_14/four_arch_force_checkpoint_table.csv
egnn,MC-EGNN,160,200000,200000,2745453,2745453.0,True,runs_csv,346539794,checkpoint token_processed,28.09,84.27,8.01752125863666e+16,0.0052148564676318,0.0315582341112316,0.0145649078572544,0.0929678068528549,0.4058805040791459,0.0017240992822527,0.3328233339348442,True,REPAIRED 2026-08-14: re-evaluated under the legacy_shape mu-P convention (width_mult=num_vectors/10) matching this checkpoint's actual training-time construction. See analysis_outputs/mcegnn_force_eval_repair_2026_08_14/REPORT.md.,,9745362,9745362.0,mc-egnn-hc-160-neutral-epoch,run_9745362_params_2.7_million,outputs/2026-06-05/21-12-51,hydra_run_dir,866,27697,1238644,1732.69897,True,79918332232761288,37968705,1780726977,/network/scratch/m/michnikr/geometric_scaling_checkpoints_mc_egnn/mc-egnn-hc-160-neutral-epoch/mc_egnn/run_9745362_params_2.7_million/dim_160_step_step=200000.ckpt,legacy_shape,legacy,1.2,dev-equivariant-scaling-laws/analysis_outputs/four_arch_force_scaling_repaired_2026_08_14/four_arch_force_checkpoint_table.csv
egnn,MC-EGNN,160,250000,250000,2745453,2745453.0,True,runs_csv,433156720,checkpoint token_processed,28.09,84.27,1.0021484605953587e+17,0.0072473548946893,0.0302949711663205,0.0138347870425316,0.0883074456924792,0.3804297741958505,0.0016260813202764,0.3192105248659703,True,REPAIRED 2026-08-14: re-evaluated under the legacy_shape mu-P convention (width_mult=num_vectors/10) matching this checkpoint's actual training-time construction. See analysis_outputs/mcegnn_force_eval_repair_2026_08_14/REPORT.md.,,9745362,9745362.0,mc-egnn-hc-160-neutral-epoch,run_9745362_params_2.7_million,outputs/2026-06-05/21-12-51,hydra_run_dir,866,27697,1238644,1732.62688,True,99893758977109440,37969087,1780731679,/network/scratch/m/michnikr/geometric_scaling_checkpoints_mc_egnn/mc-egnn-hc-160-neutral-epoch/mc_egnn/run_9745362_params_2.7_million/dim_160_step_step=250000.ckpt,legacy_shape,legacy,1.2,dev-equivariant-scaling-laws/analysis_outputs/four_arch_force_scaling_repaired_2026_08_14/four_arch_force_checkpoint_table.csv
egnn,MC-EGNN,160,300000,300000,2745453,2745453.0,True,runs_csv,519819133,checkpoint token_processed,28.09,84.27,1.2026500337429005e+17,0.0045521875302867,0.0286530177377801,0.0132546554895578,0.0846044659898476,0.3702663805069053,0.0015511246806485,0.302041424184287,True,REPAIRED 2026-08-14: re-evaluated under the legacy_shape mu-P convention (width_mult=num_vectors/10) matching this checkpoint's actual training-time construction. See analysis_outputs/mcegnn_force_eval_repair_2026_08_14/REPORT.md.,,9745362,9745362.0,mc-egnn-hc-160-neutral-epoch,run_9745362_params_2.7_million,outputs/2026-06-05/21-12-51,hydra_run_dir,866,27697,1238644,1732.7304433333334,True,119879675844788916,37969533,1780736293,/network/scratch/m/michnikr/geometric_scaling_checkpoints_mc_egnn/mc-egnn-hc-160-neutral-epoch/mc_egnn/run_9745362_params_2.7_million/dim_160_step_step=300000.ckpt,legacy_shape,legacy,1.2,dev-equivariant-scaling-laws/analysis_outputs/four_arch_force_scaling_repaired_2026_08_14/four_arch_force_checkpoint_table.csv
egnn,MC-EGNN,160,350000,350000,2745453,2745453.0,True,runs_csv,606471481,checkpoint token_processed,28.09,84.27,1.40312832057445e+17,0.0040094826406639,0.027643363727106,0.0128696666097066,0.0821470819697575,0.3728492920207372,0.0015369707928334,0.2918033451993958,True,REPAIRED 2026-08-14: re-evaluated under the legacy_shape mu-P convention (width_mult=num_vectors/10) matching this checkpoint's actual training-time construction. See analysis_outputs/mcegnn_force_eval_repair_2026_08_14/REPORT.md.,,9745362,9745362.0,mc-egnn-hc-160-neutral-epoch,run_9745362_params_2.7_million,outputs/2026-06-05/21-12-51,hydra_run_dir,866,27697,1238644,1732.77566,True,139863271541775012,37969979,1780741007,/network/scratch/m/michnikr/geometric_scaling_checkpoints_mc_egnn/mc-egnn-hc-160-neutral-epoch/mc_egnn/run_9745362_params_2.7_million/dim_160_step_step=350000.ckpt,legacy_shape,legacy,1.2,dev-equivariant-scaling-laws/analysis_outputs/four_arch_force_scaling_repaired_2026_08_14/four_arch_force_checkpoint_table.csv
egnn,MC-EGNN,160,400000,400000,2745453,2745453.0,True,runs_csv,693092019,checkpoint token_processed,28.09,84.27,1.603533012004937e+17,0.0038754822057255,0.0272854024406703,0.0127288824733378,0.0812484568273154,0.3611195416772613,0.0014881047144086,0.2877350715507902,True,REPAIRED 2026-08-14: re-evaluated under the legacy_shape mu-P convention (width_mult=num_vectors/10) matching this checkpoint's actual training-time construction. See analysis_outputs/mcegnn_force_eval_repair_2026_08_14/REPORT.md.,,9745362,9745362.0,mc-egnn-hc-160-neutral-epoch,run_9745362_params_2.7_million,outputs/2026-06-05/21-12-51,hydra_run_dir,866,27697,1238644,1732.7300475,True,159839531278526988,37970425,1780745656,/network/scratch/m/michnikr/geometric_scaling_checkpoints_mc_egnn/mc-egnn-hc-160-neutral-epoch/mc_egnn/run_9745362_params_2.7_million/dim_160_step_step=400000.ckpt,legacy_shape,legacy,1.2,dev-equivariant-scaling-laws/analysis_outputs/four_arch_force_scaling_repaired_2026_08_14/four_arch_force_checkpoint_table.csv
egnn,MC-EGNN,160,450000,450000,2745453,2745453.0,True,runs_csv,779650020,checkpoint token_processed,28.09,84.27,1.80379301825478e+17,0.0039124708634053,0.0268237111319983,0.0125543712202665,0.0801345514989615,0.3480957445213205,0.0014257388570271,0.2824944998902552,True,REPAIRED 2026-08-14: re-evaluated under the legacy_shape mu-P convention (width_mult=num_vectors/10) matching this checkpoint's actual training-time construction. See analysis_outputs/mcegnn_force_eval_repair_2026_08_14/REPORT.md.,,9745362,9745362.0,mc-egnn-hc-160-neutral-epoch,run_9745362_params_2.7_million,outputs/2026-06-05/21-12-51,hydra_run_dir,866,27697,1238644,1732.5556,True,179801368854161040,37970871,1780750320,/network/scratch/m/michnikr/geometric_scaling_checkpoints_mc_egnn/mc-egnn-hc-160-neutral-epoch/mc_egnn/run_9745362_params_2.7_million/dim_160_step_step=450000.ckpt,legacy_shape,legacy,1.2,dev-equivariant-scaling-laws/analysis_outputs/four_arch_force_scaling_repaired_2026_08_14/four_arch_force_checkpoint_table.csv
egnn,MC-EGNN,160,500000,500000,2745453,2745453.0,True,runs_csv,866353856,checkpoint token_processed,28.09,84.27,2.0043904273752304e+17,0.004083317003419,0.0256191702692943,0.0118841658579097,0.0758566306710381,0.350175567263819,0.0014339624590204,0.2705313272831486,True,REPAIRED 2026-08-14: re-evaluated under the legacy_shape mu-P convention (width_mult=num_vectors/10) matching this checkpoint's actual training-time construction. See analysis_outputs/mcegnn_force_eval_repair_2026_08_14/REPORT.md.,,9745362,9745362.0,mc-egnn-hc-160-neutral-epoch,run_9745362_params_2.7_million,outputs/2026-06-05/21-12-51,hydra_run_dir,866,27697,1238644,1732.707712,True,199796838613408512,37971317,1780754919,/network/scratch/m/michnikr/geometric_scaling_checkpoints_mc_egnn/mc-egnn-hc-160-neutral-epoch/mc_egnn/run_9745362_params_2.7_million/dim_160_step_step=500000.ckpt,legacy_shape,legacy,1.2,dev-equivariant-scaling-laws/analysis_outputs/four_arch_force_scaling_repaired_2026_08_14/four_arch_force_checkpoint_table.csv
egnn,MC-EGNN,320,50000,50000,10372498,10372498.0,True,runs_csv,86696240,checkpoint token_processed,28.09,84.27,7.57803516601537e+16,0.0072407223206006,0.0401642815474481,0.0185635253232425,0.1184909821382571,0.5096749504189293,0.0021992632745513,0.4236354482199945,True,REPAIRED 2026-08-14: re-evaluated under the legacy_shape mu-P convention (width_mult=num_vectors/10) matching this checkpoint's actual training-time construction. See analysis_outputs/mcegnn_force_eval_repair_2026_08_14/REPORT.md.,,9745363,9745363.0,mc-egnn-hc-320-neutral-epoch,run_9745363_params_10.4_million,outputs/2026-06-05/22-20-01,hydra_run_dir,866,27697,1238644,1733.9248,True,75537552384631680,129493319,1780720650,/network/scratch/m/michnikr/geometric_scaling_checkpoints_mc_egnn/mc-egnn-hc-320-neutral-epoch/mc_egnn/run_9745363_params_10.4_million/dim_320_step_step=50000.ckpt,legacy_shape,legacy,1.7,dev-equivariant-scaling-laws/analysis_outputs/four_arch_force_scaling_repaired_2026_08_14/four_arch_force_checkpoint_table.csv
egnn,MC-EGNN,320,100000,100000,10372498,10372498.0,True,runs_csv,173332321,checkpoint token_processed,28.09,84.27,1.5150811891554518e+17,0.0051743517114671,0.0328133378788725,0.0152787059756733,0.0975239802427228,0.4202915223758435,0.0017980738835625,0.346114117624351,True,REPAIRED 2026-08-14: re-evaluated under the legacy_shape mu-P convention (width_mult=num_vectors/10) matching this checkpoint's actual training-time construction. See analysis_outputs/mcegnn_force_eval_repair_2026_08_14/REPORT.md.,,9745363,9745363.0,mc-egnn-hc-320-neutral-epoch,run_9745363_params_10.4_million,outputs/2026-06-05/22-20-01,hydra_run_dir,866,27697,1238644,1733.32321,True,151022688844260072,129493957,1780728951,/network/scratch/m/michnikr/geometric_scaling_checkpoints_mc_egnn/mc-egnn-hc-320-neutral-epoch/mc_egnn/run_9745363_params_10.4_million/dim_320_step_step=100000.ckpt,legacy_shape,legacy,1.7,dev-equivariant-scaling-laws/analysis_outputs/four_arch_force_scaling_repaired_2026_08_14/four_arch_force_checkpoint_table.csv
egnn,MC-EGNN,320,150000,150000,10372498,10372498.0,True,runs_csv,259936882,checkpoint token_processed,28.09,84.27,2.2720833484132506e+17,0.004278055699241,0.0288557171989361,0.0134659123498615,0.0859529185291663,0.358858550031934,0.0015370310025421,0.3039274820147833,True,REPAIRED 2026-08-14: re-evaluated under the legacy_shape mu-P convention (width_mult=num_vectors/10) matching this checkpoint's actual training-time construction. See analysis_outputs/mcegnn_force_eval_repair_2026_08_14/REPORT.md.,,9745363,9745363.0,mc-egnn-hc-320-neutral-epoch,run_9745363_params_10.4_million,outputs/2026-06-05/22-20-01,hydra_run_dir,866,27697,1238644,1732.912546666667,True,226480362248383824,129494403,1780737183,/network/scratch/m/michnikr/geometric_scaling_checkpoints_mc_egnn/mc-egnn-hc-320-neutral-epoch/mc_egnn/run_9745363_params_10.4_million/dim_320_step_step=150000.ckpt,legacy_shape,legacy,1.7,dev-equivariant-scaling-laws/analysis_outputs/four_arch_force_scaling_repaired_2026_08_14/four_arch_force_checkpoint_table.csv
egnn,MC-EGNN,320,200000,200000,10372498,10372498.0,True,runs_csv,346553920,checkpoint token_processed,28.09,84.27,3.029194567931063e+17,0.0038120470905846,0.0266574784730481,0.0124762224389749,0.079635727827977,0.3372706613109789,0.0014102603546795,0.2806773882772769,True,REPAIRED 2026-08-14: re-evaluated under the legacy_shape mu-P convention (width_mult=num_vectors/10) matching this checkpoint's actual training-time construction. See analysis_outputs/mcegnn_force_eval_repair_2026_08_14/REPORT.md.,,9745363,9745363.0,mc-egnn-hc-320-neutral-epoch,run_9745363_params_10.4_million,outputs/2026-06-05/22-20-01,hydra_run_dir,866,27697,1238644,1732.7696,True,301948906735741440,129494849,1780745337,/network/scratch/m/michnikr/geometric_scaling_checkpoints_mc_egnn/mc-egnn-hc-320-neutral-epoch/mc_egnn/run_9745363_params_10.4_million/dim_320_step_step=200000.ckpt,legacy_shape,legacy,1.7,dev-equivariant-scaling-laws/analysis_outputs/four_arch_force_scaling_repaired_2026_08_14/four_arch_force_checkpoint_table.csv
egnn,MC-EGNN,320,250000,250000,10372498,10372498.0,True,runs_csv,433116378,checkpoint token_processed,28.09,84.27,3.78582870890503e+17,0.0034946079534482,0.025286876200752,0.0118662423047818,0.0757422246314223,0.3402097964568997,0.0014002025237642,0.2668707872451634,True,REPAIRED 2026-08-14: re-evaluated under the legacy_shape mu-P convention (width_mult=num_vectors/10) matching this checkpoint's actual training-time construction. See analysis_outputs/mcegnn_force_eval_repair_2026_08_14/REPORT.md.,,9745363,9745363.0,mc-egnn-hc-320-neutral-epoch,run_9745363_params_10.4_million,outputs/2026-06-05/22-20-01,hydra_run_dir,866,27697,1238644,1732.465512,True,377369896224068496,129495231,1780753475,/network/scratch/m/michnikr/geometric_scaling_checkpoints_mc_egnn/mc-egnn-hc-320-neutral-epoch/mc_egnn/run_9745363_params_10.4_million/dim_320_step_step=250000.ckpt,legacy_shape,legacy,1.7,dev-equivariant-scaling-laws/analysis_outputs/four_arch_force_scaling_repaired_2026_08_14/four_arch_force_checkpoint_table.csv
egnn,MC-EGNN,320,300000,300000,10372498,10372498.0,True,runs_csv,519766593,checkpoint token_processed,28.09,84.27,4.543229925396993e+17,0.0032725361349651,0.023931516325811,0.0112474444777501,0.0717924381014794,0.3343361494826114,0.0013703501307567,0.2530186645656783,True,REPAIRED 2026-08-14: re-evaluated under the legacy_shape mu-P convention (width_mult=num_vectors/10) matching this checkpoint's actual training-time construction. See analysis_outputs/mcegnn_force_eval_repair_2026_08_14/REPORT.md.,,9745363,9745363.0,mc-egnn-hc-320-neutral-epoch,run_9745363_params_10.4_million,outputs/2026-06-05/22-20-01,hydra_run_dir,866,27697,1238644,1732.55531,True,452867347494182376,129495677,1780761607,/network/scratch/m/michnikr/geometric_scaling_checkpoints_mc_egnn/mc-egnn-hc-320-neutral-epoch/mc_egnn/run_9745363_params_10.4_million/dim_320_step_step=300000.ckpt,legacy_shape,legacy,1.7,dev-equivariant-scaling-laws/analysis_outputs/four_arch_force_scaling_repaired_2026_08_14/four_arch_force_checkpoint_table.csv
egnn,MC-EGNN,320,350000,350000,10372498,10372498.0,True,runs_csv,606406120,checkpoint token_processed,28.09,84.27,5.300537719106315e+17,0.0030902186902328,0.0233305353127144,0.011012984120765,0.0702958776428435,0.3293584771024162,0.0013411531539275,0.2467168846664204,True,REPAIRED 2026-08-14: re-evaluated under the legacy_shape mu-P convention (width_mult=num_vectors/10) matching this checkpoint's actual training-time construction. See analysis_outputs/mcegnn_force_eval_repair_2026_08_14/REPORT.md.,,9745363,9745363.0,mc-egnn-hc-320-neutral-epoch,run_9745363_params_10.4_million,outputs/2026-06-05/22-20-01,hydra_run_dir,866,27697,1238644,1732.5889142857145,True,528355486418571840,129496123,1780769677,/network/scratch/m/michnikr/geometric_scaling_checkpoints_mc_egnn/mc-egnn-hc-320-neutral-epoch/mc_egnn/run_9745363_params_10.4_million/dim_320_step_step=350000.ckpt,legacy_shape,legacy,1.7,dev-equivariant-scaling-laws/analysis_outputs/four_arch_force_scaling_repaired_2026_08_14/four_arch_force_checkpoint_table.csv
egnn,MC-EGNN,320,400000,400000,10372498,10372498.0,True,runs_csv,693049882,checkpoint token_processed,28.09,84.27,6.05788253054435e+17,0.0029285169321429,0.0222112981873558,0.010480281827419,0.0668956389044159,0.3174327586629099,0.0012972818487393,0.2350858003609517,True,REPAIRED 2026-08-14: re-evaluated under the legacy_shape mu-P convention (width_mult=num_vectors/10) matching this checkpoint's actual training-time construction. See analysis_outputs/mcegnn_force_eval_repair_2026_08_14/REPORT.md.,,9745363,9745363.0,mc-egnn-hc-320-neutral-epoch,run_9745363_params_10.4_million,outputs/2026-06-05/22-20-01,hydra_run_dir,866,27697,1238644,1732.624705,True,603847315255399824,129496569,1780777647,/network/scratch/m/michnikr/geometric_scaling_checkpoints_mc_egnn/mc-egnn-hc-320-neutral-epoch/mc_egnn/run_9745363_params_10.4_million/dim_320_step_step=400000.ckpt,legacy_shape,legacy,1.7,dev-equivariant-scaling-laws/analysis_outputs/four_arch_force_scaling_repaired_2026_08_14/four_arch_force_checkpoint_table.csv
egnn,MC-EGNN,320,450000,450000,10372498,10372498.0,True,runs_csv,779652092,checkpoint token_processed,28.09,84.27,6.814864139936692e+17,0.0027985502561117,0.0214523472177944,0.0101267264268535,0.0646388947826059,0.307902453110207,0.0012562650416299,0.2270861225942441,True,REPAIRED 2026-08-14: re-evaluated under the legacy_shape mu-P convention (width_mult=num_vectors/10) matching this checkpoint's actual training-time construction. See analysis_outputs/mcegnn_force_eval_repair_2026_08_14/REPORT.md.,,9745363,9745363.0,mc-egnn-hc-320-neutral-epoch,run_9745363_params_10.4_million,outputs/2026-06-05/22-20-01,hydra_run_dir,866,27697,1238644,1732.5602044444445,True,679302940257128544,129497015,1780785597,/network/scratch/m/michnikr/geometric_scaling_checkpoints_mc_egnn/mc-egnn-hc-320-neutral-epoch/mc_egnn/run_9745363_params_10.4_million/dim_320_step_step=450000.ckpt,legacy_shape,legacy,1.7,dev-equivariant-scaling-laws/analysis_outputs/four_arch_force_scaling_repaired_2026_08_14/four_arch_force_checkpoint_table.csv
egnn,MC-EGNN,320,500000,500000,10372498,10372498.0,True,runs_csv,866325306,checkpoint token_processed,28.09,84.27,7.572466388481238e+17,0.002714732227235,0.0212194479595413,0.0100741677994042,0.0643034130635974,0.2991368803378478,0.0012139762304379,0.2243342418997929,True,REPAIRED 2026-08-14: re-evaluated under the legacy_shape mu-P convention (width_mult=num_vectors/10) matching this checkpoint's actual training-time construction. See analysis_outputs/mcegnn_force_eval_repair_2026_08_14/REPORT.md.,,9745363,9745363.0,mc-egnn-hc-320-neutral-epoch,run_9745363_params_10.4_million,outputs/2026-06-05/22-20-01,hydra_run_dir,866,27697,1238644,1732.650612,True,754820430322088592,129497461,1780793589,/network/scratch/m/michnikr/geometric_scaling_checkpoints_mc_egnn/mc-egnn-hc-320-neutral-epoch/mc_egnn/run_9745363_params_10.4_million/dim_320_step_step=500000.ckpt,legacy_shape,legacy,1.7,dev-equivariant-scaling-laws/analysis_outputs/four_arch_force_scaling_repaired_2026_08_14/four_arch_force_checkpoint_table.csv
egnn,MC-EGNN,512,50000,50000,26080791,26080791.0,True,runs_csv,86579975,checkpoint token_processed,28.09,84.27,1.9028791559470413e+17,0.0066292118731462,0.0379551830131551,0.0175506769519898,0.1120259709845514,0.5242672613015351,0.0021836674523778,0.4013885046553305,True,REPAIRED 2026-08-14: re-evaluated under the legacy_shape mu-P convention (width_mult=num_vectors/10) matching this checkpoint's actual training-time construction. See analysis_outputs/mcegnn_force_eval_repair_2026_08_14/REPORT.md.,,9745364,9745364.0,mc-egnn-hc-512-neutral-epoch,run_9745364_params_26.1_million,outputs/2026-06-06/02-36-22,hydra_run_dir,866,27697,1238644,1731.5995,True,189678235551858900,317992775,1780742720,/network/scratch/m/michnikr/geometric_scaling_checkpoints_mc_egnn/mc-egnn-hc-512-neutral-epoch/mc_egnn/run_9745364_params_26.1_million/dim_512_step_step=50000.ckpt,legacy_shape,legacy,2.2,dev-equivariant-scaling-laws/analysis_outputs/four_arch_force_scaling_repaired_2026_08_14/four_arch_force_checkpoint_table.csv
egnn,MC-EGNN,512,100000,100000,26080791,26080791.0,True,runs_csv,173197940,checkpoint token_processed,28.09,84.27,3.806593266849133e+17,0.004605545028579,0.0303802173735259,0.0141702691633941,0.0904488280699448,0.4211766335932542,0.0017079654244214,0.3208818279794744,True,REPAIRED 2026-08-14: re-evaluated under the legacy_shape mu-P convention (width_mult=num_vectors/10) matching this checkpoint's actual training-time construction. See analysis_outputs/mcegnn_force_eval_repair_2026_08_14/REPORT.md.,,9745364,9745364.0,mc-egnn-hc-512-neutral-epoch,run_9745364_params_26.1_million,outputs/2026-06-06/02-36-22,hydra_run_dir,866,27697,1238644,1731.9794,True,379439699080725360,317993413,1780757520,/network/scratch/m/michnikr/geometric_scaling_checkpoints_mc_egnn/mc-egnn-hc-512-neutral-epoch/mc_egnn/run_9745364_params_26.1_million/dim_512_step_step=100000.ckpt,legacy_shape,legacy,2.2,dev-equivariant-scaling-laws/analysis_outputs/four_arch_force_scaling_repaired_2026_08_14/four_arch_force_checkpoint_table.csv
egnn,MC-EGNN,512,150000,150000,26080791,26080791.0,True,runs_csv,259797607,checkpoint token_processed,28.09,84.27,5.709905219136656e+17,0.0038228840518777,0.0268350199067117,0.0125698641197983,0.080233442676673,0.3875957640709557,0.0015378909934431,0.2837291090015492,True,REPAIRED 2026-08-14: re-evaluated under the legacy_shape mu-P convention (width_mult=num_vectors/10) matching this checkpoint's actual training-time construction. See analysis_outputs/mcegnn_force_eval_repair_2026_08_14/REPORT.md.,,9745364,9745364.0,mc-egnn-hc-512-neutral-epoch,run_9745364_params_26.1_million,outputs/2026-06-06/02-36-22,hydra_run_dir,866,27697,1238644,1731.9840466666667,True,569161075599239508,317993859,1780772225,/network/scratch/m/michnikr/geometric_scaling_checkpoints_mc_egnn/mc-egnn-hc-512-neutral-epoch/mc_egnn/run_9745364_params_26.1_million/dim_512_step_step=150000.ckpt,legacy_shape,legacy,2.2,dev-equivariant-scaling-laws/analysis_outputs/four_arch_force_scaling_repaired_2026_08_14/four_arch_force_checkpoint_table.csv
egnn,MC-EGNN,512,200000,200000,26080791,26080791.0,True,runs_csv,346457562,checkpoint token_processed,28.09,84.27,7.614542198124101e+17,0.0033976544522412,0.024425477320737,0.011451781907104,0.0730967239130451,0.3388782926333969,0.0013682819836623,0.2579375930439936,True,REPAIRED 2026-08-14: re-evaluated under the legacy_shape mu-P convention (width_mult=num_vectors/10) matching this checkpoint's actual training-time construction. See analysis_outputs/mcegnn_force_eval_repair_2026_08_14/REPORT.md.,,9745364,9745364.0,mc-egnn-hc-512-neutral-epoch,run_9745364_params_26.1_million,outputs/2026-06-06/02-36-22,hydra_run_dir,866,27697,1238644,1732.28781,True,759014530250889528,317994305,1780786860,/network/scratch/m/michnikr/geometric_scaling_checkpoints_mc_egnn/mc-egnn-hc-512-neutral-epoch/mc_egnn/run_9745364_params_26.1_million/dim_512_step_step=200000.ckpt,legacy_shape,legacy,2.2,dev-equivariant-scaling-laws/analysis_outputs/four_arch_force_scaling_repaired_2026_08_14/four_arch_force_checkpoint_table.csv
egnn,MC-EGNN,512,250000,250000,26080791,26080791.0,True,runs_csv,433088119,checkpoint token_processed,28.09,84.27,9.518533059560388e+17,0.0030937432019428,0.022822257726051,0.0107259388764913,0.0684636678486443,0.3011958209010525,0.0012197238370611,0.2404198156311214,True,REPAIRED 2026-08-14: re-evaluated under the legacy_shape mu-P convention (width_mult=num_vectors/10) matching this checkpoint's actual training-time construction. See analysis_outputs/mcegnn_force_eval_repair_2026_08_14/REPORT.md.,,9745364,9745364.0,mc-egnn-hc-512-neutral-epoch,run_9745364_params_26.1_million,outputs/2026-06-06/02-36-22,hydra_run_dir,866,27697,1238644,1732.352476,True,948803580162658836,317994687,1780801558,/network/scratch/m/michnikr/geometric_scaling_checkpoints_mc_egnn/mc-egnn-hc-512-neutral-epoch/mc_egnn/run_9745364_params_26.1_million/dim_512_step_step=250000.ckpt,legacy_shape,legacy,2.2,dev-equivariant-scaling-laws/analysis_outputs/four_arch_force_scaling_repaired_2026_08_14/four_arch_force_checkpoint_table.csv
egnn,MC-EGNN,512,300000,300000,26080791,26080791.0,True,runs_csv,519720490,checkpoint token_processed,28.09,84.27,1.1422563789601265e+18,0.0028700267408886,0.021738501998013,0.0102458172084751,0.0653990512416971,0.2827963774924878,0.0011428947798159,0.2288139677782893,True,REPAIRED 2026-08-14: re-evaluated under the legacy_shape mu-P convention (width_mult=num_vectors/10) matching this checkpoint's actual training-time construction. See analysis_outputs/mcegnn_force_eval_repair_2026_08_14/REPORT.md.,,9745364,9745364.0,mc-egnn-hc-512-neutral-epoch,run_9745364_params_26.1_million,outputs/2026-06-06/02-36-22,hydra_run_dir,866,27697,1238644,1732.4016333333334,True,1138596604161037560,317995133,1780816279,/network/scratch/m/michnikr/geometric_scaling_checkpoints_mc_egnn/mc-egnn-hc-512-neutral-epoch/mc_egnn/run_9745364_params_26.1_million/dim_512_step_step=300000.ckpt,legacy_shape,legacy,2.2,dev-equivariant-scaling-laws/analysis_outputs/four_arch_force_scaling_repaired_2026_08_14/four_arch_force_checkpoint_table.csv
egnn,MC-EGNN,512,350000,350000,26080791,26080791.0,True,runs_csv,606391231,checkpoint token_processed,28.09,84.27,1.332743782634457e+18,0.0026791660299895,0.0206555148724285,0.0097467463069162,0.0622134816770465,0.2712101747752888,0.0010893310831701,0.2174484595559875,True,REPAIRED 2026-08-14: re-evaluated under the legacy_shape mu-P convention (width_mult=num_vectors/10) matching this checkpoint's actual training-time construction. See analysis_outputs/mcegnn_force_eval_repair_2026_08_14/REPORT.md.,,9745364,9745364.0,mc-egnn-hc-512-neutral-epoch,run_9745364_params_26.1_million,outputs/2026-06-06/02-36-22,hydra_run_dir,866,27697,1238644,1732.5463742857144,True,1328473688635272564,317995579,1780831151,/network/scratch/m/michnikr/geometric_scaling_checkpoints_mc_egnn/mc-egnn-hc-512-neutral-epoch/mc_egnn/run_9745364_params_26.1_million/dim_512_step_step=350000.ckpt,legacy_shape,legacy,2.2,dev-equivariant-scaling-laws/analysis_outputs/four_arch_force_scaling_repaired_2026_08_14/four_arch_force_checkpoint_table.csv
egnn,MC-EGNN,512,400000,400000,26080791,26080791.0,True,runs_csv,693043658,checkpoint token_processed,28.09,84.27,1.5231909352820787e+18,0.0025539190234056,0.0199231409250519,0.0094215968650642,0.0601380527897051,0.2536102897093973,0.0010354926713014,0.2095863359635341,True,REPAIRED 2026-08-14: re-evaluated under the legacy_shape mu-P convention (width_mult=num_vectors/10) matching this checkpoint's actual training-time construction. See analysis_outputs/mcegnn_force_eval_repair_2026_08_14/REPORT.md.,,9745364,9745364.0,mc-egnn-hc-512-neutral-epoch,run_9745364_params_26.1_million,outputs/2026-06-06/02-36-22,hydra_run_dir,866,27697,1238644,1732.609145,True,1518310651046572152,317996025,1780845942,/network/scratch/m/michnikr/geometric_scaling_checkpoints_mc_egnn/mc-egnn-hc-512-neutral-epoch/mc_egnn/run_9745364_params_26.1_million/dim_512_step_step=400000.ckpt,legacy_shape,legacy,2.2,dev-equivariant-scaling-laws/analysis_outputs/four_arch_force_scaling_repaired_2026_08_14/four_arch_force_checkpoint_table.csv
egnn,MC-EGNN,512,450000,450000,26080791,26080791.0,True,runs_csv,779639339,checkpoint token_processed,28.09,84.27,1.7135133699673964e+18,0.0024432454750683,0.0198056348072532,0.0094232346406682,0.0601485067113855,0.2411218448079623,0.000991004528104,0.2079663933535734,True,REPAIRED 2026-08-14: re-evaluated under the legacy_shape mu-P convention (width_mult=num_vectors/10) matching this checkpoint's actual training-time construction. See analysis_outputs/mcegnn_force_eval_repair_2026_08_14/REPORT.md.,,9745364,9745364.0,mc-egnn-hc-512-neutral-epoch,run_9745364_params_26.1_million,outputs/2026-06-06/02-36-22,hydra_run_dir,866,27697,1238644,1732.5318644444444,True,1708023295090320516,317996471,1780860722,/network/scratch/m/michnikr/geometric_scaling_checkpoints_mc_egnn/mc-egnn-hc-512-neutral-epoch/mc_egnn/run_9745364_params_26.1_million/dim_512_step_step=450000.ckpt,legacy_shape,legacy,2.2,dev-equivariant-scaling-laws/analysis_outputs/four_arch_force_scaling_repaired_2026_08_14/four_arch_force_checkpoint_table.csv
egnn,MC-EGNN,512,500000,500000,26080791,26080791.0,True,runs_csv,866295234,checkpoint token_processed,28.09,84.27,1.903968144683415e+18,0.0023260084190231,0.0188240565447777,0.0089285321363452,0.0569908206262916,0.2354792914080151,0.0009660354162637,0.197900919610415,True,REPAIRED 2026-08-14: re-evaluated under the legacy_shape mu-P convention (width_mult=num_vectors/10) matching this checkpoint's actual training-time construction. See analysis_outputs/mcegnn_force_eval_repair_2026_08_14/REPORT.md.,,9745364,9745364.0,mc-egnn-hc-512-neutral-epoch,run_9745364_params_26.1_million,outputs/2026-06-06/02-36-22,hydra_run_dir,866,27697,1238644,1732.590468,True,1897867855149007896,317996917,1780875399,/network/scratch/m/michnikr/geometric_scaling_checkpoints_mc_egnn/mc-egnn-hc-512-neutral-epoch/mc_egnn/run_9745364_params_26.1_million/dim_512_step_step=500000.ckpt,legacy_shape,legacy,2.2,dev-equivariant-scaling-laws/analysis_outputs/four_arch_force_scaling_repaired_2026_08_14/four_arch_force_checkpoint_table.csv
egnn,MC-EGNN,896,50000,50000,78480670,78480670.0,True,runs_csv,86638425,checkpoint token_processed,28.09,84.27,5.729889471498301e+17,0.0063658486140298,0.0365196554631201,0.0169793256089918,0.1083790353621952,0.4185264637784099,0.0018467179635474,0.3836637342666754,True,REPAIRED 2026-08-14: re-evaluated under the legacy_shape mu-P convention (width_mult=num_vectors/10) matching this checkpoint's actual training-time construction. See analysis_outputs/mcegnn_force_eval_repair_2026_08_14/REPORT.md.,,9745365,9745365.0,mc-egnn-hc-896-neutral-epoch,run_9745365_params_78.5_million,outputs/2026-06-25/15-08-53,hydra_run_dir,866,27697,1238644,1732.7685,True,571153097906559000,946791239,1780767088,/network/scratch/m/michnikr/geometric_scaling_checkpoints_mc_egnn/mc-egnn-hc-896-neutral-epoch/mc_egnn/run_9745365_params_78.5_million/dim_896_step_step=50000.ckpt,legacy_shape,legacy,2.9,dev-equivariant-scaling-laws/analysis_outputs/four_arch_force_scaling_repaired_2026_08_14/four_arch_force_checkpoint_table.csv
egnn,MC-EGNN,896,100000,100000,78480670,78480670.0,True,runs_csv,173279675,checkpoint token_processed,28.09,84.27,1.145996577623782e+18,0.0043544375784501,0.029168860427605,0.0136444989258041,0.0870928366434078,0.3420048392362738,0.0014429769994138,0.3061183742701891,True,REPAIRED 2026-08-14: re-evaluated under the legacy_shape mu-P convention (width_mult=num_vectors/10) matching this checkpoint's actual training-time construction. See analysis_outputs/mcegnn_force_eval_repair_2026_08_14/REPORT.md.,,9745365,9745365.0,mc-egnn-hc-896-neutral-epoch,run_9745365_params_78.5_million,outputs/2026-06-25/15-08-53,hydra_run_dir,866,27697,1238644,1732.79675,True,1142324819276109000,946791877,1780804542,/network/scratch/m/michnikr/geometric_scaling_checkpoints_mc_egnn/mc-egnn-hc-896-neutral-epoch/mc_egnn/run_9745365_params_78.5_million/dim_896_step_step=100000.ckpt,legacy_shape,legacy,2.9,dev-equivariant-scaling-laws/analysis_outputs/four_arch_force_scaling_repaired_2026_08_14/four_arch_force_checkpoint_table.csv
egnn,MC-EGNN,896,150000,150000,78480670,78480670.0,True,runs_csv,259942881,checkpoint token_processed,28.09,84.27,1.7191494155541673e+18,0.0046136376976818,0.0275272458273375,0.0128334517834793,0.0819159227339486,0.2980462070339408,0.0012512482503038,0.2877849407764136,False,"PROVENANCE CONTROL, not primary: this checkpoint (hc=896, step>=150k) was genuinely trained under the newer mup_ref convention (width_mult=hc/102) after the run resumed under changed code. Re-evaluated under mup_ref (matching its own training), so its metric is numerically valid but it must not be mixed into the primary MC-EGNN ladder, which is exclusively legacy_shape-trained widths/steps.",,9804379,9804379.0,mc-egnn-hc-896-neutral-epoch,run_9804379_params_78.5_million,outputs/2026-06-25/15-08-53,hydra_run_dir,866,27697,1238644,1732.95254,True,1713641282859262680,946791367,1781163418,/network/scratch/m/michnikr/geometric_scaling_checkpoints_mc_egnn/mc-egnn-hc-896-neutral-epoch/mc_egnn/run_9804379_params_78.5_million/dim_896_step_step=150000.ckpt,mup_ref,new_mup_ref,8.784313725490197,dev-equivariant-scaling-laws/analysis_outputs/four_arch_force_scaling_repaired_2026_08_14/four_arch_force_checkpoint_table.csv
egnn,MC-EGNN,896,200000,200000,78480670,78480670.0,True,runs_csv,346611689,checkpoint token_processed,28.09,84.27,2.2923393026816256e+18,0.0033803308777783,0.0237102817591305,0.0111052771794009,0.0708849842361159,0.2663793080673482,0.0011318852086446,0.2484216696777522,False,"PROVENANCE CONTROL, not primary: this checkpoint (hc=896, step>=150k) was genuinely trained under the newer mup_ref convention (width_mult=hc/102) after the run resumed under changed code. Re-evaluated under mup_ref (matching its own training), so its metric is numerically valid but it must not be mixed into the primary MC-EGNN ladder, which is exclusively legacy_shape-trained widths/steps.",,9804379,9804379.0,mc-egnn-hc-896-neutral-epoch,run_9804379_params_78.5_million,outputs/2026-06-25/15-08-53,hydra_run_dir,866,27697,1238644,1733.058445,True,2284994676934336920,946791941,1781200937,/network/scratch/m/michnikr/geometric_scaling_checkpoints_mc_egnn/mc-egnn-hc-896-neutral-epoch/mc_egnn/run_9804379_params_78.5_million/dim_896_step_step=200000.ckpt,mup_ref,new_mup_ref,8.784313725490197,dev-equivariant-scaling-laws/analysis_outputs/four_arch_force_scaling_repaired_2026_08_14/four_arch_force_checkpoint_table.csv
egnn,MC-EGNN,896,250000,250000,78480670,78480670.0,True,runs_csv,433275320,checkpoint token_processed,28.09,84.27,2.8654949513775867e+18,0.0029522328711543,0.0217028413297001,0.0102192430186233,0.065229428187873,0.2411173408373536,0.0010303700252438,0.2273321135494402,False,"PROVENANCE CONTROL, not primary: this checkpoint (hc=896, step>=150k) was genuinely trained under the newer mup_ref convention (width_mult=hc/102) after the run resumed under changed code. Re-evaluated under mup_ref (matching its own training), so its metric is numerically valid but it must not be mixed into the primary MC-EGNN ladder, which is exclusively legacy_shape-trained widths/steps.",,9804379,9804379.0,mc-egnn-hc-896-neutral-epoch,run_9804379_params_78.5_million,outputs/2026-06-25/15-08-53,hydra_run_dir,866,27697,1238644,1733.10128,True,2856313942277409600,946792387,1781238399,/network/scratch/m/michnikr/geometric_scaling_checkpoints_mc_egnn/mc-egnn-hc-896-neutral-epoch/mc_egnn/run_9804379_params_78.5_million/dim_896_step_step=250000.ckpt,mup_ref,new_mup_ref,8.784313725490197,dev-equivariant-scaling-laws/analysis_outputs/four_arch_force_scaling_repaired_2026_08_14/four_arch_force_checkpoint_table.csv
egnn,MC-EGNN,896,300000,300000,78480670,78480670.0,True,runs_csv,519926943,checkpoint token_processed,28.09,84.27,3.4385711843722885e+18,0.0026701944052106,0.0202041180969988,0.009543488558289,0.0609160874675589,0.2326492398082521,0.0009784554012023,0.2118257349820116,False,"PROVENANCE CONTROL, not primary: this checkpoint (hc=896, step>=150k) was genuinely trained under the newer mup_ref convention (width_mult=hc/102) after the run resumed under changed code. Re-evaluated under mup_ref (matching its own training), so its metric is numerically valid but it must not be mixed into the primary MC-EGNN ladder, which is exclusively legacy_shape-trained widths/steps.",,9804379,9804379.0,mc-egnn-hc-896-neutral-epoch,run_9804379_params_78.5_million,outputs/2026-06-25/15-08-53,hydra_run_dir,866,27697,1238644,1733.08981,True,3427554046366112040,946792833,1781275972,/network/scratch/m/michnikr/geometric_scaling_checkpoints_mc_egnn/mc-egnn-hc-896-neutral-epoch/mc_egnn/run_9804379_params_78.5_million/dim_896_step_step=300000.ckpt,mup_ref,new_mup_ref,8.784313725490197,dev-equivariant-scaling-laws/analysis_outputs/four_arch_force_scaling_repaired_2026_08_14/four_arch_force_checkpoint_table.csv
egnn,MC-EGNN,896,350000,350000,78480670,78480670.0,True,runs_csv,606549797,checkpoint token_processed,28.09,84.27,4.011457151684984e+18,0.0024867207504885,0.01919805810961,0.0090821844869777,0.0579715835803788,0.2208422382230984,0.0009201403070275,0.2011819841663754,False,"PROVENANCE CONTROL, not primary: this checkpoint (hc=896, step>=150k) was genuinely trained under the newer mup_ref convention (width_mult=hc/102) after the run resumed under changed code. Re-evaluated under mup_ref (matching its own training), so its metric is numerically valid but it must not be mixed into the primary MC-EGNN ladder, which is exclusively legacy_shape-trained widths/steps.",,9954838,9954838.0,mc-egnn-hc-896-neutral-epoch,run_9954838_params_78.5_million,outputs/2026-06-25/15-08-53,hydra_run_dir,866,27697,1238644,1732.99942,True,3998604494381615160,946791367,1782452024,/network/scratch/m/michnikr/geometric_scaling_checkpoints_mc_egnn/mc-egnn-hc-896-neutral-epoch/mc_egnn/run_9954838_params_78.5_million/dim_896_step_step=350000.ckpt,mup_ref,new_mup_ref,8.784313725490197,dev-equivariant-scaling-laws/analysis_outputs/four_arch_force_scaling_repaired_2026_08_14/four_arch_force_checkpoint_table.csv
egnn,MC-EGNN,896,400000,400000,78480670,78480670.0,True,runs_csv,693208381,checkpoint token_processed,28.09,84.27,4.584579421713036e+18,0.0023167086338862,0.01830612424133,0.0086699951981131,0.0553405793495562,0.207748072286401,0.0008652632443116,0.1917138748564171,False,"PROVENANCE CONTROL, not primary: this checkpoint (hc=896, step>=150k) was genuinely trained under the newer mup_ref convention (width_mult=hc/102) after the run resumed under changed code. Re-evaluated under mup_ref (matching its own training), so its metric is numerically valid but it must not be mixed into the primary MC-EGNN ladder, which is exclusively legacy_shape-trained widths/steps.",,9954838,9954838.0,mc-egnn-hc-896-neutral-epoch,run_9954838_params_78.5_million,outputs/2026-06-25/15-08-53,hydra_run_dir,866,27697,1238644,1733.0209525,True,4569890488001602680,946791941,1782489487,/network/scratch/m/michnikr/geometric_scaling_checkpoints_mc_egnn/mc-egnn-hc-896-neutral-epoch/mc_egnn/run_9954838_params_78.5_million/dim_896_step_step=400000.ckpt,mup_ref,new_mup_ref,8.784313725490197,dev-equivariant-scaling-laws/analysis_outputs/four_arch_force_scaling_repaired_2026_08_14/four_arch_force_checkpoint_table.csv
egnn,MC-EGNN,896,450000,450000,78480670,78480670.0,True,runs_csv,779816121,checkpoint token_processed,28.09,84.27,5.157365431588287e+18,0.0021859086721215,0.0175670673350177,0.0083239170992917,0.0531315628447791,0.2009342087488664,0.0008388308889335,0.1840589822395129,False,"PROVENANCE CONTROL, not primary: this checkpoint (hc=896, step>=150k) was genuinely trained under the newer mup_ref convention (width_mult=hc/102) after the run resumed under changed code. Re-evaluated under mup_ref (matching its own training), so its metric is numerically valid but it must not be mixed into the primary MC-EGNN ladder, which is exclusively legacy_shape-trained widths/steps.",,9954838,9954838.0,mc-egnn-hc-896-neutral-epoch,run_9954838_params_78.5_million,outputs/2026-06-25/15-08-53,hydra_run_dir,866,27697,1238644,1732.924713333333,True,5140841298842009880,946792387,1782526888,/network/scratch/m/michnikr/geometric_scaling_checkpoints_mc_egnn/mc-egnn-hc-896-neutral-epoch/mc_egnn/run_9954838_params_78.5_million/dim_896_step_step=450000.ckpt,mup_ref,new_mup_ref,8.784313725490197,dev-equivariant-scaling-laws/analysis_outputs/four_arch_force_scaling_repaired_2026_08_14/four_arch_force_checkpoint_table.csv
egnn,MC-EGNN,896,500000,500000,78480670,78480670.0,True,runs_csv,866474236,checkpoint token_processed,28.09,84.27,5.730484599853857e+18,0.0020871899575255,0.0169810777751612,0.0080489229667309,0.0513762752966434,0.1962741721619359,0.0008107445004283,0.1779182227558965,False,"PROVENANCE CONTROL, not primary: this checkpoint (hc=896, step>=150k) was genuinely trained under the newer mup_ref convention (width_mult=hc/102) after the run resumed under changed code. Re-evaluated under mup_ref (matching its own training), so its metric is numerically valid but it must not be mixed into the primary MC-EGNN ladder, which is exclusively legacy_shape-trained widths/steps.",,9954838,9954838.0,mc-egnn-hc-896-neutral-epoch,run_9954838_params_78.5_million,outputs/2026-06-25/15-08-53,hydra_run_dir,866,27697,1238644,1732.948472,True,5712124200637522080,946792833,1782564328,/network/scratch/m/michnikr/geometric_scaling_checkpoints_mc_egnn/mc-egnn-hc-896-neutral-epoch/mc_egnn/run_9954838_params_78.5_million/dim_896_step_step=500000.ckpt,mup_ref,new_mup_ref,8.784313725490197,dev-equivariant-scaling-laws/analysis_outputs/four_arch_force_scaling_repaired_2026_08_14/four_arch_force_checkpoint_table.csv
esen,eSEN (lmax=4),4,50000,50000,456522,456522.0,True,runs_csv,86637825,checkpoint token_processed,74.36,223.08,8823276477108522.0,0.012202223803064,0.0402839430833695,0.0159013417067055,0.1014982641139013,1.2100604830382875,0.0059817114658868,0.4626565454925644,True,eval reproduces training-time f_loss/val,,9714661,9714661.0,esen-sphere-4-neutral-epoch,run_9714661_params_456.5_thousand,outputs/2026-06-01/10-08-21,hydra_run_dir,866,27697,1238644,1732.7565,True,9492497554716000,7809039,1780330981,/network/scratch/m/michnikr/geometric_scaling_checkpoints_esen/esen-sphere-4-neutral-epoch/esen/run_9714661_params_456.5_thousand/dim_32_step_step=50000.ckpt,,,,dev-equivariant-scaling-laws/analysis_outputs/four_arch_force_scaling_repaired_2026_08_14/four_arch_force_checkpoint_table.csv
esen,eSEN (lmax=4),4,100000,100000,456522,456522.0,True,runs_csv,173258085,checkpoint token_processed,74.36,223.08,1.7644764118320938e+16,0.0065441228689703,0.029844581880811,0.0118487138805221,0.0756303406993731,0.9844654639516086,0.0046604217761938,0.3450500365700487,True,eval reproduces training-time f_loss/val,,9714661,9714661.0,esen-sphere-4-neutral-epoch,run_9714661_params_456.5_thousand,outputs/2026-06-01/10-08-21,hydra_run_dir,866,27697,1238644,1732.58085,True,18983070595288800,7809614,1780339074,/network/scratch/m/michnikr/geometric_scaling_checkpoints_esen/esen-sphere-4-neutral-epoch/esen/run_9714661_params_456.5_thousand/dim_32_step_step=100000.ckpt,,,,dev-equivariant-scaling-laws/analysis_outputs/four_arch_force_scaling_repaired_2026_08_14/four_arch_force_checkpoint_table.csv
esen,eSEN (lmax=4),4,150000,150000,456522,456522.0,True,runs_csv,259920398,checkpoint token_processed,74.36,223.08,2.647053447606845e+16,0.0049569270005325,0.0255346715624506,0.0101087183064619,0.0645239489501467,0.7532805906088192,0.0035373007545412,0.2907197231699188,True,eval reproduces training-time f_loss/val,,9714661,9714661.0,esen-sphere-4-neutral-epoch,run_9714661_params_456.5_thousand,outputs/2026-06-01/10-08-21,hydra_run_dir,866,27697,1238644,1732.8026533333334,True,28478251184581440,7810061,1780347072,/network/scratch/m/michnikr/geometric_scaling_checkpoints_esen/esen-sphere-4-neutral-epoch/esen/run_9714661_params_456.5_thousand/dim_32_step_step=150000.ckpt,,,,dev-equivariant-scaling-laws/analysis_outputs/four_arch_force_scaling_repaired_2026_08_14/four_arch_force_checkpoint_table.csv
esen,eSEN (lmax=4),4,200000,200000,456522,456522.0,True,runs_csv,346565183,checkpoint token_processed,74.36,223.08,3.5294519766034176e+16,0.0041145421503245,0.0229039062094158,0.0090581020751905,0.057817865545941,0.7532298547359867,0.0033664035492019,0.262703097586178,True,eval reproduces training-time f_loss/val,,9714661,9714661.0,esen-sphere-4-neutral-epoch,run_9714661_params_456.5_thousand,outputs/2026-06-01/10-08-21,hydra_run_dir,866,27697,1238644,1732.825915,True,37971511313646240,7810508,1780355074,/network/scratch/m/michnikr/geometric_scaling_checkpoints_esen/esen-sphere-4-neutral-epoch/esen/run_9714661_params_456.5_thousand/dim_32_step_step=200000.ckpt,,,,dev-equivariant-scaling-laws/analysis_outputs/four_arch_force_scaling_repaired_2026_08_14/four_arch_force_checkpoint_table.csv
esen,eSEN (lmax=4),4,250000,250000,456522,456522.0,True,runs_csv,433186296,checkpoint token_processed,74.36,223.08,4.4116094277557976e+16,0.0035648638226347,0.0210835304999547,0.0083396685569829,0.0532321043992221,0.7106692512577731,0.0031148524636049,0.2419838296355976,True,eval reproduces training-time f_loss/val,,9714661,9714661.0,esen-sphere-4-neutral-epoch,run_9714661_params_456.5_thousand,outputs/2026-06-01/10-08-21,hydra_run_dir,866,27697,1238644,1732.745184,True,47462177813402880,7810955,1780363251,/network/scratch/m/michnikr/geometric_scaling_checkpoints_esen/esen-sphere-4-neutral-epoch/esen/run_9714661_params_456.5_thousand/dim_32_step_step=250000.ckpt,,,,dev-equivariant-scaling-laws/analysis_outputs/four_arch_force_scaling_repaired_2026_08_14/four_arch_force_checkpoint_table.csv
esen,eSEN (lmax=4),4,300000,300000,456522,456522.0,True,runs_csv,519825103,checkpoint token_processed,74.36,223.08,5.293947076245755e+16,0.0032046398216801,0.0197737230822512,0.0078413176188088,0.050051130360857,0.6223035241040566,0.0027127736730675,0.224864967553188,True,eval reproduces training-time f_loss/val,,9714661,9714661.0,esen-sphere-4-neutral-epoch,run_9714661_params_456.5_thousand,outputs/2026-06-01/10-08-21,hydra_run_dir,866,27697,1238644,1732.7503433333334,True,56954782961223840,7811402,1780371171,/network/scratch/m/michnikr/geometric_scaling_checkpoints_esen/esen-sphere-4-neutral-epoch/esen/run_9714661_params_456.5_thousand/dim_32_step_step=300000.ckpt,,,,dev-equivariant-scaling-laws/analysis_outputs/four_arch_force_scaling_repaired_2026_08_14/four_arch_force_checkpoint_table.csv
esen,eSEN (lmax=4),4,350000,350000,456522,456522.0,True,runs_csv,606433916,checkpoint token_processed,74.36,223.08,6.17597926305699e+16,0.0029212179830067,0.0187871821179521,0.0074681405548935,0.0476691411618857,0.5504921200162544,0.0024067987052037,0.211939808231559,True,eval reproduces training-time f_loss/val,,9714661,9714661.0,esen-sphere-4-neutral-epoch,run_9714661_params_456.5_thousand,outputs/2026-06-01/10-08-21,hydra_run_dir,866,27697,1238644,1732.6683314285715,True,66444101808036480,7811785,1780379096,/network/scratch/m/michnikr/geometric_scaling_checkpoints_esen/esen-sphere-4-neutral-epoch/esen/run_9714661_params_456.5_thousand/dim_32_step_step=350000.ckpt,,,,dev-equivariant-scaling-laws/analysis_outputs/four_arch_force_scaling_repaired_2026_08_14/four_arch_force_checkpoint_table.csv
esen,eSEN (lmax=4),4,400000,400000,456522,456522.0,True,runs_csv,693059130,checkpoint token_processed,74.36,223.08,7.058178479173844e+16,0.0027040026771402,0.0180153134666107,0.0071673303017805,0.0457490693162653,0.5608902365038081,0.0023988963775046,0.2041420984411543,True,eval reproduces training-time f_loss/val,,9714661,9714661.0,esen-sphere-4-neutral-epoch,run_9714661_params_456.5_thousand,outputs/2026-06-01/10-08-21,hydra_run_dir,866,27697,1238644,1732.647825,True,75935217635006400,7812232,1780387032,/network/scratch/m/michnikr/geometric_scaling_checkpoints_esen/esen-sphere-4-neutral-epoch/esen/run_9714661_params_456.5_thousand/dim_32_step_step=400000.ckpt,,,,dev-equivariant-scaling-laws/analysis_outputs/four_arch_force_scaling_repaired_2026_08_14/four_arch_force_checkpoint_table.csv
esen,eSEN (lmax=4),4,450000,450000,456522,456522.0,True,runs_csv,779708018,checkpoint token_processed,74.36,223.08,7.940618793503077e+16,0.0025499702823491,0.0173887296883049,0.0069219575666044,0.0441828551476361,0.5949922602873201,0.0025036695635636,0.1989239925186862,True,eval reproduces training-time f_loss/val,,9714661,9714661.0,esen-sphere-4-neutral-epoch,run_9714661_params_456.5_thousand,outputs/2026-06-01/10-08-21,hydra_run_dir,866,27697,1238644,1732.6844844444445,True,85428927310415040,7812679,1780394875,/network/scratch/m/michnikr/geometric_scaling_checkpoints_esen/esen-sphere-4-neutral-epoch/esen/run_9714661_params_456.5_thousand/dim_32_step_step=450000.ckpt,,,,dev-equivariant-scaling-laws/analysis_outputs/four_arch_force_scaling_repaired_2026_08_14/four_arch_force_checkpoint_table.csv
esen,eSEN (lmax=4),4,500000,500000,456522,456522.0,True,runs_csv,866334827,checkpoint token_processed,74.36,223.08,8.822834253247909e+16,0.0024260326904862,0.0168883573504779,0.0067289103616087,0.0429506348381485,0.5753099512627163,0.0024286989577267,0.1931705630820472,True,eval reproduces training-time f_loss/val,,9714661,9714661.0,esen-sphere-4-neutral-epoch,run_9714661_params_456.5_thousand,outputs/2026-06-01/10-08-21,hydra_run_dir,866,27697,1238644,1732.669654,True,94920217894006560,7813126,1780402684,/network/scratch/m/michnikr/geometric_scaling_checkpoints_esen/esen-sphere-4-neutral-epoch/esen/run_9714661_params_456.5_thousand/dim_32_step_step=500000.ckpt,,,,dev-equivariant-scaling-laws/analysis_outputs/four_arch_force_scaling_repaired_2026_08_14/four_arch_force_checkpoint_table.csv
esen,eSEN (lmax=4),8,25000,25000,878434,878434.0,True,runs_csv,43327470,checkpoint token_processed,74.36,223.08,8490496806204098.0,0.011699229207962,0.0407026964702211,0.016008386374509,0.1021815302284911,1.2619151479928103,0.0063362334366655,0.4703892990688667,True,eval reproduces training-time f_loss/val,,9897808,9897808.0,esen-sphere-8-neutral-epoch,run_9897808_params_878.4_thousand,outputs/2026-06-22/10-38-38,hydra_run_dir,866,27697,1238644,1733.0988,True,9134477467675200,12869135,1782143589,/network/scratch/m/michnikr/geometric_scaling_checkpoints_esen/esen-sphere-8-neutral-epoch/esen/run_9897808_params_878.4_thousand/dim_32_step_step=25000.ckpt,,,,dev-equivariant-scaling-laws/analysis_outputs/four_arch_force_scaling_repaired_2026_08_14/four_arch_force_checkpoint_table.csv
esen,eSEN (lmax=4),8,50000,50000,878434,878434.0,True,runs_csv,86663206,checkpoint token_processed,74.36,223.08,1.6982613426503044e+16,0.0070184656575738,0.0301714118905623,0.0118356147434378,0.0755467289073637,0.9502856640906588,0.0046662606994457,0.3483767259000816,True,eval reproduces training-time f_loss/val,,9897808,9897808.0,esen-sphere-8-neutral-epoch,run_9897808_params_878.4_thousand,outputs/2026-06-22/10-38-38,hydra_run_dir,866,27697,1238644,1733.26412,True,18270697607856960,12869710,1782148030,/network/scratch/m/michnikr/geometric_scaling_checkpoints_esen/esen-sphere-8-neutral-epoch/esen/run_9897808_params_878.4_thousand/dim_32_step_step=50000.ckpt,,,,dev-equivariant-scaling-laws/analysis_outputs/four_arch_force_scaling_repaired_2026_08_14/four_arch_force_checkpoint_table.csv
esen,eSEN (lmax=4),8,75000,75000,878434,878434.0,True,runs_csv,130023779,checkpoint token_processed,74.36,223.08,2.5479597131567744e+16,0.0050666550842869,0.025148973583005,0.0099720210839558,0.0636514105788898,0.7203365034374298,0.0034853468831105,0.2863432046611563,True,eval reproduces training-time f_loss/val,,9897808,9897808.0,esen-sphere-8-neutral-epoch,run_9897808_params_878.4_thousand,outputs/2026-06-22/10-38-38,hydra_run_dir,866,27697,1238644,1733.6503866666667,True,27412153987700640,12870221,1782152528,/network/scratch/m/michnikr/geometric_scaling_checkpoints_esen/esen-sphere-8-neutral-epoch/esen/run_9897808_params_878.4_thousand/dim_32_step_step=75000.ckpt,,,,dev-equivariant-scaling-laws/analysis_outputs/four_arch_force_scaling_repaired_2026_08_14/four_arch_force_checkpoint_table.csv
esen,eSEN (lmax=4),8,100000,100000,878434,878434.0,True,runs_csv,173332014,checkpoint token_processed,74.36,223.08,3.396632462684583e+16,0.0039869753879658,0.0220883671402948,0.0088158737840966,0.0562717223638888,0.6229731034117538,0.0029406809409613,0.250290480812562,True,eval reproduces training-time f_loss/val,,9897808,9897808.0,esen-sphere-8-neutral-epoch,run_9897808_params_878.4_thousand,outputs/2026-06-22/10-38-38,hydra_run_dir,866,27697,1238644,1733.32014,True,36542576252658240,12870668,1782157049,/network/scratch/m/michnikr/geometric_scaling_checkpoints_esen/esen-sphere-8-neutral-epoch/esen/run_9897808_params_878.4_thousand/dim_32_step_step=100000.ckpt,,,,dev-equivariant-scaling-laws/analysis_outputs/four_arch_force_scaling_repaired_2026_08_14/four_arch_force_checkpoint_table.csv
esen,eSEN (lmax=4),8,125000,125000,878434,878434.0,True,runs_csv,216671114,checkpoint token_processed,74.36,223.08,4.245910046013958e+16,0.0033291185347446,0.0199693081874667,0.0079874093977566,0.0509836341858804,0.578427736464604,0.0026887605555154,0.2265806874298215,True,eval reproduces training-time f_loss/val,,9897808,9897808.0,esen-sphere-8-neutral-epoch,run_9897808_params_878.4_thousand,outputs/2026-06-22/10-38-38,hydra_run_dir,866,27697,1238644,1733.368912,True,45679505605314240,12871051,1782161577,/network/scratch/m/michnikr/geometric_scaling_checkpoints_esen/esen-sphere-8-neutral-epoch/esen/run_9897808_params_878.4_thousand/dim_32_step_step=125000.ckpt,,,,dev-equivariant-scaling-laws/analysis_outputs/four_arch_force_scaling_repaired_2026_08_14/four_arch_force_checkpoint_table.csv
esen,eSEN (lmax=4),8,150000,150000,878434,878434.0,True,runs_csv,259995645,checkpoint token_processed,74.36,223.08,5.094902133679798e+16,0.0029461190215253,0.0185556553086958,0.0074185605955496,0.0473526722813932,0.5271406167855714,0.0024390868557209,0.209947421644168,True,eval reproduces training-time f_loss/val,,9897808,9897808.0,esen-sphere-8-neutral-epoch,run_9897808_params_878.4_thousand,outputs/2026-06-22/10-38-38,hydra_run_dir,866,27697,1238644,1733.3043,True,54813363460783200,12871498,1782166158,/network/scratch/m/michnikr/geometric_scaling_checkpoints_esen/esen-sphere-8-neutral-epoch/esen/run_9897808_params_878.4_thousand/dim_32_step_step=150000.ckpt,,,,dev-equivariant-scaling-laws/analysis_outputs/four_arch_force_scaling_repaired_2026_08_14/four_arch_force_checkpoint_table.csv
esen,eSEN (lmax=4),8,175000,175000,878434,878434.0,True,runs_csv,303313252,checkpoint token_processed,74.36,223.08,5.9437585379099656e+16,0.0026792473271541,0.0175316644634612,0.0070003131162472,0.044682998621006,0.5004451348001081,0.0022890514454333,0.198207159088946,True,eval reproduces training-time f_loss/val,,9897808,9897808.0,esen-sphere-8-neutral-epoch,run_9897808_params_878.4_thousand,outputs/2026-06-22/10-38-38,hydra_run_dir,866,27697,1238644,1733.2185828571428,True,63945761569768320,12871945,1782170884,/network/scratch/m/michnikr/geometric_scaling_checkpoints_esen/esen-sphere-8-neutral-epoch/esen/run_9897808_params_878.4_thousand/dim_32_step_step=175000.ckpt,,,,dev-equivariant-scaling-laws/analysis_outputs/four_arch_force_scaling_repaired_2026_08_14/four_arch_force_checkpoint_table.csv
esen,eSEN (lmax=4),8,200000,200000,878434,878434.0,True,runs_csv,346647268,checkpoint token_processed,74.36,223.08,6.792936494638104e+16,0.002492844086101,0.0167310000676876,0.0066701359830005,0.0425754779794922,0.4715565198873262,0.0021508411679354,0.1888184123562313,True,eval reproduces training-time f_loss/val,,9897808,9897808.0,esen-sphere-8-neutral-epoch,run_9897808_params_878.4_thousand,outputs/2026-06-22/10-38-38,hydra_run_dir,866,27697,1238644,1733.23634,True,73081619092394880,12872392,1782175459,/network/scratch/m/michnikr/geometric_scaling_checkpoints_esen/esen-sphere-8-neutral-epoch/esen/run_9897808_params_878.4_thousand/dim_32_step_step=200000.ckpt,,,,dev-equivariant-scaling-laws/analysis_outputs/four_arch_force_scaling_repaired_2026_08_14/four_arch_force_checkpoint_table.csv
esen,eSEN (lmax=4),8,225000,225000,878434,878434.0,True,runs_csv,389972314,checkpoint token_processed,74.36,223.08,7.641938674298365e+16,0.0023409347771438,0.0160574675526891,0.0063957129913319,0.0408238360236719,0.4422805455037958,0.0020211001875053,0.1807856774019447,True,eval reproduces training-time f_loss/val,,9897808,9897808.0,esen-sphere-8-neutral-epoch,run_9897808_params_878.4_thousand,outputs/2026-06-22/10-38-38,hydra_run_dir,866,27697,1238644,1733.2102844444444,True,82215585522306240,12872775,1782180183,/network/scratch/m/michnikr/geometric_scaling_checkpoints_esen/esen-sphere-8-neutral-epoch/esen/run_9897808_params_878.4_thousand/dim_32_step_step=225000.ckpt,,,,dev-equivariant-scaling-laws/analysis_outputs/four_arch_force_scaling_repaired_2026_08_14/four_arch_force_checkpoint_table.csv
esen,eSEN (lmax=4),8,250000,250000,878434,878434.0,True,runs_csv,433270122,checkpoint token_processed,74.36,223.08,8.490407095232331e+16,0.0022107906756596,0.0154985874669742,0.0061669873721698,0.0393638803965603,0.4230459042702206,0.0019274374638688,0.1742602493084309,True,eval reproduces training-time f_loss/val,,9897808,9897808.0,esen-sphere-8-neutral-epoch,run_9897808_params_878.4_thousand,outputs/2026-06-22/10-38-38,hydra_run_dir,866,27697,1238644,1733.080488,True,91343809523747520,12873222,1782184750,/network/scratch/m/michnikr/geometric_scaling_checkpoints_esen/esen-sphere-8-neutral-epoch/esen/run_9897808_params_878.4_thousand/dim_32_step_step=250000.ckpt,,,,dev-equivariant-scaling-laws/analysis_outputs/four_arch_force_scaling_repaired_2026_08_14/four_arch_force_checkpoint_table.csv
esen,eSEN (lmax=4),8,275000,275000,878434,878434.0,True,runs_csv,476605759,checkpoint token_processed,74.36,223.08,9.339616817247763e+16,0.0021130583928166,0.0150262767644749,0.0059694461799734,0.0381029749667706,0.4056879107003674,0.0018528112130751,0.1687908797755011,True,eval reproduces training-time f_loss/val,,9897808,9897808.0,esen-sphere-8-neutral-epoch,run_9897808_params_878.4_thousand,outputs/2026-06-22/10-38-38,hydra_run_dir,866,27697,1238644,1733.111850909091,True,100480008792337440,12873669,1782189347,/network/scratch/m/michnikr/geometric_scaling_checkpoints_esen/esen-sphere-8-neutral-epoch/esen/run_9897808_params_878.4_thousand/dim_32_step_step=275000.ckpt,,,,dev-equivariant-scaling-laws/analysis_outputs/four_arch_force_scaling_repaired_2026_08_14/four_arch_force_checkpoint_table.csv
esen,eSEN (lmax=4),8,300000,300000,878434,878434.0,True,runs_csv,519928706,checkpoint token_processed,74.36,223.08,1.018857786468222e+17,0.0020293111195526,0.0146045585283385,0.0057927197515806,0.036974930174339,0.3918581192164443,0.0017932880549249,0.1639784658326354,True,eval reproduces training-time f_loss/val,,9897808,9897808.0,esen-sphere-8-neutral-epoch,run_9897808_params_878.4_thousand,outputs/2026-06-22/10-38-38,hydra_run_dir,866,27697,1238644,1733.0956866666668,True,109613532702336960,12874116,1782194209,/network/scratch/m/michnikr/geometric_scaling_checkpoints_esen/esen-sphere-8-neutral-epoch/esen/run_9897808_params_878.4_thousand/dim_32_step_step=300000.ckpt,,,,dev-equivariant-scaling-laws/analysis_outputs/four_arch_force_scaling_repaired_2026_08_14/four_arch_force_checkpoint_table.csv
esen,eSEN (lmax=4),8,325000,325000,878434,878434.0,True,runs_csv,563220863,checkpoint token_processed,74.36,223.08,1.1036935548023037e+17,0.0019471780246773,0.0142236494020436,0.005634427918804,0.0359645534057264,0.3822196241958587,0.0017509494725196,0.1597459887456327,True,eval reproduces training-time f_loss/val,,9897808,9897808.0,esen-sphere-8-neutral-epoch,run_9897808_params_878.4_thousand,outputs/2026-06-22/10-38-38,hydra_run_dir,866,27697,1238644,1732.9872707692307,True,118740565336450080,12874499,1782198916,/network/scratch/m/michnikr/geometric_scaling_checkpoints_esen/esen-sphere-8-neutral-epoch/esen/run_9897808_params_878.4_thousand/dim_32_step_step=325000.ckpt,,,,dev-equivariant-scaling-laws/analysis_outputs/four_arch_force_scaling_repaired_2026_08_14/four_arch_force_checkpoint_table.csv
esen,eSEN (lmax=4),8,350000,350000,878434,878434.0,True,runs_csv,606536446,checkpoint token_processed,74.36,223.08,1.1885752289735322e+17,0.0018798745178881,0.0138912124244182,0.0054988392229173,0.0350990907598811,0.375138795988389,0.0017197024345765,0.1561091485899479,True,eval reproduces training-time f_loss/val,,9897808,9897808.0,esen-sphere-8-neutral-epoch,run_9897808_params_878.4_thousand,outputs/2026-06-22/10-38-38,hydra_run_dir,866,27697,1238644,1732.9612742857144,True,127872536737335360,12874946,1782203530,/network/scratch/m/michnikr/geometric_scaling_checkpoints_esen/esen-sphere-8-neutral-epoch/esen/run_9897808_params_878.4_thousand/dim_32_step_step=350000.ckpt,,,,dev-equivariant-scaling-laws/analysis_outputs/four_arch_force_scaling_repaired_2026_08_14/four_arch_force_checkpoint_table.csv
esen,eSEN (lmax=4),8,375000,375000,878434,878434.0,True,runs_csv,649845462,checkpoint token_processed,74.36,223.08,1.273444034382166e+17,0.0018188777618655,0.0135996299387142,0.0053803098411454,0.0343425177160314,0.3689489284784084,0.0016902073472792,0.1528983728599349,True,eval reproduces training-time f_loss/val,,9897808,9897808.0,esen-sphere-8-neutral-epoch,run_9897808_params_878.4_thousand,outputs/2026-06-22/10-38-38,hydra_run_dir,866,27697,1238644,1732.921232,True,137003123655961920,12875393,1782208213,/network/scratch/m/michnikr/geometric_scaling_checkpoints_esen/esen-sphere-8-neutral-epoch/esen/run_9897808_params_878.4_thousand/dim_32_step_step=375000.ckpt,,,,dev-equivariant-scaling-laws/analysis_outputs/four_arch_force_scaling_repaired_2026_08_14/four_arch_force_checkpoint_table.csv
esen,eSEN (lmax=4),8,400000,400000,878434,878434.0,True,runs_csv,693194561,checkpoint token_processed,74.36,223.08,1.358391386861165e+17,0.0017598524265333,0.0133098686478524,0.005263137664111,0.0335946077100209,0.3615007966102959,0.0016539603803526,0.1496382902820506,True,eval reproduces training-time f_loss/val,,9897808,9897808.0,esen-sphere-8-neutral-epoch,run_9897808_params_878.4_thousand,outputs/2026-06-22/10-38-38,hydra_run_dir,866,27697,1238644,1732.9864025,True,146142161039393760,12875840,1782212921,/network/scratch/m/michnikr/geometric_scaling_checkpoints_esen/esen-sphere-8-neutral-epoch/esen/run_9897808_params_878.4_thousand/dim_32_step_step=400000.ckpt,,,,dev-equivariant-scaling-laws/analysis_outputs/four_arch_force_scaling_repaired_2026_08_14/four_arch_force_checkpoint_table.csv
esen,eSEN (lmax=4),8,425000,425000,878434,878434.0,True,runs_csv,736482222,checkpoint token_processed,74.36,223.08,1.4432183447861363e+17,0.001705221340999,0.013040291539589,0.0051544482094309,0.0329008429207974,0.351846897178792,0.0016138163967153,0.1465410793630441,True,eval reproduces training-time f_loss/val,,9897808,9897808.0,esen-sphere-8-neutral-epoch,run_9897808_params_878.4_thousand,outputs/2026-06-22/10-38-38,hydra_run_dir,866,27697,1238644,1732.899345882353,True,155268245808083520,12876287,1782217442,/network/scratch/m/michnikr/geometric_scaling_checkpoints_esen/esen-sphere-8-neutral-epoch/esen/run_9897808_params_878.4_thousand/dim_32_step_step=425000.ckpt,,,,dev-equivariant-scaling-laws/analysis_outputs/four_arch_force_scaling_repaired_2026_08_14/four_arch_force_checkpoint_table.csv
esen,eSEN (lmax=4),8,450000,450000,878434,878434.0,True,runs_csv,779777582,checkpoint token_processed,74.36,223.08,1.5280603897528646e+17,0.001657643681965,0.0128008858548094,0.005056815223238,0.0322776515699286,0.34384468126414,0.001580311535058,0.1438119738986747,True,eval reproduces training-time f_loss/val,,9897808,9897808.0,esen-sphere-8-neutral-epoch,run_9897808_params_878.4_thousand,outputs/2026-06-22/10-38-38,hydra_run_dir,866,27697,1238644,1732.839071111111,True,164395953711981120,12876670,1782222034,/network/scratch/m/michnikr/geometric_scaling_checkpoints_esen/esen-sphere-8-neutral-epoch/esen/run_9897808_params_878.4_thousand/dim_32_step_step=450000.ckpt,,,,dev-equivariant-scaling-laws/analysis_outputs/four_arch_force_scaling_repaired_2026_08_14/four_arch_force_checkpoint_table.csv
esen,eSEN (lmax=4),8,475000,475000,878434,878434.0,True,runs_csv,823077657,checkpoint token_processed,74.36,223.08,1.612911674283417e+17,0.0016143389645274,0.0125808353023926,0.0049672349123243,0.0317058604453662,0.3369633168085342,0.0015501536904268,0.1413098899281947,True,eval reproduces training-time f_loss/val,,9897808,9897808.0,esen-sphere-8-neutral-epoch,run_9897808_params_878.4_thousand,outputs/2026-06-22/10-38-38,hydra_run_dir,866,27697,1238644,1732.795067368421,True,173524655651793120,12877117,1782226525,/network/scratch/m/michnikr/geometric_scaling_checkpoints_esen/esen-sphere-8-neutral-epoch/esen/run_9897808_params_878.4_thousand/dim_32_step_step=475000.ckpt,,,,dev-equivariant-scaling-laws/analysis_outputs/four_arch_force_scaling_repaired_2026_08_14/four_arch_force_checkpoint_table.csv
esen,eSEN (lmax=4),8,500000,500000,878434,878434.0,True,runs_csv,866390858,checkpoint token_processed,74.36,223.08,1.6977886806622746e+17,0.001575087197377,0.0123753534741785,0.0048830245235808,0.0311683455340168,0.3285786597096892,0.0015153126443217,0.1389066611850036,True,eval reproduces training-time f_loss/val,,9897808,9897808.0,esen-sphere-8-neutral-epoch,run_9897808_params_878.4_thousand,outputs/2026-06-22/10-38-38,hydra_run_dir,866,27697,1238644,1732.781716,True,182656124869529280,12877564,1782231229,/network/scratch/m/michnikr/geometric_scaling_checkpoints_esen/esen-sphere-8-neutral-epoch/esen/run_9897808_params_878.4_thousand/dim_32_step_step=500000.ckpt,,,,dev-equivariant-scaling-laws/analysis_outputs/four_arch_force_scaling_repaired_2026_08_14/four_arch_force_checkpoint_table.csv
esen,eSEN (lmax=4),8,525000,525000,878434,878434.0,True,runs_csv,909680830,checkpoint token_processed,74.36,223.08,1.782620167247267e+17,0.0015394358056076,0.0121839097916099,0.004806038753779,0.0306769453653717,0.32231684268278,0.0014888254398849,0.1367273523149486,True,eval reproduces training-time f_loss/val,,9897808,9897808.0,esen-sphere-8-neutral-epoch,run_9897808_params_878.4_thousand,outputs/2026-06-22/10-38-38,hydra_run_dir,866,27697,1238644,1732.7253904761906,True,191782696852852800,12878011,1782235675,/network/scratch/m/michnikr/geometric_scaling_checkpoints_esen/esen-sphere-8-neutral-epoch/esen/run_9897808_params_878.4_thousand/dim_32_step_step=525000.ckpt,,,,dev-equivariant-scaling-laws/analysis_outputs/four_arch_force_scaling_repaired_2026_08_14/four_arch_force_checkpoint_table.csv
esen,eSEN (lmax=4),10,50000,50000,1089390,1089390.0,True,runs_csv,86650769,checkpoint token_processed,74.36,223.08,2.10579670352222e+16,0.0060544097484207,0.0289230985893904,0.0114715221814947,0.0732227260844812,0.911754356555245,0.0043477473458421,0.3327084593523259,True,eval reproduces training-time f_loss/val,,9741255,9741255.0,esen-sphere-10-neutral-epoch,run_9741255_params_1.1_million,outputs/2026-06-05/12-34-36,hydra_run_dir,866,27697,1238644,1733.01538,True,22655155497818400,15402511,1780686474,/network/scratch/m/michnikr/geometric_scaling_checkpoints_esen/esen-sphere-10-neutral-epoch/esen/run_9741255_params_1.1_million/dim_32_step_step=50000.ckpt,,,,dev-equivariant-scaling-laws/analysis_outputs/four_arch_force_scaling_repaired_2026_08_14/four_arch_force_checkpoint_table.csv
esen,eSEN (lmax=4),10,100000,100000,1089390,1089390.0,True,runs_csv,173271983,checkpoint token_processed,74.36,223.08,4.2108751581207336e+16,0.003547296750403,0.021382107499419,0.008602714536417,0.0549111268859502,0.6675362850756623,0.003108328340874,0.2449043584029313,True,eval reproduces training-time f_loss/val,,9741255,9741255.0,esen-sphere-10-neutral-epoch,run_9741255_params_1.1_million,outputs/2026-06-05/12-34-36,hydra_run_dir,866,27697,1238644,1732.71983,True,45302583734488800,15403150,1780695517,/network/scratch/m/michnikr/geometric_scaling_checkpoints_esen/esen-sphere-10-neutral-epoch/esen/run_9741255_params_1.1_million/dim_32_step_step=100000.ckpt,,,,dev-equivariant-scaling-laws/analysis_outputs/four_arch_force_scaling_repaired_2026_08_14/four_arch_force_checkpoint_table.csv
esen,eSEN (lmax=4),10,150000,150000,1089390,1089390.0,True,runs_csv,259916982,checkpoint token_processed,74.36,223.08,6.3165316384560216e+16,0.0026813859203222,0.0179301067126385,0.0072505435163391,0.046280219264793,0.5308412681172406,0.0024034797637287,0.2033358647636735,True,eval reproduces training-time f_loss/val,,9741255,9741255.0,esen-sphere-10-neutral-epoch,run_9741255_params_1.1_million,outputs/2026-06-05/12-34-36,hydra_run_dir,866,27697,1238644,1732.77988,True,67956230645035200,15403533,1780704570,/network/scratch/m/michnikr/geometric_scaling_checkpoints_esen/esen-sphere-10-neutral-epoch/esen/run_9741255_params_1.1_million/dim_32_step_step=150000.ckpt,,,,dev-equivariant-scaling-laws/analysis_outputs/four_arch_force_scaling_repaired_2026_08_14/four_arch_force_checkpoint_table.csv
esen,eSEN (lmax=4),10,200000,200000,1089390,1089390.0,True,runs_csv,346530849,checkpoint token_processed,74.36,223.08,8.421431545436789e+16,0.0022493864718274,0.0159344543943796,0.0064280008868736,0.0410299296609145,0.4320452411338584,0.0019749273145039,0.1790938170888358,True,eval reproduces training-time f_loss/val,,9741255,9741255.0,esen-sphere-10-neutral-epoch,run_9741255_params_1.1_million,outputs/2026-06-05/12-34-36,hydra_run_dir,866,27697,1238644,1732.654245,True,90601737982106400,15403980,1780713610,/network/scratch/m/michnikr/geometric_scaling_checkpoints_esen/esen-sphere-10-neutral-epoch/esen/run_9741255_params_1.1_million/dim_32_step_step=200000.ckpt,,,,dev-equivariant-scaling-laws/analysis_outputs/four_arch_force_scaling_repaired_2026_08_14/four_arch_force_checkpoint_table.csv
esen,eSEN (lmax=4),10,250000,250000,1089390,1089390.0,True,runs_csv,433133569,checkpoint token_processed,74.36,223.08,1.0526060556773757e+17,0.0019832031558564,0.0145876188751731,0.0058660007282819,0.0374426826486239,0.3800397700787141,0.0017371289503296,0.1632474782550277,True,eval reproduces training-time f_loss/val,,9741255,9741255.0,esen-sphere-10-neutral-epoch,run_9741255_params_1.1_million,outputs/2026-06-05/12-34-36,hydra_run_dir,866,27697,1238644,1732.534276,True,113244330895898400,15404427,1780722736,/network/scratch/m/michnikr/geometric_scaling_checkpoints_esen/esen-sphere-10-neutral-epoch/esen/run_9741255_params_1.1_million/dim_32_step_step=250000.ckpt,,,,dev-equivariant-scaling-laws/analysis_outputs/four_arch_force_scaling_repaired_2026_08_14/four_arch_force_checkpoint_table.csv
esen,eSEN (lmax=4),10,300000,300000,1089390,1089390.0,True,runs_csv,519771570,checkpoint token_processed,74.36,223.08,1.2631546970928429e+17,0.0018108984819163,0.0136099839717468,0.0054577425383849,0.0348367706225113,0.3533599985458008,0.0016089134503319,0.1521889742207874,True,eval reproduces training-time f_loss/val,,9741255,9741255.0,esen-sphere-10-neutral-epoch,run_9741255_params_1.1_million,outputs/2026-06-05/12-34-36,hydra_run_dir,866,27697,1238644,1732.5719,True,135896148154152000,15404810,1780731889,/network/scratch/m/michnikr/geometric_scaling_checkpoints_esen/esen-sphere-10-neutral-epoch/esen/run_9741255_params_1.1_million/dim_32_step_step=300000.ckpt,,,,dev-equivariant-scaling-laws/analysis_outputs/four_arch_force_scaling_repaired_2026_08_14/four_arch_force_checkpoint_table.csv
esen,eSEN (lmax=4),10,350000,350000,1089390,1089390.0,True,runs_csv,606384097,checkpoint token_processed,74.36,223.08,1.4736414313078954e+17,0.001669965585197,0.0128488127689584,0.0051393296677837,0.0328043412694634,0.3982818246782514,0.0017304985572134,0.1457931132617193,True,eval reproduces training-time f_loss/val,,9741255,9741255.0,esen-sphere-10-neutral-epoch,run_9741255_params_1.1_million,outputs/2026-06-05/12-34-36,hydra_run_dir,866,27697,1238644,1732.5259914285714,True,158541305143399200,15405257,1780741008,/network/scratch/m/michnikr/geometric_scaling_checkpoints_esen/esen-sphere-10-neutral-epoch/esen/run_9741255_params_1.1_million/dim_32_step_step=350000.ckpt,,,,dev-equivariant-scaling-laws/analysis_outputs/four_arch_force_scaling_repaired_2026_08_14/four_arch_force_checkpoint_table.csv
esen,eSEN (lmax=4),10,400000,400000,1089390,1089390.0,True,runs_csv,693060898,checkpoint token_processed,74.36,223.08,1.6842843649183882e+17,0.0015457131341744,0.0122233991340172,0.0048867303280878,0.0311919996841847,0.3662842005904222,0.0016014889505311,0.1382488808454838,True,eval reproduces training-time f_loss/val,,9741255,9741255.0,esen-sphere-10-neutral-epoch,run_9741255_params_1.1_million,outputs/2026-06-05/12-34-36,hydra_run_dir,866,27697,1238644,1732.652245,True,181203266801332800,15405704,1780750091,/network/scratch/m/michnikr/geometric_scaling_checkpoints_esen/esen-sphere-10-neutral-epoch/esen/run_9741255_params_1.1_million/dim_32_step_step=400000.ckpt,,,,dev-equivariant-scaling-laws/analysis_outputs/four_arch_force_scaling_repaired_2026_08_14/four_arch_force_checkpoint_table.csv
esen,eSEN (lmax=4),10,450000,450000,1089390,1089390.0,True,runs_csv,779692507,checkpoint token_processed,74.36,223.08,1.8948174724237885e+17,0.001445180365089,0.0117018790964002,0.0046770874900778,0.029853849449167,0.3159019492102,0.0014166141049984,0.1311849320139875,True,eval reproduces training-time f_loss/val,,9741255,9741255.0,esen-sphere-10-neutral-epoch,run_9741255_params_1.1_million,outputs/2026-06-05/12-34-36,hydra_run_dir,866,27697,1238644,1732.6500155555557,True,203853412848175200,15406151,1780759102,/network/scratch/m/michnikr/geometric_scaling_checkpoints_esen/esen-sphere-10-neutral-epoch/esen/run_9741255_params_1.1_million/dim_32_step_step=450000.ckpt,,,,dev-equivariant-scaling-laws/analysis_outputs/four_arch_force_scaling_repaired_2026_08_14/four_arch_force_checkpoint_table.csv
esen,eSEN (lmax=4),10,500000,500000,1089390,1089390.0,True,runs_csv,866303694,checkpoint token_processed,74.36,223.08,2.105300950155817e+17,0.0013623722364574,0.011288906695476,0.0045139463311397,0.0288125194316648,0.2956813099099362,0.001335008066949,0.1262391476242509,True,eval reproduces training-time f_loss/val,,9741255,9741255.0,esen-sphere-10-neutral-epoch,run_9741255_params_1.1_million,outputs/2026-06-05/12-34-36,hydra_run_dir,866,27697,1238644,1732.607388,True,226498219489598400,15406534,1780768068,/network/scratch/m/michnikr/geometric_scaling_checkpoints_esen/esen-sphere-10-neutral-epoch/esen/run_9741255_params_1.1_million/dim_32_step_step=500000.ckpt,,,,dev-equivariant-scaling-laws/analysis_outputs/four_arch_force_scaling_repaired_2026_08_14/four_arch_force_checkpoint_table.csv
esen,eSEN (lmax=4),12,50000,50000,1300346,1300346.0,True,runs_csv,86644794,checkpoint token_processed,74.36,223.08,2.513402457651935e+16,0.0057856780064171,0.0270986773749043,0.01080429726744,0.0689638294580695,0.8553773083532655,0.0040214246133015,0.3112010198820588,True,eval reproduces training-time f_loss/val,,9736066,9736066.0,esen-sphere-12-neutral-epoch,run_9736066_params_1.3_million,outputs/2026-06-05/10-44-48,hydra_run_dir,866,27697,1238644,1732.89588,True,27040370711693760,17928975,1780605771,/network/scratch/m/michnikr/geometric_scaling_checkpoints_esen/esen-sphere-12-neutral-epoch/esen/run_9736066_params_1.3_million/dim_32_step_step=50000.ckpt,,,,dev-equivariant-scaling-laws/analysis_outputs/four_arch_force_scaling_repaired_2026_08_14/four_arch_force_checkpoint_table.csv
esen,eSEN (lmax=4),12,100000,100000,1300346,1300346.0,True,runs_csv,173335073,checkpoint token_processed,74.36,223.08,5.028124349576935e+16,0.0033722937717191,0.019883812272891,0.0079676513412796,0.0508575185113876,0.6189145050065347,0.0027178998215325,0.226017120944236,True,eval reproduces training-time f_loss/val,,9736066,9736066.0,esen-sphere-12-neutral-epoch,run_9736066_params_1.3_million,outputs/2026-06-05/10-44-48,hydra_run_dir,866,27697,1238644,1733.35073,True,54094936520461920,17929550,1780615120,/network/scratch/m/michnikr/geometric_scaling_checkpoints_esen/esen-sphere-12-neutral-epoch/esen/run_9736066_params_1.3_million/dim_32_step_step=100000.ckpt,,,,dev-equivariant-scaling-laws/analysis_outputs/four_arch_force_scaling_repaired_2026_08_14/four_arch_force_checkpoint_table.csv
esen,eSEN (lmax=4),12,150000,150000,1300346,1300346.0,True,runs_csv,259930297,checkpoint token_processed,74.36,223.08,7.540088874791454e+16,0.0025348609637879,0.0165977838156663,0.0066379687681512,0.0423701546471092,0.4681258168561905,0.0020696794283232,0.1866746324398953,True,eval reproduces training-time f_loss/val,,9736066,9736066.0,esen-sphere-12-neutral-epoch,run_9736066_params_1.3_million,outputs/2026-06-05/10-44-48,hydra_run_dir,866,27697,1238644,1732.8686466666666,True,81119837275862880,17929997,1780624632,/network/scratch/m/michnikr/geometric_scaling_checkpoints_esen/esen-sphere-12-neutral-epoch/esen/run_9736066_params_1.3_million/dim_32_step_step=150000.ckpt,,,,dev-equivariant-scaling-laws/analysis_outputs/four_arch_force_scaling_repaired_2026_08_14/four_arch_force_checkpoint_table.csv
esen,eSEN (lmax=4),12,200000,200000,1300346,1300346.0,True,runs_csv,346560650,checkpoint token_processed,74.36,223.08,1.0053072426203149e+17,0.0020975808668252,0.0146934303877698,0.0058641750096629,0.0374310290866787,0.3950378684193653,0.0017562507203157,0.1644968110808563,True,eval reproduces training-time f_loss/val,,9736066,9736066.0,esen-sphere-12-neutral-epoch,run_9736066_params_1.3_million,outputs/2026-06-05/10-44-48,hydra_run_dir,866,27697,1238644,1732.80325,True,108155701196376000,17930444,1780634122,/network/scratch/m/michnikr/geometric_scaling_checkpoints_esen/esen-sphere-12-neutral-epoch/esen/run_9736066_params_1.3_million/dim_32_step_step=200000.ckpt,,,,dev-equivariant-scaling-laws/analysis_outputs/four_arch_force_scaling_repaired_2026_08_14/four_arch_force_checkpoint_table.csv
esen,eSEN (lmax=4),12,250000,250000,1300346,1300346.0,True,runs_csv,433222057,checkpoint token_processed,74.36,223.08,1.2566956795728854e+17,0.0018142730739144,0.0134013223066048,0.0053391399205393,0.0340797301128024,0.3499989769922668,0.0015593655931028,0.1496068789970772,True,eval reproduces training-time f_loss/val,,9736066,9736066.0,esen-sphere-12-neutral-epoch,run_9736066_params_1.3_million,outputs/2026-06-05/10-44-48,hydra_run_dir,866,27697,1238644,1732.888228,True,135201256543613280,17930827,1780643671,/network/scratch/m/michnikr/geometric_scaling_checkpoints_esen/esen-sphere-12-neutral-epoch/esen/run_9736066_params_1.3_million/dim_32_step_step=250000.ckpt,,,,dev-equivariant-scaling-laws/analysis_outputs/four_arch_force_scaling_repaired_2026_08_14/four_arch_force_checkpoint_table.csv
esen,eSEN (lmax=4),12,300000,300000,1300346,1300346.0,True,runs_csv,519847809,checkpoint token_processed,74.36,223.08,1.5079806880787018e+17,0.0016309327322451,0.0124872089557212,0.0049616535453746,0.0316702345801263,0.3162439392307476,0.0014156812199581,0.1390289017567938,True,eval reproduces training-time f_loss/val,,9736066,9736066.0,esen-sphere-12-neutral-epoch,run_9736066_params_1.3_million,outputs/2026-06-05/10-44-48,hydra_run_dir,866,27697,1238644,1732.82603,True,162235684570059360,17931274,1780653129,/network/scratch/m/michnikr/geometric_scaling_checkpoints_esen/esen-sphere-12-neutral-epoch/esen/run_9736066_params_1.3_million/dim_32_step_step=300000.ckpt,,,,dev-equivariant-scaling-laws/analysis_outputs/four_arch_force_scaling_repaired_2026_08_14/four_arch_force_checkpoint_table.csv
esen,eSEN (lmax=4),12,350000,350000,1300346,1300346.0,True,runs_csv,606532796,checkpoint token_processed,74.36,223.08,1.7594375261748557e+17,0.0014977460016236,0.0118114131832964,0.004683137836092,0.0298924688077757,0.2917584209051198,0.0013082656239019,0.1311967880719832,True,eval reproduces training-time f_loss/val,,9736066,9736066.0,esen-sphere-12-neutral-epoch,run_9736066_params_1.3_million,outputs/2026-06-05/10-44-48,hydra_run_dir,866,27697,1238644,1732.9508457142856,True,189288598835379840,17931721,1780662674,/network/scratch/m/michnikr/geometric_scaling_checkpoints_esen/esen-sphere-12-neutral-epoch/esen/run_9736066_params_1.3_million/dim_32_step_step=350000.ckpt,,,,dev-equivariant-scaling-laws/analysis_outputs/four_arch_force_scaling_repaired_2026_08_14/four_arch_force_checkpoint_table.csv
esen,eSEN (lmax=4),12,400000,400000,1300346,1300346.0,True,runs_csv,693177590,checkpoint token_processed,74.36,223.08,2.0107777719400493e+17,0.0014071928610325,0.0113009001374649,0.0044719827256739,0.0285446657379766,0.2786191849007893,0.0012465923193879,0.1254749245685283,True,eval reproduces training-time f_loss/val,,9740948,9740948.0,esen-sphere-12-neutral-epoch,run_9740948_params_1.3_million,outputs/2026-06-05/10-44-48,hydra_run_dir,866,27697,1238644,1732.943975,True,216328969547073600,17928975,1780680719,/network/scratch/m/michnikr/geometric_scaling_checkpoints_esen/esen-sphere-12-neutral-epoch/esen/run_9740948_params_1.3_million/dim_32_step_step=400000.ckpt,,,,dev-equivariant-scaling-laws/analysis_outputs/four_arch_force_scaling_repaired_2026_08_14/four_arch_force_checkpoint_table.csv
esen,eSEN (lmax=4),12,450000,450000,1300346,1300346.0,True,runs_csv,779867869,checkpoint token_processed,74.36,223.08,2.262249961132549e+17,0.001339430639521,0.0108722342612699,0.0042933603754598,0.0274045192765601,0.2640272440178014,0.0011771332895542,0.1204936755082422,True,eval reproduces training-time f_loss/val,,9740948,9740948.0,esen-sphere-12-neutral-epoch,run_9740948_params_1.3_million,outputs/2026-06-05/10-44-48,hydra_run_dir,866,27697,1238644,1733.039708888889,True,243383535355841760,17929550,1780690601,/network/scratch/m/michnikr/geometric_scaling_checkpoints_esen/esen-sphere-12-neutral-epoch/esen/run_9740948_params_1.3_million/dim_32_step_step=450000.ckpt,,,,dev-equivariant-scaling-laws/analysis_outputs/four_arch_force_scaling_repaired_2026_08_14/four_arch_force_checkpoint_table.csv
esen,eSEN (lmax=4),12,500000,500000,1300346,1300346.0,True,runs_csv,866463093,checkpoint token_processed,74.36,223.08,2.5134464136540013e+17,0.0012820273366166,0.0105048776469806,0.0041421655294714,0.0264394425746165,0.2582937962876732,0.0011466703274221,0.1165154797440275,True,eval reproduces training-time f_loss/val,,9740948,9740948.0,esen-sphere-12-neutral-epoch,run_9740948_params_1.3_million,outputs/2026-06-05/10-44-48,hydra_run_dir,866,27697,1238644,1732.926186,True,270408436111242720,17929997,1780700403,/network/scratch/m/michnikr/geometric_scaling_checkpoints_esen/esen-sphere-12-neutral-epoch/esen/run_9740948_params_1.3_million/dim_32_step_step=500000.ckpt,,,,dev-equivariant-scaling-laws/analysis_outputs/four_arch_force_scaling_repaired_2026_08_14/four_arch_force_checkpoint_table.csv
esen,eSEN (lmax=4),16,50000,50000,1722258,1722258.0,True,runs_csv,86660256,checkpoint token_processed,74.36,223.08,3.3294984282238948e+16,0.0042301646138228,0.0227577365487469,0.0090978290358183,0.0580714427356287,0.8253607864192672,0.0037860489402269,0.2654378548897394,True,eval reproduces training-time f_loss/val,,9721383,9721383.0,esen-sphere-16-neutral-epoch,run_9721383_params_1.7_million,outputs/2026-06-05/12-55-53,hydra_run_dir,866,27697,1238644,1733.20512,True,35820316602731520,23001231,1780431187,/network/scratch/m/michnikr/geometric_scaling_checkpoints_esen/esen-sphere-16-neutral-epoch/esen/run_9721383_params_1.7_million/dim_32_step_step=50000.ckpt,,,,dev-equivariant-scaling-laws/analysis_outputs/four_arch_force_scaling_repaired_2026_08_14/four_arch_force_checkpoint_table.csv
esen,eSEN (lmax=4),16,100000,100000,1722258,1722258.0,True,runs_csv,173318169,checkpoint token_processed,74.36,223.08,6.658906838079769e+16,0.0026459735825432,0.0165256647523234,0.0065957867211229,0.0421009066409278,0.5861695626488184,0.0026792082569925,0.1920487300931598,True,eval reproduces training-time f_loss/val,,9721383,9721383.0,esen-sphere-16-neutral-epoch,run_9721383_params_1.7_million,outputs/2026-06-05/12-55-53,hydra_run_dir,866,27697,1238644,1733.18169,True,71639664745344480,23001806,1780466788,/network/scratch/m/michnikr/geometric_scaling_checkpoints_esen/esen-sphere-16-neutral-epoch/esen/run_9721383_params_1.7_million/dim_32_step_step=100000.ckpt,,,,dev-equivariant-scaling-laws/analysis_outputs/four_arch_force_scaling_repaired_2026_08_14/four_arch_force_checkpoint_table.csv
esen,eSEN (lmax=4),16,150000,150000,1722258,1722258.0,True,runs_csv,259964327,checkpoint token_processed,74.36,223.08,9.987863619290285e+16,0.001978949702442,0.0136219288161192,0.005418774715916,0.0345880390116923,0.421818174456201,0.0019421770079297,0.1556410582404902,True,eval reproduces training-time f_loss/val,,9721383,9721383.0,esen-sphere-16-neutral-epoch,run_9721383_params_1.7_million,outputs/2026-06-05/12-55-53,hydra_run_dir,866,27697,1238644,1733.0955133333334,True,107454154053687840,23002253,1780477577,/network/scratch/m/michnikr/geometric_scaling_checkpoints_esen/esen-sphere-16-neutral-epoch/esen/run_9721383_params_1.7_million/dim_32_step_step=150000.ckpt,,,,dev-equivariant-scaling-laws/analysis_outputs/four_arch_force_scaling_repaired_2026_08_14/four_arch_force_checkpoint_table.csv
esen,eSEN (lmax=4),16,200000,200000,1722258,1722258.0,True,runs_csv,346644113,checkpoint token_processed,74.36,223.08,1.331811239268167e+17,0.0016220254482049,0.0119925333035348,0.0047409980482957,0.0302617905422718,0.3567364165090523,0.001642813218067,0.1363534652160192,True,eval reproduces training-time f_loss/val,,9721383,9721383.0,esen-sphere-16-neutral-epoch,run_9721383_params_1.7_million,outputs/2026-06-05/12-55-53,hydra_run_dir,866,27697,1238644,1733.220565,True,143282543224116960,23002700,1780487997,/network/scratch/m/michnikr/geometric_scaling_checkpoints_esen/esen-sphere-16-neutral-epoch/esen/run_9721383_params_1.7_million/dim_32_step_step=200000.ckpt,,,,dev-equivariant-scaling-laws/analysis_outputs/four_arch_force_scaling_repaired_2026_08_14/four_arch_force_checkpoint_table.csv
esen,eSEN (lmax=4),16,250000,250000,1722258,1722258.0,True,runs_csv,433224600,checkpoint token_processed,74.36,223.08,1.6644546085438813e+17,0.0014157565161465,0.0109881148791891,0.0043273811450992,0.0276216738491682,0.3228909994451884,0.0014862042177787,0.1247431909696787,True,eval reproduces training-time f_loss/val,,9721383,9721383.0,esen-sphere-16-neutral-epoch,run_9721383_params_1.7_million,outputs/2026-06-05/12-55-53,hydra_run_dir,866,27697,1238644,1732.8984,True,179069887955232000,23003083,1780498307,/network/scratch/m/michnikr/geometric_scaling_checkpoints_esen/esen-sphere-16-neutral-epoch/esen/run_9721383_params_1.7_million/dim_32_step_step=250000.ckpt,,,,dev-equivariant-scaling-laws/analysis_outputs/four_arch_force_scaling_repaired_2026_08_14/four_arch_force_checkpoint_table.csv
esen,eSEN (lmax=4),16,300000,300000,1722258,1722258.0,True,runs_csv,519853567,checkpoint token_processed,74.36,223.08,1.997284238616933e+17,0.0012816806513051,0.010284755340246,0.0040389795509733,0.0257808064738628,0.2978126939996974,0.0013656843720217,0.1165043971226787,True,eval reproduces training-time f_loss/val,,9721383,9721383.0,esen-sphere-16-neutral-epoch,run_9721383_params_1.7_million,outputs/2026-06-05/12-55-53,hydra_run_dir,866,27697,1238644,1732.8452233333333,True,214877271502628640,23003530,1780508665,/network/scratch/m/michnikr/geometric_scaling_checkpoints_esen/esen-sphere-16-neutral-epoch/esen/run_9721383_params_1.7_million/dim_32_step_step=300000.ckpt,,,,dev-equivariant-scaling-laws/analysis_outputs/four_arch_force_scaling_repaired_2026_08_14/four_arch_force_checkpoint_table.csv
esen,eSEN (lmax=4),16,350000,350000,1722258,1722258.0,True,runs_csv,606455937,checkpoint token_processed,74.36,223.08,2.3300116826663302e+17,0.0011792420472759,0.009745135154859,0.0038219459007111,0.0243954806842391,0.2825704809476129,0.0012883887156133,0.1103352387047235,True,eval reproduces training-time f_loss/val,,9721383,9721383.0,esen-sphere-16-neutral-epoch,run_9721383_params_1.7_million,outputs/2026-06-05/12-55-53,hydra_run_dir,866,27697,1238644,1732.7312485714283,True,250673661394979040,23003977,1780519006,/network/scratch/m/michnikr/geometric_scaling_checkpoints_esen/esen-sphere-16-neutral-epoch/esen/run_9721383_params_1.7_million/dim_32_step_step=350000.ckpt,,,,dev-equivariant-scaling-laws/analysis_outputs/four_arch_force_scaling_repaired_2026_08_14/four_arch_force_checkpoint_table.csv
esen,eSEN (lmax=4),16,400000,400000,1722258,1722258.0,True,runs_csv,693060161,checkpoint token_processed,74.36,223.08,2.6627462498081005e+17,0.0011071657874045,0.0093593569171311,0.0036674828317049,0.0234095429147724,0.2714225170966108,0.0012353198890742,0.1059467680620537,True,eval reproduces training-time f_loss/val,,9721383,9721383.0,esen-sphere-16-neutral-epoch,run_9721383_params_1.7_million,outputs/2026-06-05/12-55-53,hydra_run_dir,866,27697,1238644,1732.6504025,True,286470817623249120,23004424,1780529350,/network/scratch/m/michnikr/geometric_scaling_checkpoints_esen/esen-sphere-16-neutral-epoch/esen/run_9721383_params_1.7_million/dim_32_step_step=400000.ckpt,,,,dev-equivariant-scaling-laws/analysis_outputs/four_arch_force_scaling_repaired_2026_08_14/four_arch_force_checkpoint_table.csv
esen,eSEN (lmax=4),16,450000,450000,1722258,1722258.0,True,runs_csv,779672309,checkpoint token_processed,74.36,223.08,2.995511261062043e+17,0.0010511745390504,0.0090323160918683,0.0035391402166943,0.0225903320031597,0.2762054512255737,0.001234677517226,0.1026699360909438,True,eval reproduces training-time f_loss/val,,9721383,9721383.0,esen-sphere-16-neutral-epoch,run_9721383_params_1.7_million,outputs/2026-06-05/12-55-53,hydra_run_dir,866,27697,1238644,1732.6051311111112,True,322271249172893280,23004807,1780539866,/network/scratch/m/michnikr/geometric_scaling_checkpoints_esen/esen-sphere-16-neutral-epoch/esen/run_9721383_params_1.7_million/dim_32_step_step=450000.ckpt,,,,dev-equivariant-scaling-laws/analysis_outputs/four_arch_force_scaling_repaired_2026_08_14/four_arch_force_checkpoint_table.csv
esen,eSEN (lmax=4),16,500000,500000,1722258,1722258.0,True,runs_csv,866323116,checkpoint token_processed,74.36,223.08,3.328424800702212e+17,0.0009996972220365,0.0087412065180022,0.0034273832894535,0.0218769875365819,0.2555689659339589,0.0011488019697654,0.098900084877677,True,eval reproduces training-time f_loss/val,,9721383,9721383.0,esen-sphere-16-neutral-epoch,run_9721383_params_1.7_million,outputs/2026-06-05/12-55-53,hydra_run_dir,866,27697,1238644,1732.646232,True,358087660107822720,23005254,1780550530,/network/scratch/m/michnikr/geometric_scaling_checkpoints_esen/esen-sphere-16-neutral-epoch/esen/run_9721383_params_1.7_million/dim_32_step_step=500000.ckpt,,,,dev-equivariant-scaling-laws/analysis_outputs/four_arch_force_scaling_repaired_2026_08_14/four_arch_force_checkpoint_table.csv
esen,eSEN (lmax=4),20,50000,50000,2144170,2144170.0,True,runs_csv,86654329,checkpoint token_processed,74.36,223.08,4.144862374146934e+16,0.0037390382543171,0.021073614536434,0.0084832959310445,0.0541488779278571,0.7696152084763,0.0034575175507936,0.2453113208722762,True,eval reproduces training-time f_loss/val,,9741258,9741258.0,esen-sphere-20-neutral-epoch,run_9741258_params_2.1_million,outputs/2026-06-05/13-03-12,hydra_run_dir,866,27697,1238644,1733.08658,True,44592387026863200,28061007,1780691070,/network/scratch/m/michnikr/geometric_scaling_checkpoints_esen/esen-sphere-20-neutral-epoch/esen/run_9741258_params_2.1_million/dim_32_step_step=50000.ckpt,,,,dev-equivariant-scaling-laws/analysis_outputs/four_arch_force_scaling_repaired_2026_08_14/four_arch_force_checkpoint_table.csv
esen,eSEN (lmax=4),20,100000,100000,2144170,2144170.0,True,runs_csv,173324656,checkpoint token_processed,74.36,223.08,8.290489966939339e+16,0.0021790023149558,0.0149830186085702,0.0060075209866148,0.0383460064575626,0.4932057670474603,0.0021737029921966,0.1715672160076691,True,eval reproduces training-time f_loss/val,,9741258,9741258.0,esen-sphere-20-neutral-epoch,run_9741258_params_2.1_million,outputs/2026-06-05/13-03-12,hydra_run_dir,866,27697,1238644,1733.24656,True,89193006637324800,28061582,1780703019,/network/scratch/m/michnikr/geometric_scaling_checkpoints_esen/esen-sphere-20-neutral-epoch/esen/run_9741258_params_2.1_million/dim_32_step_step=100000.ckpt,,,,dev-equivariant-scaling-laws/analysis_outputs/four_arch_force_scaling_repaired_2026_08_14/four_arch_force_checkpoint_table.csv
esen,eSEN (lmax=4),20,150000,150000,2144170,2144170.0,True,runs_csv,259982236,checkpoint token_processed,74.36,223.08,1.2435507843387587e+17,0.0016600938222114,0.0123662346448129,0.004894510843197,0.0312416627121267,0.3969701964571624,0.0017658541494293,0.1413208879424231,True,eval reproduces training-time f_loss/val,,9741258,9741258.0,esen-sphere-20-neutral-epoch,run_9741258_params_2.1_million,outputs/2026-06-05/13-03-12,hydra_run_dir,866,27697,1238644,1733.2149066666666,True,133787066631388800,28062029,1780714957,/network/scratch/m/michnikr/geometric_scaling_checkpoints_esen/esen-sphere-20-neutral-epoch/esen/run_9741258_params_2.1_million/dim_32_step_step=150000.ckpt,,,,dev-equivariant-scaling-laws/analysis_outputs/four_arch_force_scaling_repaired_2026_08_14/four_arch_force_checkpoint_table.csv
esen,eSEN (lmax=4),20,200000,200000,2144170,2144170.0,True,runs_csv,346575759,checkpoint token_processed,74.36,223.08,1.657746173616457e+17,0.001402125713543,0.0109166072065324,0.0042889183318927,0.0273761657124716,0.3514931190062065,0.0015722138370418,0.1248882104357431,True,eval reproduces training-time f_loss/val,,9741258,9741258.0,esen-sphere-20-neutral-epoch,run_9741258_params_2.1_million,outputs/2026-06-05/13-03-12,hydra_run_dir,866,27697,1238644,1732.878795,True,178348162842007200,28062476,1780726974,/network/scratch/m/michnikr/geometric_scaling_checkpoints_esen/esen-sphere-20-neutral-epoch/esen/run_9741258_params_2.1_million/dim_32_step_step=200000.ckpt,,,,dev-equivariant-scaling-laws/analysis_outputs/four_arch_force_scaling_repaired_2026_08_14/four_arch_force_checkpoint_table.csv
esen,eSEN (lmax=4),20,250000,250000,2144170,2144170.0,True,runs_csv,433224955,checkpoint token_processed,74.36,223.08,2.0722078587914502e+17,0.0012416652423415,0.0100162927186069,0.0039192584375076,0.0250166266066114,0.3203393201285642,0.0014338629662653,0.1145015568487232,True,eval reproduces training-time f_loss/val,,9741258,9741258.0,esen-sphere-20-neutral-epoch,run_9741258_params_2.1_million,outputs/2026-06-05/13-03-12,hydra_run_dir,866,27697,1238644,1732.89982,True,222937908422964000,28062859,1780739018,/network/scratch/m/michnikr/geometric_scaling_checkpoints_esen/esen-sphere-20-neutral-epoch/esen/run_9741258_params_2.1_million/dim_32_step_step=250000.ckpt,,,,dev-equivariant-scaling-laws/analysis_outputs/four_arch_force_scaling_repaired_2026_08_14/four_arch_force_checkpoint_table.csv
esen,eSEN (lmax=4),20,300000,300000,2144170,2144170.0,True,runs_csv,519887719,checkpoint token_processed,74.36,223.08,2.4867344426199117e+17,0.0011350274586224,0.0093824745975348,0.0036677583723278,0.0234113016905688,0.3011027275999754,0.0013410918064136,0.1072356640394856,True,eval reproduces training-time f_loss/val,,9741258,9741258.0,esen-sphere-20-neutral-epoch,run_9741258_params_2.1_million,outputs/2026-06-05/13-03-12,hydra_run_dir,866,27697,1238644,1732.9590633333332,True,267534636107575200,28063306,1780750972,/network/scratch/m/michnikr/geometric_scaling_checkpoints_esen/esen-sphere-20-neutral-epoch/esen/run_9741258_params_2.1_million/dim_32_step_step=300000.ckpt,,,,dev-equivariant-scaling-laws/analysis_outputs/four_arch_force_scaling_repaired_2026_08_14/four_arch_force_checkpoint_table.csv
esen,eSEN (lmax=4),20,350000,350000,2144170,2144170.0,True,runs_csv,606502158,checkpoint token_processed,74.36,223.08,2.9010298776107526e+17,0.0010583385001638,0.0089007475113337,0.0034789018036853,0.0222058302129233,0.3050896326299352,0.0013308984437993,0.1023164595513309,True,eval reproduces training-time f_loss/val,,9741258,9741258.0,esen-sphere-20-neutral-epoch,run_9741258_params_2.1_million,outputs/2026-06-05/13-03-12,hydra_run_dir,866,27697,1238644,1732.863308571429,True,312106495708526400,28063753,1780762866,/network/scratch/m/michnikr/geometric_scaling_checkpoints_esen/esen-sphere-20-neutral-epoch/esen/run_9741258_params_2.1_million/dim_32_step_step=350000.ckpt,,,,dev-equivariant-scaling-laws/analysis_outputs/four_arch_force_scaling_repaired_2026_08_14/four_arch_force_checkpoint_table.csv
esen,eSEN (lmax=4),20,400000,400000,2144170,2144170.0,True,runs_csv,693062923,checkpoint token_processed,74.36,223.08,3.3150685783499565e+17,0.0009888490709087,0.0085101956977481,0.0033259164170863,0.021229324490262,0.286555659017304,0.0012488074892541,0.0975900318700224,True,eval reproduces training-time f_loss/val,,9741258,9741258.0,esen-sphere-20-neutral-epoch,run_9741258_params_2.1_million,outputs/2026-06-05/13-03-12,hydra_run_dir,866,27697,1238644,1732.6573075,True,356650734626138400,28064200,1780774636,/network/scratch/m/michnikr/geometric_scaling_checkpoints_esen/esen-sphere-20-neutral-epoch/esen/run_9741258_params_2.1_million/dim_32_step_step=400000.ckpt,,,,dev-equivariant-scaling-laws/analysis_outputs/four_arch_force_scaling_repaired_2026_08_14/four_arch_force_checkpoint_table.csv
esen,eSEN (lmax=4),20,450000,450000,2144170,2144170.0,True,runs_csv,779685069,checkpoint token_processed,74.36,223.08,3.729400877574456e+17,0.0009382029376454,0.0082184496141032,0.0032124965212397,0.0205053652950732,0.2692379740692727,0.0011657113586439,0.0938416097274719,True,eval reproduces training-time f_loss/val,,9741258,9741258.0,esen-sphere-20-neutral-epoch,run_9741258_params_2.1_million,outputs/2026-06-05/13-03-12,hydra_run_dir,866,27697,1238644,1732.6334866666666,True,401226560255455200,28064583,1780786449,/network/scratch/m/michnikr/geometric_scaling_checkpoints_esen/esen-sphere-20-neutral-epoch/esen/run_9741258_params_2.1_million/dim_32_step_step=450000.ckpt,,,,dev-equivariant-scaling-laws/analysis_outputs/four_arch_force_scaling_repaired_2026_08_14/four_arch_force_checkpoint_table.csv
esen,eSEN (lmax=4),20,500000,500000,2144170,2144170.0,True,runs_csv,866318393,checkpoint token_processed,74.36,223.08,4.143786643569921e+17,0.0008940687825042,0.0079570070565645,0.0031091255737974,0.019845548537549,0.2909109537375716,0.0012162661018047,0.0917327315836938,True,eval reproduces training-time f_loss/val,,9741258,9741258.0,esen-sphere-20-neutral-epoch,run_9741258_params_2.1_million,outputs/2026-06-05/13-03-12,hydra_run_dir,866,27697,1238644,1732.636786,True,445808138092514400,28065030,1780798337,/network/scratch/m/michnikr/geometric_scaling_checkpoints_esen/esen-sphere-20-neutral-epoch/esen/run_9741258_params_2.1_million/dim_32_step_step=500000.ckpt,,,,dev-equivariant-scaling-laws/analysis_outputs/four_arch_force_scaling_repaired_2026_08_14/four_arch_force_checkpoint_table.csv
esen,eSEN (lmax=4),24,50000,50000,2566082,2566082.0,True,runs_csv,86683054,checkpoint token_processed,74.36,223.08,4.962098374606339e+16,0.0032564400120648,0.0194688373434574,0.0078494993945751,0.0501033546355731,0.6707108013899717,0.0030602739327243,0.2252911127618176,True,eval reproduces training-time f_loss/val,,9721434,9721434.0,esen-sphere-24-neutral-epoch,run_9721434_params_2.6_million,outputs/2026-06-02/20-13-14,hydra_run_dir,866,27697,1238644,1733.66108,True,53384597897862720,33121039,1780419921,/network/scratch/m/michnikr/geometric_scaling_checkpoints_esen/esen-sphere-24-neutral-epoch/esen/run_9721434_params_2.6_million/dim_32_step_step=50000.ckpt,,,,dev-equivariant-scaling-laws/analysis_outputs/four_arch_force_scaling_repaired_2026_08_14/four_arch_force_checkpoint_table.csv
esen,eSEN (lmax=4),24,100000,100000,2566082,2566082.0,True,runs_csv,173336447,checkpoint token_processed,74.36,223.08,9.922498830264307e+16,0.0020182388312567,0.0139547680019601,0.0055832468502478,0.0356378646451317,0.3963229275431148,0.0018041224970227,0.1575889049898284,True,eval reproduces training-time f_loss/val,,9721434,9721434.0,esen-sphere-24-neutral-epoch,run_9721434_params_2.6_million,outputs/2026-06-02/20-13-14,hydra_run_dir,866,27697,1238644,1733.36447,True,106750928781756960,33121614,1780432515,/network/scratch/m/michnikr/geometric_scaling_checkpoints_esen/esen-sphere-24-neutral-epoch/esen/run_9721434_params_2.6_million/dim_32_step_step=100000.ckpt,,,,dev-equivariant-scaling-laws/analysis_outputs/four_arch_force_scaling_repaired_2026_08_14/four_arch_force_checkpoint_table.csv
esen,eSEN (lmax=4),24,150000,150000,2566082,2566082.0,True,runs_csv,259927917,checkpoint token_processed,74.36,223.08,1.4879354555972515e+17,0.0015107336276042,0.0115798776340186,0.0045897070703359,0.029296100229954,0.3123378313940199,0.0014467302586277,0.1302660789264647,True,eval reproduces training-time f_loss/val,,9721434,9721434.0,esen-sphere-24-neutral-epoch,run_9721434_params_2.6_million,outputs/2026-06-02/20-13-14,hydra_run_dir,866,27697,1238644,1732.85278,True,160079123786686560,33122061,1780485076,/network/scratch/m/michnikr/geometric_scaling_checkpoints_esen/esen-sphere-24-neutral-epoch/esen/run_9721434_params_2.6_million/dim_32_step_step=150000.ckpt,,,,dev-equivariant-scaling-laws/analysis_outputs/four_arch_force_scaling_repaired_2026_08_14/four_arch_force_checkpoint_table.csv
esen,eSEN (lmax=4),24,200000,200000,2566082,2566082.0,True,runs_csv,346508604,checkpoint token_processed,74.36,223.08,1.9835593017933027e+17,0.0012782568579038,0.0102312275387054,0.0040308102847704,0.02572866204769,0.2613198786423333,0.0012284867619013,0.1145971430060679,True,eval reproduces training-time f_loss/val,,9721434,9721434.0,esen-sphere-24-neutral-epoch,run_9721434_params_2.6_million,outputs/2026-06-02/20-13-14,hydra_run_dir,866,27697,1238644,1732.54302,True,213400677976686720,33122508,1780497984,/network/scratch/m/michnikr/geometric_scaling_checkpoints_esen/esen-sphere-24-neutral-epoch/esen/run_9721434_params_2.6_million/dim_32_step_step=200000.ckpt,,,,dev-equivariant-scaling-laws/analysis_outputs/four_arch_force_scaling_repaired_2026_08_14/four_arch_force_checkpoint_table.csv
esen,eSEN (lmax=4),24,250000,250000,2566082,2566082.0,True,runs_csv,433103876,checkpoint token_processed,74.36,223.08,2.4792666385927123e+17,0.0011401146544628,0.0093858973289824,0.0036790608378552,0.0234834453280301,0.2297835358898166,0.0010881297096814,0.1047402703866398,True,eval reproduces training-time f_loss/val,,9721434,9721434.0,esen-sphere-24-neutral-epoch,run_9721434_params_2.6_million,outputs/2026-06-02/20-13-14,hydra_run_dir,866,27697,1238644,1732.415504,True,266731214480119680,33122955,1780510903,/network/scratch/m/michnikr/geometric_scaling_checkpoints_esen/esen-sphere-24-neutral-epoch/esen/run_9721434_params_2.6_million/dim_32_step_step=250000.ckpt,,,,dev-equivariant-scaling-laws/analysis_outputs/four_arch_force_scaling_repaired_2026_08_14/four_arch_force_checkpoint_table.csv
esen,eSEN (lmax=4),24,300000,300000,2566082,2566082.0,True,runs_csv,519711759,checkpoint token_processed,74.36,223.08,2.975046165998837e+17,0.0010254595891778,0.0087598217145795,0.0034298535985072,0.0218927555192717,0.2090166007656836,0.0009897814079039,0.0974960312248351,True,eval reproduces training-time f_loss/val,,9721434,9721434.0,esen-sphere-24-neutral-epoch,run_9721434_params_2.6_million,outputs/2026-06-02/20-13-14,hydra_run_dir,866,27697,1238644,1732.37253,True,320069517589977120,33123338,1780523813,/network/scratch/m/michnikr/geometric_scaling_checkpoints_esen/esen-sphere-24-neutral-epoch/esen/run_9721434_params_2.6_million/dim_32_step_step=300000.ckpt,,,,dev-equivariant-scaling-laws/analysis_outputs/four_arch_force_scaling_repaired_2026_08_14/four_arch_force_checkpoint_table.csv
esen,eSEN (lmax=4),24,350000,350000,2566082,2566082.0,True,runs_csv,606356324,checkpoint token_processed,74.36,223.08,3.4710356764226086e+17,0.0009632477545266,0.0083147178747633,0.0032522086384706,0.0207588477393582,0.1928029367463624,0.0009132104558619,0.0922792833062522,True,eval reproduces training-time f_loss/val,,9721434,9721434.0,esen-sphere-24-neutral-epoch,run_9721434_params_2.6_million,outputs/2026-06-02/20-13-14,hydra_run_dir,866,27697,1238644,1732.44664,True,373430411664616320,33123785,1780536807,/network/scratch/m/michnikr/geometric_scaling_checkpoints_esen/esen-sphere-24-neutral-epoch/esen/run_9721434_params_2.6_million/dim_32_step_step=350000.ckpt,,,,dev-equivariant-scaling-laws/analysis_outputs/four_arch_force_scaling_repaired_2026_08_14/four_arch_force_checkpoint_table.csv
esen,eSEN (lmax=4),24,400000,400000,2566082,2566082.0,True,runs_csv,693069787,checkpoint token_processed,74.36,223.08,3.967419587641042e+17,0.0009050419401373,0.0079346483494811,0.0031009679683381,0.0197934785419021,0.1844417122095892,0.0008661873606635,0.0880083571014469,True,eval reproduces training-time f_loss/val,,9721434,9721434.0,esen-sphere-24-neutral-epoch,run_9721434_params_2.6_million,outputs/2026-06-02/20-13-14,hydra_run_dir,866,27697,1238644,1732.6744675,True,426833737239488160,33124232,1780550037,/network/scratch/m/michnikr/geometric_scaling_checkpoints_esen/esen-sphere-24-neutral-epoch/esen/run_9721434_params_2.6_million/dim_32_step_step=400000.ckpt,,,,dev-equivariant-scaling-laws/analysis_outputs/four_arch_force_scaling_repaired_2026_08_14/four_arch_force_checkpoint_table.csv
esen,eSEN (lmax=4),24,450000,450000,2566082,2566082.0,True,runs_csv,779720114,checkpoint token_processed,74.36,223.08,4.463442082148224e+17,0.0008655196122349,0.0076551268981687,0.0029891116078599,0.0190794993929702,0.1786601722808275,0.0008356954972179,0.0849082239538669,True,eval reproduces training-time f_loss/val,,9721434,9721434.0,esen-sphere-24-neutral-epoch,run_9721434_params_2.6_million,outputs/2026-06-02/20-13-14,hydra_run_dir,866,27697,1238644,1732.7113644444444,True,480198179897603520,33124679,1780563102,/network/scratch/m/michnikr/geometric_scaling_checkpoints_esen/esen-sphere-24-neutral-epoch/esen/run_9721434_params_2.6_million/dim_32_step_step=450000.ckpt,,,,dev-equivariant-scaling-laws/analysis_outputs/four_arch_force_scaling_repaired_2026_08_14/four_arch_force_checkpoint_table.csv
esen,eSEN (lmax=4),24,500000,500000,2566082,2566082.0,True,runs_csv,866332050,checkpoint token_processed,74.36,223.08,4.959244810611285e+17,0.0008217495867909,0.0074160073138558,0.0028991828477813,0.0185054841173885,0.16616569976075,0.0007785338303235,0.0819454114417939,True,eval reproduces training-time f_loss/val,,9721434,9721434.0,esen-sphere-24-neutral-epoch,run_9721434_params_2.6_million,outputs/2026-06-02/20-13-14,hydra_run_dir,866,27697,1238644,1732.6641,True,533538979086744000,33125062,1780576173,/network/scratch/m/michnikr/geometric_scaling_checkpoints_esen/esen-sphere-24-neutral-epoch/esen/run_9721434_params_2.6_million/dim_32_step_step=500000.ckpt,,,,dev-equivariant-scaling-laws/analysis_outputs/four_arch_force_scaling_repaired_2026_08_14/four_arch_force_checkpoint_table.csv
esen,eSEN (lmax=4),32,50000,50000,3409906,3409906.0,True,runs_csv,86613762,checkpoint token_processed,74.36,223.08,6.588551502291906e+16,0.0027791431203962,0.0177629965714525,0.0071420771971719,0.0455878787495488,0.5663871761351205,0.0026870159574517,0.2045001252890429,True,eval reproduces training-time f_loss/val,,9736067,9736067.0,esen-sphere-32-neutral-epoch,run_9736067_params_3.4_million,outputs/2026-06-05/09-47-33,hydra_run_dir,866,27697,1238644,1732.27524,True,70882748814329280,43253327,1780613731,/network/scratch/m/michnikr/geometric_scaling_checkpoints_esen/esen-sphere-32-neutral-epoch/esen/run_9736067_params_3.4_million/dim_32_step_step=50000.ckpt,,,,dev-equivariant-scaling-laws/analysis_outputs/four_arch_force_scaling_repaired_2026_08_14/four_arch_force_checkpoint_table.csv
esen,eSEN (lmax=4),32,100000,100000,3409906,3409906.0,True,runs_csv,173233068,checkpoint token_processed,74.36,223.08,1.3177524726590627e+17,0.0017046887817512,0.0125457178984121,0.0050033999675127,0.0319367019926341,0.3540280052905958,0.0016413812669274,0.141870991653396,True,eval reproduces training-time f_loss/val,,9736067,9736067.0,esen-sphere-32-neutral-epoch,run_9736067_params_3.4_million,outputs/2026-06-05/09-47-33,hydra_run_dir,866,27697,1238644,1732.33068,True,141770034713185920,43253902,1780628293,/network/scratch/m/michnikr/geometric_scaling_checkpoints_esen/esen-sphere-32-neutral-epoch/esen/run_9736067_params_3.4_million/dim_32_step_step=100000.ckpt,,,,dev-equivariant-scaling-laws/analysis_outputs/four_arch_force_scaling_repaired_2026_08_14/four_arch_force_checkpoint_table.csv
esen,eSEN (lmax=4),32,150000,150000,3409906,3409906.0,True,runs_csv,259907969,checkpoint token_processed,74.36,223.08,1.9770726961525907e+17,0.0013179007546274,0.0103934606296326,0.0041021323962342,0.0261839110851631,0.2659359290920559,0.0012582706065158,0.1165173123614845,True,eval reproduces training-time f_loss/val,,9736067,9736067.0,esen-sphere-32-neutral-epoch,run_9736067_params_3.4_million,outputs/2026-06-05/09-47-33,hydra_run_dir,866,27697,1238644,1732.7197933333334,True,212702818305819360,43254349,1780642893,/network/scratch/m/michnikr/geometric_scaling_checkpoints_esen/esen-sphere-32-neutral-epoch/esen/run_9736067_params_3.4_million/dim_32_step_step=150000.ckpt,,,,dev-equivariant-scaling-laws/analysis_outputs/four_arch_force_scaling_repaired_2026_08_14/four_arch_force_checkpoint_table.csv
esen,eSEN (lmax=4),32,200000,200000,3409906,3409906.0,True,runs_csv,346521731,checkpoint token_processed,74.36,223.08,2.635927846381781e+17,0.0011223770148973,0.0092255954257498,0.0036176982398752,0.0230917678651234,0.2286444012135886,0.0010767818654954,0.1030237729124526,True,eval reproduces training-time f_loss/val,,9740823,9740823.0,esen-sphere-32-neutral-epoch,run_9740823_params_3.4_million,outputs/2026-06-05/09-47-33,hydra_run_dir,866,27697,1238644,1732.608655,True,283585567120148640,43253327,1780681639,/network/scratch/m/michnikr/geometric_scaling_checkpoints_esen/esen-sphere-32-neutral-epoch/esen/run_9740823_params_3.4_million/dim_32_step_step=200000.ckpt,,,,dev-equivariant-scaling-laws/analysis_outputs/four_arch_force_scaling_repaired_2026_08_14/four_arch_force_checkpoint_table.csv
esen,eSEN (lmax=4),32,250000,250000,3409906,3409906.0,True,runs_csv,433141037,checkpoint token_processed,74.36,223.08,3.294825168811654e+17,0.0010062457037787,0.0084787967048077,0.0033145760451286,0.0211569388960563,0.1975798774467604,0.0009390761492428,0.0941787285405059,True,eval reproduces training-time f_loss/val,,9740823,9740823.0,esen-sphere-32-neutral-epoch,run_9740823_params_3.4_million,outputs/2026-06-05/09-47-33,hydra_run_dir,866,27697,1238644,1732.564148,True,354472853019005280,43253902,1780695829,/network/scratch/m/michnikr/geometric_scaling_checkpoints_esen/esen-sphere-32-neutral-epoch/esen/run_9740823_params_3.4_million/dim_32_step_step=250000.ckpt,,,,dev-equivariant-scaling-laws/analysis_outputs/four_arch_force_scaling_repaired_2026_08_14/four_arch_force_checkpoint_table.csv
esen,eSEN (lmax=4),32,300000,300000,3409906,3409906.0,True,runs_csv,519815938,checkpoint token_processed,74.36,223.08,3.954145392305181e+17,0.0009210995061986,0.0079501293049523,0.0031038924351307,0.0198121454134394,0.1797965524103019,0.0008494943718376,0.0879962367679,True,eval reproduces training-time f_loss/val,,9740823,9740823.0,esen-sphere-32-neutral-epoch,run_9740823_params_3.4_million,outputs/2026-06-05/09-47-33,hydra_run_dir,866,27697,1238644,1732.7197933333334,True,425405636611638720,43254349,1780710017,/network/scratch/m/michnikr/geometric_scaling_checkpoints_esen/esen-sphere-32-neutral-epoch/esen/run_9740823_params_3.4_million/dim_32_step_step=300000.ckpt,,,,dev-equivariant-scaling-laws/analysis_outputs/four_arch_force_scaling_repaired_2026_08_14/four_arch_force_checkpoint_table.csv
esen,eSEN (lmax=4),32,350000,350000,3409906,3409906.0,True,runs_csv,606433965,checkpoint token_processed,74.36,223.08,4.613032985614442e+17,0.0008592181698507,0.0075407116741101,0.0029411864604983,0.0187735931773607,0.1681772912992272,0.0007859684700871,0.0832668014419723,True,eval reproduces training-time f_loss/val,,9740823,9740823.0,esen-sphere-32-neutral-epoch,run_9740823_params_3.4_million,outputs/2026-06-05/09-47-33,hydra_run_dir,866,27697,1238644,1732.6684714285714,True,496291875805749600,43254796,1780724235,/network/scratch/m/michnikr/geometric_scaling_checkpoints_esen/esen-sphere-32-neutral-epoch/esen/run_9740823_params_3.4_million/dim_32_step_step=350000.ckpt,,,,dev-equivariant-scaling-laws/analysis_outputs/four_arch_force_scaling_repaired_2026_08_14/four_arch_force_checkpoint_table.csv
esen,eSEN (lmax=4),32,400000,400000,3409906,3409906.0,True,runs_csv,693076932,checkpoint token_processed,74.36,223.08,5.272110292972224e+17,0.0008072227644919,0.0072075699331823,0.0028088541733131,0.017928916188258,0.1666567759549645,0.0007601544333166,0.0796772436649908,True,eval reproduces training-time f_loss/val,,9740823,9740823.0,esen-sphere-32-neutral-epoch,run_9740823_params_3.4_million,outputs/2026-06-05/09-47-33,hydra_run_dir,866,27697,1238644,1732.69233,True,567198525333214080,43255243,1780738516,/network/scratch/m/michnikr/geometric_scaling_checkpoints_esen/esen-sphere-32-neutral-epoch/esen/run_9740823_params_3.4_million/dim_32_step_step=400000.ckpt,,,,dev-equivariant-scaling-laws/analysis_outputs/four_arch_force_scaling_repaired_2026_08_14/four_arch_force_checkpoint_table.csv
esen,eSEN (lmax=4),32,450000,450000,3409906,3409906.0,True,runs_csv,779750878,checkpoint token_processed,74.36,223.08,5.931423251954271e+17,0.0007689143951177,0.0069525493325033,0.0027080195818914,0.0172852889912129,0.1823806073559624,0.0007962965963079,0.077488459288113,True,eval reproduces training-time f_loss/val,,9740823,9740823.0,esen-sphere-32-neutral-epoch,run_9740823_params_3.4_million,outputs/2026-06-05/09-47-33,hydra_run_dir,866,27697,1238644,1732.779728888889,True,638130527375392320,43255626,1780752674,/network/scratch/m/michnikr/geometric_scaling_checkpoints_esen/esen-sphere-32-neutral-epoch/esen/run_9740823_params_3.4_million/dim_32_step_step=450000.ckpt,,,,dev-equivariant-scaling-laws/analysis_outputs/four_arch_force_scaling_repaired_2026_08_14/four_arch_force_checkpoint_table.csv
esen,eSEN (lmax=4),32,500000,500000,3409906,3409906.0,True,runs_csv,866345590,checkpoint token_processed,74.36,223.08,6.590133492294755e+17,0.0007344459313309,0.0067621541849937,0.0026336902295414,0.0168108447351628,0.2981526186435932,0.0011680477550715,0.0793020194006533,True,eval reproduces training-time f_loss/val,,9740823,9740823.0,esen-sphere-32-neutral-epoch,run_9740823_params_3.4_million,outputs/2026-06-05/09-47-33,hydra_run_dir,866,27697,1238644,1732.69118,True,708997686099489600,43256073,1780766751,/network/scratch/m/michnikr/geometric_scaling_checkpoints_esen/esen-sphere-32-neutral-epoch/esen/run_9740823_params_3.4_million/dim_32_step_step=500000.ckpt,,,,dev-equivariant-scaling-laws/analysis_outputs/four_arch_force_scaling_repaired_2026_08_14/four_arch_force_checkpoint_table.csv
esen,eSEN (lmax=4),40,25000,25000,4253730,4253730.0,True,runs_csv,43327470,checkpoint token_processed,74.36,223.08,4.111439331748834e+16,0.0045513704688464,0.0235595653687472,0.0093966173197126,0.0599786083517256,0.7911464858963638,0.0037541066338878,0.2731367200263507,True,eval reproduces training-time f_loss/val,,9928671,9928671.0,esen-sphere-40-neutral-epoch,run_9928671_params_4.3_million,outputs/2026-06-27/13-40-54,hydra_run_dir,866,27697,1238644,1733.0988,True,44232806151144000,53373135,1782340196,/network/scratch/m/michnikr/geometric_scaling_checkpoints_esen/esen-sphere-40-neutral-epoch/esen/run_9928671_params_4.3_million/dim_32_step_step=25000.ckpt,,,,dev-equivariant-scaling-laws/analysis_outputs/four_arch_force_scaling_repaired_2026_08_14/four_arch_force_checkpoint_table.csv
esen,eSEN (lmax=4),40,50000,50000,4253730,4253730.0,True,runs_csv,86663206,checkpoint token_processed,74.36,223.08,8.223663042495941e+16,0.0025396731420456,0.0163849217996784,0.0065651357570829,0.0419052615374602,0.4809841481112718,0.0021952527930624,0.1858017459274086,True,eval reproduces training-time f_loss/val,,9928671,9928671.0,esen-sphere-40-neutral-epoch,run_9928671_params_4.3_million,outputs/2026-06-27/13-40-54,hydra_run_dir,866,27697,1238644,1733.26412,True,88474051022011200,53373710,1782348993,/network/scratch/m/michnikr/geometric_scaling_checkpoints_esen/esen-sphere-40-neutral-epoch/esen/run_9928671_params_4.3_million/dim_32_step_step=50000.ckpt,,,,dev-equivariant-scaling-laws/analysis_outputs/four_arch_force_scaling_repaired_2026_08_14/four_arch_force_checkpoint_table.csv
esen,eSEN (lmax=4),40,75000,75000,4253730,4253730.0,True,runs_csv,130023779,checkpoint token_processed,74.36,223.08,1.2338243591034006e+17,0.0018042911147106,0.0132076878898602,0.0052608325726799,0.0335798943114163,0.362795907702925,0.0016577619134785,0.1486544980333879,True,eval reproduces training-time f_loss/val,,9928671,9928671.0,esen-sphere-40-neutral-epoch,run_9928671_params_4.3_million,outputs/2026-06-27/13-40-54,hydra_run_dir,866,27697,1238644,1733.6503866666667,True,132740651866960800,53374157,1782365172,/network/scratch/m/michnikr/geometric_scaling_checkpoints_esen/esen-sphere-40-neutral-epoch/esen/run_9928671_params_4.3_million/dim_32_step_step=75000.ckpt,,,,dev-equivariant-scaling-laws/analysis_outputs/four_arch_force_scaling_repaired_2026_08_14/four_arch_force_checkpoint_table.csv
esen,eSEN (lmax=4),40,100000,100000,4253730,4253730.0,True,runs_csv,173332014,checkpoint token_processed,74.36,223.08,1.6447857671145805e+17,0.0014520772016473,0.0114246620990198,0.0045188401157182,0.0288437564586295,0.2917308280498271,0.0013389229039418,0.1276358500296168,True,eval reproduces training-time f_loss/val,,9928671,9928671.0,esen-sphere-40-neutral-epoch,run_9928671_params_4.3_million,outputs/2026-06-27/13-40-54,hydra_run_dir,866,27697,1238644,1733.32014,True,176953821098932800,53374604,1782374277,/network/scratch/m/michnikr/geometric_scaling_checkpoints_esen/esen-sphere-40-neutral-epoch/esen/run_9928671_params_4.3_million/dim_32_step_step=100000.ckpt,,,,dev-equivariant-scaling-laws/analysis_outputs/four_arch_force_scaling_repaired_2026_08_14/four_arch_force_checkpoint_table.csv
esen,eSEN (lmax=4),40,125000,125000,4253730,4253730.0,True,runs_csv,216671114,checkpoint token_processed,74.36,223.08,2.056040059928345e+17,0.0012586217585427,0.0102969747575486,0.0040443554463894,0.0258151208143036,0.246075197555314,0.0011357978237314,0.1143277258128003,True,eval reproduces training-time f_loss/val,,9928671,9928671.0,esen-sphere-40-neutral-epoch,run_9928671_params_4.3_million,outputs/2026-06-27/13-40-54,hydra_run_dir,866,27697,1238644,1733.368912,True,221198500261252800,53375051,1782383336,/network/scratch/m/michnikr/geometric_scaling_checkpoints_esen/esen-sphere-40-neutral-epoch/esen/run_9928671_params_4.3_million/dim_32_step_step=125000.ckpt,,,,dev-equivariant-scaling-laws/analysis_outputs/four_arch_force_scaling_repaired_2026_08_14/four_arch_force_checkpoint_table.csv
esen,eSEN (lmax=4),40,150000,150000,4253730,4253730.0,True,runs_csv,259995645,checkpoint token_processed,74.36,223.08,2.4671561042830502e+17,0.0011206995132278,0.0095009674338567,0.0037222877095737,0.0237593624502093,0.2148457284990964,0.0010068137480314,0.1050778118188828,True,eval reproduces training-time f_loss/val,,9928671,9928671.0,esen-sphere-40-neutral-epoch,run_9928671_params_4.3_million,outputs/2026-06-27/13-40-54,hydra_run_dir,866,27697,1238644,1733.3043,True,265428306001404000,53375434,1782392347,/network/scratch/m/michnikr/geometric_scaling_checkpoints_esen/esen-sphere-40-neutral-epoch/esen/run_9928671_params_4.3_million/dim_32_step_step=150000.ckpt,,,,dev-equivariant-scaling-laws/analysis_outputs/four_arch_force_scaling_repaired_2026_08_14/four_arch_force_checkpoint_table.csv
esen,eSEN (lmax=4),40,175000,175000,4253730,4253730.0,True,runs_csv,303313252,checkpoint token_processed,74.36,223.08,2.8782064452723546e+17,0.0010277859893639,0.0089143074959662,0.0034851078464876,0.0222454433841308,0.1957761195873278,0.0009200438407347,0.0983435133670098,True,eval reproduces training-time f_loss/val,,9928671,9928671.0,esen-sphere-40-neutral-epoch,run_9928671_params_4.3_million,outputs/2026-06-27/13-40-54,hydra_run_dir,866,27697,1238644,1733.2185828571428,True,309651043063190400,53375817,1782406285,/network/scratch/m/michnikr/geometric_scaling_checkpoints_esen/esen-sphere-40-neutral-epoch/esen/run_9928671_params_4.3_million/dim_32_step_step=175000.ckpt,,,,dev-equivariant-scaling-laws/analysis_outputs/four_arch_force_scaling_repaired_2026_08_14/four_arch_force_checkpoint_table.csv
esen,eSEN (lmax=4),40,200000,200000,4253730,4253730.0,True,runs_csv,346647268,checkpoint token_processed,74.36,223.08,3.289412494887145e+17,0.0009674087482055,0.0084625563910123,0.0033019086633737,0.0210760829983145,0.1833180191111482,0.0008602224742522,0.0932277886526455,True,eval reproduces training-time f_loss/val,,9928671,9928671.0,esen-sphere-40-neutral-epoch,run_9928671_params_4.3_million,outputs/2026-06-27/13-40-54,hydra_run_dir,866,27697,1238644,1733.23634,True,353890531994313600,53376264,1782448881,/network/scratch/m/michnikr/geometric_scaling_checkpoints_esen/esen-sphere-40-neutral-epoch/esen/run_9928671_params_4.3_million/dim_32_step_step=200000.ckpt,,,,dev-equivariant-scaling-laws/analysis_outputs/four_arch_force_scaling_repaired_2026_08_14/four_arch_force_checkpoint_table.csv
esen,eSEN (lmax=4),40,225000,225000,4253730,4253730.0,True,runs_csv,389972314,checkpoint token_processed,74.36,223.08,3.700533426190605e+17,0.0009234408150991,0.008095112121094,0.0031548935264037,0.0201376853790349,0.1708613840161928,0.0008046871038959,0.0889979922498993,True,eval reproduces training-time f_loss/val,,9928671,9928671.0,esen-sphere-40-neutral-epoch,run_9928671_params_4.3_million,outputs/2026-06-27/13-40-54,hydra_run_dir,866,27697,1238644,1733.2102844444444,True,398120863495492800,53376711,1782466042,/network/scratch/m/michnikr/geometric_scaling_checkpoints_esen/esen-sphere-40-neutral-epoch/esen/run_9928671_params_4.3_million/dim_32_step_step=225000.ckpt,,,,dev-equivariant-scaling-laws/analysis_outputs/four_arch_force_scaling_repaired_2026_08_14/four_arch_force_checkpoint_table.csv
esen,eSEN (lmax=4),40,250000,250000,4253730,4253730.0,True,runs_csv,433270122,checkpoint token_processed,74.36,223.08,4.111395890095628e+17,0.000874643499666,0.0077994513625438,0.0030358074966908,0.0193775592513778,0.1607356034262282,0.0007563734789514,0.0855582484149526,True,eval reproduces training-time f_loss/val,,9928671,9928671.0,esen-sphere-40-neutral-epoch,run_9928671_params_4.3_million,outputs/2026-06-27/13-40-54,hydra_run_dir,866,27697,1238644,1733.080488,True,442323387853214400,53377094,1782480402,/network/scratch/m/michnikr/geometric_scaling_checkpoints_esen/esen-sphere-40-neutral-epoch/esen/run_9928671_params_4.3_million/dim_32_step_step=250000.ckpt,,,,dev-equivariant-scaling-laws/analysis_outputs/four_arch_force_scaling_repaired_2026_08_14/four_arch_force_checkpoint_table.csv
esen,eSEN (lmax=4),40,275000,275000,4253730,4253730.0,True,runs_csv,476605759,checkpoint token_processed,74.36,223.08,4.522617321737471e+17,0.0008361147460075,0.0075430929132223,0.0029329424757352,0.0187209718226182,0.1543170319048485,0.0007220911759131,0.0826518408913546,True,eval reproduces training-time f_loss/val,,9928671,9928671.0,esen-sphere-40-neutral-epoch,run_9928671_params_4.3_million,outputs/2026-06-27/13-40-54,hydra_run_dir,866,27697,1238644,1733.111850909091,True,486564531655456800,53377541,1782530657,/network/scratch/m/michnikr/geometric_scaling_checkpoints_esen/esen-sphere-40-neutral-epoch/esen/run_9928671_params_4.3_million/dim_32_step_step=275000.ckpt,,,,dev-equivariant-scaling-laws/analysis_outputs/four_arch_force_scaling_repaired_2026_08_14/four_arch_force_checkpoint_table.csv
esen,eSEN (lmax=4),40,300000,300000,4253730,4253730.0,True,runs_csv,519928706,checkpoint token_processed,74.36,223.08,4.933718335166296e+17,0.0007995182703786,0.0073250697954723,0.0028463309343522,0.0181681303539706,0.1496097664445569,0.0006994914873995,0.0802456128287186,True,eval reproduces training-time f_loss/val,,9928671,9928671.0,esen-sphere-40-neutral-epoch,run_9928671_params_4.3_million,outputs/2026-06-27/13-40-54,hydra_run_dir,866,27697,1238644,1733.0956866666668,True,530792720297611200,53377924,1782539633,/network/scratch/m/michnikr/geometric_scaling_checkpoints_esen/esen-sphere-40-neutral-epoch/esen/run_9928671_params_4.3_million/dim_32_step_step=300000.ckpt,,,,dev-equivariant-scaling-laws/analysis_outputs/four_arch_force_scaling_repaired_2026_08_14/four_arch_force_checkpoint_table.csv
esen,eSEN (lmax=4),40,325000,325000,4253730,4253730.0,True,runs_csv,563220863,checkpoint token_processed,74.36,223.08,5.344527175484103e+17,0.0007727222304621,0.0071267276708204,0.0027647843916669,0.0176476187720103,0.144223799262256,0.0006740698787308,0.0780079754955131,True,eval reproduces training-time f_loss/val,,9928671,9928671.0,esen-sphere-40-neutral-epoch,run_9928671_params_4.3_million,outputs/2026-06-27/13-40-54,hydra_run_dir,866,27697,1238644,1732.9872707692307,True,574989475576557600,53378371,1782548603,/network/scratch/m/michnikr/geometric_scaling_checkpoints_esen/esen-sphere-40-neutral-epoch/esen/run_9928671_params_4.3_million/dim_32_step_step=325000.ckpt,,,,dev-equivariant-scaling-laws/analysis_outputs/four_arch_force_scaling_repaired_2026_08_14/four_arch_force_checkpoint_table.csv
esen,eSEN (lmax=4),40,350000,350000,4253730,4253730.0,True,runs_csv,606536446,checkpoint token_processed,74.36,223.08,5.755558310290338e+17,0.0007472823645674,0.0069463979224319,0.0026931064187749,0.0171900982710405,0.1393270609345433,0.0006500516009116,0.0759644952334364,True,eval reproduces training-time f_loss/val,,9928671,9928671.0,esen-sphere-40-neutral-epoch,run_9928671_params_4.3_million,outputs/2026-06-27/13-40-54,hydra_run_dir,866,27697,1238644,1732.9612742857144,True,619210146346459200,53378818,1782557612,/network/scratch/m/michnikr/geometric_scaling_checkpoints_esen/esen-sphere-40-neutral-epoch/esen/run_9928671_params_4.3_million/dim_32_step_step=350000.ckpt,,,,dev-equivariant-scaling-laws/analysis_outputs/four_arch_force_scaling_repaired_2026_08_14/four_arch_force_checkpoint_table.csv
esen,eSEN (lmax=4),40,375000,375000,4253730,4253730.0,True,runs_csv,649845462,checkpoint token_processed,74.36,223.08,6.166527129383028e+17,0.0007246693086998,0.0067838750084363,0.002629416661394,0.0167835665496784,0.135884061356787,0.0006303346208096,0.0741420962924595,True,eval reproduces training-time f_loss/val,,9928671,9928671.0,esen-sphere-40-neutral-epoch,run_9928671_params_4.3_million,outputs/2026-06-27/13-40-54,hydra_run_dir,866,27697,1238644,1732.921232,True,663424112897582400,53379265,1782566577,/network/scratch/m/michnikr/geometric_scaling_checkpoints_esen/esen-sphere-40-neutral-epoch/esen/run_9928671_params_4.3_million/dim_32_step_step=375000.ckpt,,,,dev-equivariant-scaling-laws/analysis_outputs/four_arch_force_scaling_repaired_2026_08_14/four_arch_force_checkpoint_table.csv
esen,eSEN (lmax=4),40,400000,400000,4253730,4253730.0,True,runs_csv,693194561,checkpoint token_processed,74.36,223.08,6.577876304916412e+17,0.0007056127015494,0.0066508669763756,0.0025795236067904,0.0164650991821433,0.1329323584837602,0.00061411780829,0.072649847846657,True,eval reproduces training-time f_loss/val,,9928671,9928671.0,esen-sphere-40-neutral-epoch,run_9928671_params_4.3_million,outputs/2026-06-27/13-40-54,hydra_run_dir,866,27697,1238644,1732.9864025,True,707678999991007200,53379584,1782591106,/network/scratch/m/michnikr/geometric_scaling_checkpoints_esen/esen-sphere-40-neutral-epoch/esen/run_9928671_params_4.3_million/dim_32_step_step=400000.ckpt,,,,dev-equivariant-scaling-laws/analysis_outputs/four_arch_force_scaling_repaired_2026_08_14/four_arch_force_checkpoint_table.csv
esen,eSEN (lmax=4),40,425000,425000,4253730,4253730.0,True,runs_csv,736482222,checkpoint token_processed,74.36,223.08,6.988642481697124e+17,0.0006860078541245,0.0065410452291012,0.0025379018376803,0.0161994274299135,0.1293398604898199,0.0005980464390041,0.0713909166810539,True,eval reproduces training-time f_loss/val,,9928671,9928671.0,esen-sphere-40-neutral-epoch,run_9928671_params_4.3_million,outputs/2026-06-27/13-40-54,hydra_run_dir,866,27697,1238644,1732.899345882353,True,751871165325134400,53380031,1782600115,/network/scratch/m/michnikr/geometric_scaling_checkpoints_esen/esen-sphere-40-neutral-epoch/esen/run_9928671_params_4.3_million/dim_32_step_step=425000.ckpt,,,,dev-equivariant-scaling-laws/analysis_outputs/four_arch_force_scaling_repaired_2026_08_14/four_arch_force_checkpoint_table.csv
esen,eSEN (lmax=4),40,450000,450000,4253730,4253730.0,True,runs_csv,779777582,checkpoint token_processed,74.36,223.08,7.399481715989422e+17,0.000670959019072,0.0064502275114939,0.0025044583567279,0.0159859576909942,0.126283910525554,0.0005816828367451,0.0703191034823904,True,eval reproduces training-time f_loss/val,,9928671,9928671.0,esen-sphere-40-neutral-epoch,run_9928671_params_4.3_million,outputs/2026-06-27/13-40-54,hydra_run_dir,866,27697,1238644,1732.839071111111,True,796071190531406400,53380478,1782609135,/network/scratch/m/michnikr/geometric_scaling_checkpoints_esen/esen-sphere-40-neutral-epoch/esen/run_9928671_params_4.3_million/dim_32_step_step=450000.ckpt,,,,dev-equivariant-scaling-laws/analysis_outputs/four_arch_force_scaling_repaired_2026_08_14/four_arch_force_checkpoint_table.csv
esen,eSEN (lmax=4),40,475000,475000,4253730,4253730.0,True,runs_csv,823077657,checkpoint token_processed,74.36,223.08,7.810365691958189e+17,0.0006551830535791,0.0063562456388822,0.0024677738888746,0.0157518007326871,0.1243127775410788,0.0005700054235051,0.0692625106238734,True,eval reproduces training-time f_loss/val,,9928671,9928671.0,esen-sphere-40-neutral-epoch,run_9928671_params_4.3_million,outputs/2026-06-27/13-40-54,hydra_run_dir,866,27697,1238644,1732.795067368421,True,840276029258546400,53380925,1782618144,/network/scratch/m/michnikr/geometric_scaling_checkpoints_esen/esen-sphere-40-neutral-epoch/esen/run_9928671_params_4.3_million/dim_32_step_step=475000.ckpt,,,,dev-equivariant-scaling-laws/analysis_outputs/four_arch_force_scaling_repaired_2026_08_14/four_arch_force_checkpoint_table.csv
esen,eSEN (lmax=4),40,500000,500000,4253730,4253730.0,True,runs_csv,866390858,checkpoint token_processed,74.36,223.08,8.221374223440278e+17,0.0006412297717711,0.0062566981059402,0.0024269531988599,0.0154912422683227,0.1216900139470642,0.0005557430937422,0.0681244119968253,True,eval reproduces training-time f_loss/val,,9928671,9928671.0,esen-sphere-40-neutral-epoch,run_9928671_params_4.3_million,outputs/2026-06-27/13-40-54,hydra_run_dir,866,27697,1238644,1732.781716,True,884494268256081600,53381308,1782627138,/network/scratch/m/michnikr/geometric_scaling_checkpoints_esen/esen-sphere-40-neutral-epoch/esen/run_9928671_params_4.3_million/dim_32_step_step=500000.ckpt,,,,dev-equivariant-scaling-laws/analysis_outputs/four_arch_force_scaling_repaired_2026_08_14/four_arch_force_checkpoint_table.csv
esen,eSEN (lmax=4),40,525000,525000,4253730,4253730.0,True,runs_csv,909680830,checkpoint token_processed,74.36,223.08,8.632162329810454e+17,0.000626840950674,0.0061572440926794,0.002386524408053,0.0152331852966029,0.1191603698559088,0.0005432780737515,0.0670052216643094,True,eval reproduces training-time f_loss/val,,9928671,9928671.0,esen-sphere-40-neutral-epoch,run_9928671_params_4.3_million,outputs/2026-06-27/13-40-54,hydra_run_dir,866,27697,1238644,1732.7253904761906,True,928688792879016000,53381755,1782636187,/network/scratch/m/michnikr/geometric_scaling_checkpoints_esen/esen-sphere-40-neutral-epoch/esen/run_9928671_params_4.3_million/dim_32_step_step=525000.ckpt,,,,dev-equivariant-scaling-laws/analysis_outputs/four_arch_force_scaling_repaired_2026_08_14/four_arch_force_checkpoint_table.csv
esen,eSEN (lmax=4),48,25000,25000,5097554,5097554.0,True,runs_csv,43327470,checkpoint token_processed,74.36,223.08,4.927036744530941e+16,0.0039181238963584,0.0223348692455275,0.0090522363437996,0.0577804245824729,0.7062297358455063,0.0032695068895233,0.2560437613505091,True,eval reproduces training-time f_loss/val,,9928672,9928672.0,esen-sphere-48-neutral-epoch,run_9928672_params_5.1_million,outputs/2026-06-28/00-20-29,hydra_run_dir,866,27697,1238644,1733.0988,True,53007388322011200,63505295,1782340909,/network/scratch/m/michnikr/geometric_scaling_checkpoints_esen/esen-sphere-48-neutral-epoch/esen/run_9928672_params_5.1_million/dim_32_step_step=25000.ckpt,,,,dev-equivariant-scaling-laws/analysis_outputs/four_arch_force_scaling_repaired_2026_08_14/four_arch_force_checkpoint_table.csv
esen,eSEN (lmax=4),48,50000,50000,5097554,5097554.0,True,runs_csv,86663206,checkpoint token_processed,74.36,223.08,9.85501346745735e+16,0.0023321071408103,0.0157978502387185,0.0063871013642683,0.0407688680081251,0.4562590919245748,0.002076968577635,0.1787481881635356,True,eval reproduces training-time f_loss/val,,9928672,9928672.0,esen-sphere-48-neutral-epoch,run_9928672_params_5.1_million,outputs/2026-06-28/00-20-29,hydra_run_dir,866,27697,1238644,1733.26412,True,106024889375549760,63505870,1782350441,/network/scratch/m/michnikr/geometric_scaling_checkpoints_esen/esen-sphere-48-neutral-epoch/esen/run_9928672_params_5.1_million/dim_32_step_step=50000.ckpt,,,,dev-equivariant-scaling-laws/analysis_outputs/four_arch_force_scaling_repaired_2026_08_14/four_arch_force_checkpoint_table.csv
esen,eSEN (lmax=4),48,75000,75000,5097554,5097554.0,True,runs_csv,130023779,checkpoint token_processed,74.36,223.08,1.4785814560503312e+17,0.0017310035425395,0.0128454446204342,0.0051373836140319,0.0327919196083659,0.3231521667030749,0.0014693503941618,0.1431479501459606,True,eval reproduces training-time f_loss/val,,9928672,9928672.0,esen-sphere-48-neutral-epoch,run_9928672_params_5.1_million,outputs/2026-06-28/00-20-29,hydra_run_dir,866,27697,1238644,1733.6503866666667,True,159072776336775840,63506317,1782365874,/network/scratch/m/michnikr/geometric_scaling_checkpoints_esen/esen-sphere-48-neutral-epoch/esen/run_9928672_params_5.1_million/dim_32_step_step=75000.ckpt,,,,dev-equivariant-scaling-laws/analysis_outputs/four_arch_force_scaling_repaired_2026_08_14/four_arch_force_checkpoint_table.csv
esen,eSEN (lmax=4),48,100000,100000,5097554,5097554.0,True,runs_csv,173332014,checkpoint token_processed,74.36,223.08,1.9710663973261107e+17,0.0014356667086981,0.0111847006012502,0.0044334501951717,0.028298712595781,0.2567848671597642,0.00117261892666,0.1235731952791032,True,eval reproduces training-time f_loss/val,,9928672,9928672.0,esen-sphere-48-neutral-epoch,run_9928672_params_5.1_million,outputs/2026-06-28/00-20-29,hydra_run_dir,866,27697,1238644,1733.32014,True,212056632310501440,63506764,1782375639,/network/scratch/m/michnikr/geometric_scaling_checkpoints_esen/esen-sphere-48-neutral-epoch/esen/run_9928672_params_5.1_million/dim_32_step_step=100000.ckpt,,,,dev-equivariant-scaling-laws/analysis_outputs/four_arch_force_scaling_repaired_2026_08_14/four_arch_force_checkpoint_table.csv
esen,eSEN (lmax=4),48,125000,125000,5097554,5097554.0,True,runs_csv,216671114,checkpoint token_processed,74.36,223.08,2.463902323760082e+17,0.001257252510837,0.0100992738799456,0.0039646518489192,0.0253063727516517,0.221283077754889,0.0010138197497055,0.111130936296512,True,eval reproduces training-time f_loss/val,,9928672,9928672.0,esen-sphere-48-neutral-epoch,run_9928672_params_5.1_million,outputs/2026-06-28/00-20-29,hydra_run_dir,866,27697,1238644,1733.368912,True,265078248925237440,63507147,1782385442,/network/scratch/m/michnikr/geometric_scaling_checkpoints_esen/esen-sphere-48-neutral-epoch/esen/run_9928672_params_5.1_million/dim_32_step_step=125000.ckpt,,,,dev-equivariant-scaling-laws/analysis_outputs/four_arch_force_scaling_repaired_2026_08_14/four_arch_force_checkpoint_table.csv
esen,eSEN (lmax=4),48,150000,150000,5097554,5097554.0,True,runs_csv,259995645,checkpoint token_processed,74.36,223.08,2.9565725770118176e+17,0.001117594981642,0.009294092220708,0.003638866295565,0.0232268835645917,0.1971683237469361,0.0009074905939606,0.1020158281466868,True,eval reproduces training-time f_loss/val,,9928672,9928672.0,esen-sphere-48-neutral-epoch,run_9928672_params_5.1_million,outputs/2026-06-28/00-20-29,hydra_run_dir,866,27697,1238644,1733.3043,True,318082041636559200,63507594,1782395214,/network/scratch/m/michnikr/geometric_scaling_checkpoints_esen/esen-sphere-48-neutral-epoch/esen/run_9928672_params_5.1_million/dim_32_step_step=150000.ckpt,,,,dev-equivariant-scaling-laws/analysis_outputs/four_arch_force_scaling_repaired_2026_08_14/four_arch_force_checkpoint_table.csv
esen,eSEN (lmax=4),48,175000,175000,5097554,5097554.0,True,runs_csv,303313252,checkpoint token_processed,74.36,223.08,3.4491640931426944e+17,0.0010318448854612,0.0087250760214953,0.0034059044408311,0.0217398880458249,0.1794416570119714,0.0008233950339813,0.095484710554767,True,eval reproduces training-time f_loss/val,,9928672,9928672.0,esen-sphere-48-neutral-epoch,run_9928672_params_5.1_million,outputs/2026-06-28/00-20-29,hydra_run_dir,866,27697,1238644,1733.2185828571428,True,371077363436545920,63508041,1782404989,/network/scratch/m/michnikr/geometric_scaling_checkpoints_esen/esen-sphere-48-neutral-epoch/esen/run_9928672_params_5.1_million/dim_32_step_step=175000.ckpt,,,,dev-equivariant-scaling-laws/analysis_outputs/four_arch_force_scaling_repaired_2026_08_14/four_arch_force_checkpoint_table.csv
esen,eSEN (lmax=4),48,200000,200000,5097554,5097554.0,True,runs_csv,346647268,checkpoint token_processed,74.36,223.08,3.9419422062429786e+17,0.0009602168942045,0.008280308914745,0.0032227346707253,0.0205707154032402,0.1675256095723384,0.0007649239804111,0.0904523289515626,True,eval reproduces training-time f_loss/val,,9928672,9928672.0,esen-sphere-48-neutral-epoch,run_9928672_params_5.1_million,outputs/2026-06-28/00-20-29,hydra_run_dir,866,27697,1238644,1733.23634,True,424092760219793280,63508488,1782414787,/network/scratch/m/michnikr/geometric_scaling_checkpoints_esen/esen-sphere-48-neutral-epoch/esen/run_9928672_params_5.1_million/dim_32_step_step=200000.ckpt,,,,dev-equivariant-scaling-laws/analysis_outputs/four_arch_force_scaling_repaired_2026_08_14/four_arch_force_checkpoint_table.csv
esen,eSEN (lmax=4),48,225000,225000,5097554,5097554.0,True,runs_csv,389972314,checkpoint token_processed,74.36,223.08,4.434618315880797e+17,0.0009026492768538,0.0079125010843472,0.0030779806410506,0.0196467504318261,0.1584179640874507,0.0007156664742867,0.0862816755863403,True,eval reproduces training-time f_loss/val,,9928672,9928672.0,esen-sphere-48-neutral-epoch,run_9928672_params_5.1_million,outputs/2026-06-28/00-20-29,hydra_run_dir,866,27697,1238644,1733.2102844444444,True,477097182988789440,63508807,1782432101,/network/scratch/m/michnikr/geometric_scaling_checkpoints_esen/esen-sphere-48-neutral-epoch/esen/run_9928672_params_5.1_million/dim_32_step_step=225000.ckpt,,,,dev-equivariant-scaling-laws/analysis_outputs/four_arch_force_scaling_repaired_2026_08_14/four_arch_force_checkpoint_table.csv
esen,eSEN (lmax=4),48,250000,250000,5097554,5097554.0,True,runs_csv,433270122,checkpoint token_processed,74.36,223.08,4.9269846852387264e+17,0.0008526554630358,0.0076088846586408,0.0029552000173864,0.0188630417109774,0.1510585102211795,0.0006806300665016,0.082895147251425,True,eval reproduces training-time f_loss/val,,9928672,9928672.0,esen-sphere-48-neutral-epoch,run_9928672_params_5.1_million,outputs/2026-06-28/00-20-29,hydra_run_dir,866,27697,1238644,1733.080488,True,530068282435581120,63509254,1782441907,/network/scratch/m/michnikr/geometric_scaling_checkpoints_esen/esen-sphere-48-neutral-epoch/esen/run_9928672_params_5.1_million/dim_32_step_step=250000.ckpt,,,,dev-equivariant-scaling-laws/analysis_outputs/four_arch_force_scaling_repaired_2026_08_14/four_arch_force_checkpoint_table.csv
esen,eSEN (lmax=4),48,275000,275000,5097554,5097554.0,True,runs_csv,476605759,checkpoint token_processed,74.36,223.08,5.419781231740645e+17,0.0008153250148421,0.007346665445827,0.0028497955398925,0.018190244931134,0.144296354878754,0.0006494229321114,0.0799608837793848,True,eval reproduces training-time f_loss/val,,9928672,9928672.0,esen-sphere-48-neutral-epoch,run_9928672_params_5.1_million,outputs/2026-06-28/00-20-29,hydra_run_dir,866,27697,1238644,1733.111850909091,True,583085662371236640,63509637,1782461779,/network/scratch/m/michnikr/geometric_scaling_checkpoints_esen/esen-sphere-48-neutral-epoch/esen/run_9928672_params_5.1_million/dim_32_step_step=275000.ckpt,,,,dev-equivariant-scaling-laws/analysis_outputs/four_arch_force_scaling_repaired_2026_08_14/four_arch_force_checkpoint_table.csv
esen,eSEN (lmax=4),48,300000,300000,5097554,5097554.0,True,runs_csv,519928706,checkpoint token_processed,74.36,223.08,5.912433472340814e+17,0.0007837512155435,0.0071199937206295,0.002760386096443,0.0176195444535963,0.1386783801483777,0.0006228067715424,0.0774280049217199,True,eval reproduces training-time f_loss/val,,9928672,9928672.0,esen-sphere-48-neutral-epoch,run_9928672_params_5.1_million,outputs/2026-06-28/00-20-29,hydra_run_dir,866,27697,1238644,1733.0956866666668,True,636087517196429760,63510084,1782479678,/network/scratch/m/michnikr/geometric_scaling_checkpoints_esen/esen-sphere-48-neutral-epoch/esen/run_9928672_params_5.1_million/dim_32_step_step=300000.ckpt,,,,dev-equivariant-scaling-laws/analysis_outputs/four_arch_force_scaling_repaired_2026_08_14/four_arch_force_checkpoint_table.csv
esen,eSEN (lmax=4),48,325000,325000,5097554,5097554.0,True,runs_csv,563220863,checkpoint token_processed,74.36,223.08,6.404735580654552e+17,0.0007547080163809,0.0069055542103541,0.0026769704592283,0.0170871024412548,0.1344514432520225,0.0006030915766714,0.0750864578702559,True,eval reproduces training-time f_loss/val,,9928672,9928672.0,esen-sphere-48-neutral-epoch,run_9928672_params_5.1_million,outputs/2026-06-28/00-20-29,hydra_run_dir,866,27697,1238644,1732.9872707692307,True,689051703136584480,63510467,1782540593,/network/scratch/m/michnikr/geometric_scaling_checkpoints_esen/esen-sphere-48-neutral-epoch/esen/run_9928672_params_5.1_million/dim_32_step_step=325000.ckpt,,,,dev-equivariant-scaling-laws/analysis_outputs/four_arch_force_scaling_repaired_2026_08_14/four_arch_force_checkpoint_table.csv
esen,eSEN (lmax=4),48,350000,350000,5097554,5097554.0,True,runs_csv,606536446,checkpoint token_processed,74.36,223.08,6.897304080619539e+17,0.000727489397939,0.0067258521835975,0.0026063319135732,0.0166362166043379,0.1298400044277757,0.0005825363542282,0.0730838853782583,True,eval reproduces training-time f_loss/val,,9928672,9928672.0,esen-sphere-48-neutral-epoch,run_9928672_params_5.1_million,outputs/2026-06-28/00-20-29,hydra_run_dir,866,27697,1238644,1732.9612742857144,True,742044548748740160,63510914,1782550095,/network/scratch/m/michnikr/geometric_scaling_checkpoints_esen/esen-sphere-48-neutral-epoch/esen/run_9928672_params_5.1_million/dim_32_step_step=350000.ckpt,,,,dev-equivariant-scaling-laws/analysis_outputs/four_arch_force_scaling_repaired_2026_08_14/four_arch_force_checkpoint_table.csv
esen,eSEN (lmax=4),48,375000,375000,5097554,5097554.0,True,runs_csv,649845462,checkpoint token_processed,74.36,223.08,7.389797903133244e+17,0.0007068895005658,0.0065674734665898,0.0025444569275955,0.0162412685688421,0.1259225660689846,0.0005663807344278,0.0713385420101767,True,eval reproduces training-time f_loss/val,,9928672,9928672.0,esen-sphere-48-neutral-epoch,run_9928672_params_5.1_million,outputs/2026-06-28/00-20-29,hydra_run_dir,866,27697,1238644,1732.921232,True,795029360207987520,63511361,1782559637,/network/scratch/m/michnikr/geometric_scaling_checkpoints_esen/esen-sphere-48-neutral-epoch/esen/run_9928672_params_5.1_million/dim_32_step_step=375000.ckpt,,,,dev-equivariant-scaling-laws/analysis_outputs/four_arch_force_scaling_repaired_2026_08_14/four_arch_force_checkpoint_table.csv
esen,eSEN (lmax=4),48,400000,400000,5097554,5097554.0,True,runs_csv,693194561,checkpoint token_processed,74.36,223.08,7.882747534430223e+17,0.0006867880095995,0.0064298640745724,0.0024925279155141,0.0159098056847268,0.1232077875593999,0.0005544490381477,0.0698431311272016,True,eval reproduces training-time f_loss/val,,9928672,9928672.0,esen-sphere-48-neutral-epoch,run_9928672_params_5.1_million,outputs/2026-06-28/00-20-29,hydra_run_dir,866,27697,1238644,1732.9864025,True,848063209728910560,63511808,1782569153,/network/scratch/m/michnikr/geometric_scaling_checkpoints_esen/esen-sphere-48-neutral-epoch/esen/run_9928672_params_5.1_million/dim_32_step_step=400000.ckpt,,,,dev-equivariant-scaling-laws/analysis_outputs/four_arch_force_scaling_repaired_2026_08_14/four_arch_force_checkpoint_table.csv
esen,eSEN (lmax=4),48,425000,425000,5097554,5097554.0,True,runs_csv,736482222,checkpoint token_processed,74.36,223.08,8.37499851592487e+17,0.0006714909166761,0.0063045914637088,0.0024437570801844,0.0155985014428175,0.1209332391094872,0.0005428490408447,0.0684744050455353,True,eval reproduces training-time f_loss/val,,9928672,9928672.0,esen-sphere-48-neutral-epoch,run_9928672_params_5.1_million,outputs/2026-06-28/00-20-29,hydra_run_dir,866,27697,1238644,1732.899345882353,True,901021895204397120,63512191,1782578650,/network/scratch/m/michnikr/geometric_scaling_checkpoints_esen/esen-sphere-48-neutral-epoch/esen/run_9928672_params_5.1_million/dim_32_step_step=425000.ckpt,,,,dev-equivariant-scaling-laws/analysis_outputs/four_arch_force_scaling_repaired_2026_08_14/four_arch_force_checkpoint_table.csv
esen,eSEN (lmax=4),48,450000,450000,5097554,5097554.0,True,runs_csv,779777582,checkpoint token_processed,74.36,223.08,8.867337047548562e+17,0.0006540450434731,0.0061957112265595,0.0024023491205198,0.0153341944362778,0.1199964951792641,0.0005360838265024,0.0673179505306202,True,eval reproduces training-time f_loss/val,,9928672,9928672.0,esen-sphere-48-neutral-epoch,run_9928672_params_5.1_million,outputs/2026-06-28/00-20-29,hydra_run_dir,866,27697,1238644,1732.839071111111,True,953989999736262720,63512638,1782588162,/network/scratch/m/michnikr/geometric_scaling_checkpoints_esen/esen-sphere-48-neutral-epoch/esen/run_9928672_params_5.1_million/dim_32_step_step=450000.ckpt,,,,dev-equivariant-scaling-laws/analysis_outputs/four_arch_force_scaling_repaired_2026_08_14/four_arch_force_checkpoint_table.csv
esen,eSEN (lmax=4),48,475000,475000,5097554,5097554.0,True,runs_csv,823077657,checkpoint token_processed,74.36,223.08,9.35972919637688e+17,0.0006411266589604,0.0060992752549756,0.0023656486470703,0.0150999353142502,0.1167193489669721,0.0005230891726861,0.0662236442766179,True,eval reproduces training-time f_loss/val,,9928672,9928672.0,esen-sphere-48-neutral-epoch,run_9928672_params_5.1_million,outputs/2026-06-28/00-20-29,hydra_run_dir,866,27697,1238644,1732.795067368421,True,1006963872660234720,63513085,1782597655,/network/scratch/m/michnikr/geometric_scaling_checkpoints_esen/esen-sphere-48-neutral-epoch/esen/run_9928672_params_5.1_million/dim_32_step_step=475000.ckpt,,,,dev-equivariant-scaling-laws/analysis_outputs/four_arch_force_scaling_repaired_2026_08_14/four_arch_force_checkpoint_table.csv
esen,eSEN (lmax=4),48,500000,500000,5097554,5097554.0,True,runs_csv,866390858,checkpoint token_processed,74.36,223.08,9.85227060913478e+17,0.0006325542137439,0.0060222358004605,0.0023364733653698,0.0149137094911557,0.1144579586166432,0.0005136683039864,0.06535904104447,True,eval reproduces training-time f_loss/val,,9928672,9928672.0,esen-sphere-48-neutral-epoch,run_9928672_params_5.1_million,outputs/2026-06-28/00-20-29,hydra_run_dir,866,27697,1238644,1732.781716,True,1059953804102719680,63513532,1782607156,/network/scratch/m/michnikr/geometric_scaling_checkpoints_esen/esen-sphere-48-neutral-epoch/esen/run_9928672_params_5.1_million/dim_32_step_step=500000.ckpt,,,,dev-equivariant-scaling-laws/analysis_outputs/four_arch_force_scaling_repaired_2026_08_14/four_arch_force_checkpoint_table.csv
esen,eSEN (lmax=4),48,525000,525000,5097554,5097554.0,True,runs_csv,909680830,checkpoint token_processed,74.36,223.08,1.034454787045125e+18,0.0006201695595626,0.0059538458449245,0.0023108934064644,0.0147504326134627,0.1118014401844412,0.0005023389937984,0.0645618483872305,True,eval reproduces training-time f_loss/val,,9928672,9928672.0,esen-sphere-48-neutral-epoch,run_9928672_params_5.1_million,outputs/2026-06-28/00-20-29,hydra_run_dir,866,27697,1238644,1732.7253904761906,True,1112915316885556800,63513851,1782629925,/network/scratch/m/michnikr/geometric_scaling_checkpoints_esen/esen-sphere-48-neutral-epoch/esen/run_9928672_params_5.1_million/dim_32_step_step=525000.ckpt,,,,dev-equivariant-scaling-laws/analysis_outputs/four_arch_force_scaling_repaired_2026_08_14/four_arch_force_checkpoint_table.csv
esen,eSEN (lmax=4),64,25000,25000,6785202,6785202.0,True,runs_csv,43327470,checkpoint token_processed,74.36,223.08,6.558231570095153e+16,0.0037181768518983,0.0218410841307622,0.0087787892092771,0.056035011522816,0.6397298357296761,0.0030296766888791,0.2487076081964133,True,eval reproduces training-time f_loss/val,,9928673,9928673.0,esen-sphere-64-neutral-epoch,run_9928673_params_6.8_million,outputs/2026-06-26/21-33-19,hydra_run_dir,866,27697,1238644,1733.0988,True,70556552663745600,83757391,1782342534,/network/scratch/m/michnikr/geometric_scaling_checkpoints_esen/esen-sphere-64-neutral-epoch/esen/run_9928673_params_6.8_million/dim_32_step_step=25000.ckpt,,,,dev-equivariant-scaling-laws/analysis_outputs/four_arch_force_scaling_repaired_2026_08_14/four_arch_force_checkpoint_table.csv
esen,eSEN (lmax=4),64,50000,50000,6785202,6785202.0,True,runs_csv,86663206,checkpoint token_processed,74.36,223.08,1.3117714317380166e+17,0.002068400003041,0.0147210602980864,0.0059066092401086,0.0377018867796136,0.4073355794297079,0.0018960866801129,0.1661714697819941,True,eval reproduces training-time f_loss/val,,9928673,9928673.0,esen-sphere-64-neutral-epoch,run_9928673_params_6.8_million,outputs/2026-06-26/21-33-19,hydra_run_dir,866,27697,1238644,1733.26412,True,141126566082626880,83757966,1782353676,/network/scratch/m/michnikr/geometric_scaling_checkpoints_esen/esen-sphere-64-neutral-epoch/esen/run_9928673_params_6.8_million/dim_32_step_step=50000.ckpt,,,,dev-equivariant-scaling-laws/analysis_outputs/four_arch_force_scaling_repaired_2026_08_14/four_arch_force_checkpoint_table.csv
esen,eSEN (lmax=4),64,75000,75000,6785202,6785202.0,True,runs_csv,130023779,checkpoint token_processed,74.36,223.08,1.968095649944193e+17,0.0015368966066151,0.011840674837978,0.004691537162817,0.0299460817102609,0.3066487489031589,0.001415940845786,0.1325661568376413,True,eval reproduces training-time f_loss/val,,9928673,9928673.0,esen-sphere-64-neutral-epoch,run_9928673_params_6.8_million,outputs/2026-06-26/21-33-19,hydra_run_dir,866,27697,1238644,1733.6503866666667,True,211737025276405920,83758413,1782367646,/network/scratch/m/michnikr/geometric_scaling_checkpoints_esen/esen-sphere-64-neutral-epoch/esen/run_9928673_params_6.8_million/dim_32_step_step=75000.ckpt,,,,dev-equivariant-scaling-laws/analysis_outputs/four_arch_force_scaling_repaired_2026_08_14/four_arch_force_checkpoint_table.csv
esen,eSEN (lmax=4),64,100000,100000,6785202,6785202.0,True,runs_csv,173332014,checkpoint token_processed,74.36,223.08,2.6236276577491715e+17,0.0012619803504327,0.010212769703918,0.0040134040022922,0.0256175577466313,0.2557797072407968,0.0011692531305385,0.1138202283445661,True,eval reproduces training-time f_loss/val,,9928673,9928673.0,esen-sphere-64-neutral-epoch,run_9928673_params_6.8_million,outputs/2026-06-26/21-33-19,hydra_run_dir,866,27697,1238644,1733.32014,True,282262254733638720,83758860,1782379043,/network/scratch/m/michnikr/geometric_scaling_checkpoints_esen/esen-sphere-64-neutral-epoch/esen/run_9928673_params_6.8_million/dim_32_step_step=100000.ckpt,,,,dev-equivariant-scaling-laws/analysis_outputs/four_arch_force_scaling_repaired_2026_08_14/four_arch_force_checkpoint_table.csv
esen,eSEN (lmax=4),64,125000,125000,6785202,6785202.0,True,runs_csv,216671114,checkpoint token_processed,74.36,223.08,3.279626851423556e+17,0.0010953720038805,0.0091443597984351,0.0035651929492497,0.0227566265950611,0.2273050362876601,0.0010254562597971,0.1016981605823231,True,eval reproduces training-time f_loss/val,,9928673,9928673.0,esen-sphere-64-neutral-epoch,run_9928673_params_6.8_million,outputs/2026-06-26/21-33-19,hydra_run_dir,866,27697,1238644,1733.368912,True,352837746253206720,83759307,1782390383,/network/scratch/m/michnikr/geometric_scaling_checkpoints_esen/esen-sphere-64-neutral-epoch/esen/run_9928673_params_6.8_million/dim_32_step_step=125000.ckpt,,,,dev-equivariant-scaling-laws/analysis_outputs/four_arch_force_scaling_repaired_2026_08_14/four_arch_force_checkpoint_table.csv
esen,eSEN (lmax=4),64,150000,150000,6785202,6785202.0,True,runs_csv,259995645,checkpoint token_processed,74.36,223.08,3.935405522469352e+17,0.0009730383023576,0.0083908365238737,0.0032531522691024,0.0207648709336807,0.2080648774087566,0.0009335936260542,0.0932443014992799,True,eval reproduces training-time f_loss/val,,9928673,9928673.0,esen-sphere-64-neutral-epoch,run_9928673_params_6.8_million,outputs/2026-06-26/21-33-19,hydra_run_dir,866,27697,1238644,1733.3043,True,423389512906869600,83759690,1782401701,/network/scratch/m/michnikr/geometric_scaling_checkpoints_esen/esen-sphere-64-neutral-epoch/esen/run_9928673_params_6.8_million/dim_32_step_step=150000.ckpt,,,,dev-equivariant-scaling-laws/analysis_outputs/four_arch_force_scaling_repaired_2026_08_14/four_arch_force_checkpoint_table.csv
esen,eSEN (lmax=4),64,175000,175000,6785202,6785202.0,True,runs_csv,303313252,checkpoint token_processed,74.36,223.08,4.591079388883373e+17,0.0008925386476013,0.0078376477310545,0.003026648959359,0.0193191003075889,0.189584866764054,0.0008541766150696,0.0869182434612422,True,eval reproduces training-time f_loss/val,,9928673,9928673.0,esen-sphere-64-neutral-epoch,run_9928673_params_6.8_million,outputs/2026-06-26/21-33-19,hydra_run_dir,866,27697,1238644,1733.2185828571428,True,493930004183256960,83760137,1782413059,/network/scratch/m/michnikr/geometric_scaling_checkpoints_esen/esen-sphere-64-neutral-epoch/esen/run_9928673_params_6.8_million/dim_32_step_step=175000.ckpt,,,,dev-equivariant-scaling-laws/analysis_outputs/four_arch_force_scaling_repaired_2026_08_14/four_arch_force_checkpoint_table.csv
esen,eSEN (lmax=4),64,200000,200000,6785202,6785202.0,True,runs_csv,346647268,checkpoint token_processed,74.36,223.08,5.247001628954645e+17,0.0008393390069773,0.0074162239485203,0.0028538442299019,0.0182160877194642,0.1773787865127,0.0007969486804841,0.0821317262900442,True,eval reproduces training-time f_loss/val,,9928673,9928673.0,esen-sphere-64-neutral-epoch,run_9928673_params_6.8_million,outputs/2026-06-26/21-33-19,hydra_run_dir,866,27697,1238644,1733.23634,True,564497216670752640,83760584,1782424488,/network/scratch/m/michnikr/geometric_scaling_checkpoints_esen/esen-sphere-64-neutral-epoch/esen/run_9928673_params_6.8_million/dim_32_step_step=200000.ckpt,,,,dev-equivariant-scaling-laws/analysis_outputs/four_arch_force_scaling_repaired_2026_08_14/four_arch_force_checkpoint_table.csv
esen,eSEN (lmax=4),64,225000,225000,6785202,6785202.0,True,runs_csv,389972314,checkpoint token_processed,74.36,223.08,5.902788095261181e+17,0.000784911050023,0.0070652682597665,0.0027147587634571,0.0173283051871468,0.1614215559052953,0.000734259097634,0.0779952735740056,True,eval reproduces training-time f_loss/val,,9928673,9928673.0,esen-sphere-64-neutral-epoch,run_9928673_params_6.8_million,outputs/2026-06-26/21-33-19,hydra_run_dir,866,27697,1238644,1733.2102844444444,True,635049821975382720,83761031,1782435840,/network/scratch/m/michnikr/geometric_scaling_checkpoints_esen/esen-sphere-64-neutral-epoch/esen/run_9928673_params_6.8_million/dim_32_step_step=225000.ckpt,,,,dev-equivariant-scaling-laws/analysis_outputs/four_arch_force_scaling_repaired_2026_08_14/four_arch_force_checkpoint_table.csv
esen,eSEN (lmax=4),64,250000,250000,6785202,6785202.0,True,runs_csv,433270122,checkpoint token_processed,74.36,223.08,6.558162275524923e+17,0.0007326532975463,0.0067784794940727,0.0025994910923101,0.0165925516422158,0.1459754575043916,0.0006692592277353,0.0744773872180811,True,eval reproduces training-time f_loss/val,,9928673,9928673.0,esen-sphere-64-neutral-epoch,run_9928673_params_6.8_million,outputs/2026-06-26/21-33-19,hydra_run_dir,866,27697,1238644,1733.080488,True,705558071600314560,83761414,1782447185,/network/scratch/m/michnikr/geometric_scaling_checkpoints_esen/esen-sphere-64-neutral-epoch/esen/run_9928673_params_6.8_million/dim_32_step_step=250000.ckpt,,,,dev-equivariant-scaling-laws/analysis_outputs/four_arch_force_scaling_repaired_2026_08_14/four_arch_force_checkpoint_table.csv
esen,eSEN (lmax=4),64,275000,275000,6785202,6785202.0,True,runs_csv,476605759,checkpoint token_processed,74.36,223.08,7.214109051746991e+17,0.000696231824151,0.0065414667501615,0.0025066610971242,0.0160000177829442,0.1361885367576506,0.0006302457364679,0.071717124866295,True,eval reproduces training-time f_loss/val,,9928673,9928673.0,esen-sphere-64-neutral-epoch,run_9928673_params_6.8_million,outputs/2026-06-26/21-33-19,hydra_run_dir,866,27697,1238644,1733.111850909091,True,776127923802796320,83761797,1782481337,/network/scratch/m/michnikr/geometric_scaling_checkpoints_esen/esen-sphere-64-neutral-epoch/esen/run_9928673_params_6.8_million/dim_32_step_step=275000.ckpt,,,,dev-equivariant-scaling-laws/analysis_outputs/four_arch_force_scaling_repaired_2026_08_14/four_arch_force_checkpoint_table.csv
esen,eSEN (lmax=4),64,300000,300000,6785202,6785202.0,True,runs_csv,519928706,checkpoint token_processed,74.36,223.08,7.869863746689851e+17,0.0006644993112193,0.0063329461112932,0.0024264958214854,0.0154883228285414,0.1489335950808148,0.0006579030428821,0.0699084915417541,True,eval reproduces training-time f_loss/val,,9928673,9928673.0,esen-sphere-64-neutral-epoch,run_9928673_params_6.8_million,outputs/2026-06-26/21-33-19,hydra_run_dir,866,27697,1238644,1733.0956866666668,True,846677110994066880,83762180,1782492484,/network/scratch/m/michnikr/geometric_scaling_checkpoints_esen/esen-sphere-64-neutral-epoch/esen/run_9928673_params_6.8_million/dim_32_step_step=300000.ckpt,,,,dev-equivariant-scaling-laws/analysis_outputs/four_arch_force_scaling_repaired_2026_08_14/four_arch_force_checkpoint_table.csv
esen,eSEN (lmax=4),64,325000,325000,6785202,6785202.0,True,runs_csv,563220863,checkpoint token_processed,74.36,223.08,8.525152390995452e+17,0.0006417154602116,0.0061551622261871,0.0023585228577739,0.0150544514011712,0.1613835706601379,0.0006923195284922,0.0684748175467943,True,eval reproduces training-time f_loss/val,,9928673,9928673.0,esen-sphere-64-neutral-epoch,run_9928673_params_6.8_million,outputs/2026-06-26/21-33-19,hydra_run_dir,866,27697,1238644,1732.9872707692307,True,917176158256638240,83762627,1782535338,/network/scratch/m/michnikr/geometric_scaling_checkpoints_esen/esen-sphere-64-neutral-epoch/esen/run_9928673_params_6.8_million/dim_32_step_step=325000.ckpt,,,,dev-equivariant-scaling-laws/analysis_outputs/four_arch_force_scaling_repaired_2026_08_14/four_arch_force_checkpoint_table.csv
esen,eSEN (lmax=4),64,350000,350000,6785202,6785202.0,True,runs_csv,606536446,checkpoint token_processed,74.36,223.08,9.180795621277942e+17,0.0006214341292885,0.0060146188516143,0.0023051781342991,0.0147139520312317,0.1304083493071464,0.0005892526709258,0.0660387152254027,True,eval reproduces training-time f_loss/val,,9928673,9928673.0,esen-sphere-64-neutral-epoch,run_9928673_params_6.8_million,outputs/2026-06-26/21-33-19,hydra_run_dir,866,27697,1238644,1732.9612742857144,True,987713353553302080,83763010,1782546643,/network/scratch/m/michnikr/geometric_scaling_checkpoints_esen/esen-sphere-64-neutral-epoch/esen/run_9928673_params_6.8_million/dim_32_step_step=350000.ckpt,,,,dev-equivariant-scaling-laws/analysis_outputs/four_arch_force_scaling_repaired_2026_08_14/four_arch_force_checkpoint_table.csv
esen,eSEN (lmax=4),64,375000,375000,6785202,6785202.0,True,runs_csv,649845462,checkpoint token_processed,74.36,223.08,9.836339450633674e+17,0.0006073723225441,0.0058905585880303,0.002256783322819,0.014405047949554,0.1184990609679844,0.0005502307102253,0.0644078929825563,True,eval reproduces training-time f_loss/val,,9928673,9928673.0,esen-sphere-64-neutral-epoch,run_9928673_params_6.8_million,outputs/2026-06-26/21-33-19,hydra_run_dir,866,27697,1238644,1732.921232,True,1058239854828797760,83763457,1782557969,/network/scratch/m/michnikr/geometric_scaling_checkpoints_esen/esen-sphere-64-neutral-epoch/esen/run_9928673_params_6.8_million/dim_32_step_step=375000.ckpt,,,,dev-equivariant-scaling-laws/analysis_outputs/four_arch_force_scaling_repaired_2026_08_14/four_arch_force_checkpoint_table.csv
esen,eSEN (lmax=4),64,400000,400000,6785202,6785202.0,True,runs_csv,693194561,checkpoint token_processed,74.36,223.08,1.0492489993457846e+18,0.0005925694326203,0.0057622953681017,0.0022072679523856,0.0140889913400777,0.1146397887326897,0.0005349640249172,0.0629725939301893,True,eval reproduces training-time f_loss/val,,9928673,9928673.0,esen-sphere-64-neutral-epoch,run_9928673_params_6.8_million,outputs/2026-06-26/21-33-19,hydra_run_dir,866,27697,1238644,1732.9864025,True,1128831629204717280,83763904,1782569268,/network/scratch/m/michnikr/geometric_scaling_checkpoints_esen/esen-sphere-64-neutral-epoch/esen/run_9928673_params_6.8_million/dim_32_step_step=400000.ckpt,,,,dev-equivariant-scaling-laws/analysis_outputs/four_arch_force_scaling_repaired_2026_08_14/four_arch_force_checkpoint_table.csv
esen,eSEN (lmax=4),64,425000,425000,6785202,6785202.0,True,runs_csv,736482222,checkpoint token_processed,74.36,223.08,1.1147710584380364e+18,0.0005776618714456,0.005643697024009,0.0021610095424373,0.0137937239093779,0.1158692279172411,0.0005387324692731,0.0618242949328219,True,eval reproduces training-time f_loss/val,,9928673,9928673.0,esen-sphere-64-neutral-epoch,run_9928673_params_6.8_million,outputs/2026-06-26/21-33-19,hydra_run_dir,866,27697,1238644,1732.899345882353,True,1199323354962922560,83764351,1782580556,/network/scratch/m/michnikr/geometric_scaling_checkpoints_esen/esen-sphere-64-neutral-epoch/esen/run_9928673_params_6.8_million/dim_32_step_step=425000.ckpt,,,,dev-equivariant-scaling-laws/analysis_outputs/four_arch_force_scaling_repaired_2026_08_14/four_arch_force_checkpoint_table.csv
esen,eSEN (lmax=4),64,450000,450000,6785202,6785202.0,True,runs_csv,779777582,checkpoint token_processed,74.36,223.08,1.180304771066684e+18,0.0005634988220971,0.0055413121937217,0.0021225237176693,0.0135480688898834,0.1363629755407021,0.0006064284217743,0.0614774061549604,True,eval reproduces training-time f_loss/val,,9928673,9928673.0,esen-sphere-64-neutral-epoch,run_9928673_params_6.8_million,outputs/2026-06-26/21-33-19,hydra_run_dir,866,27697,1238644,1732.839071111111,True,1269827618145975360,83764734,1782591837,/network/scratch/m/michnikr/geometric_scaling_checkpoints_esen/esen-sphere-64-neutral-epoch/esen/run_9928673_params_6.8_million/dim_32_step_step=450000.ckpt,,,,dev-equivariant-scaling-laws/analysis_outputs/four_arch_force_scaling_repaired_2026_08_14/four_arch_force_checkpoint_table.csv
esen,eSEN (lmax=4),64,475000,475000,6785202,6785202.0,True,runs_csv,823077657,checkpoint token_processed,74.36,223.08,1.2458456205214267e+18,0.0005511909244114,0.005455976749467,0.0020896282060724,0.0133380968393607,0.1695861036246147,0.0007155713810159,0.0617154813048297,True,eval reproduces training-time f_loss/val,,9928673,9928673.0,esen-sphere-64-neutral-epoch,run_9928673_params_6.8_million,outputs/2026-06-26/21-33-19,hydra_run_dir,866,27697,1238644,1732.795067368421,True,1340339559463611360,83765181,1782603128,/network/scratch/m/michnikr/geometric_scaling_checkpoints_esen/esen-sphere-64-neutral-epoch/esen/run_9928673_params_6.8_million/dim_32_step_step=475000.ckpt,,,,dev-equivariant-scaling-laws/analysis_outputs/four_arch_force_scaling_repaired_2026_08_14/four_arch_force_checkpoint_table.csv
esen,eSEN (lmax=4),64,500000,500000,6785202,6785202.0,True,runs_csv,866390858,checkpoint token_processed,74.36,223.08,1.311406338052378e+18,0.0005410657215534,0.0053895393541882,0.0020647597308612,0.0131793613620876,0.2164777526610442,0.0008695830485361,0.0625912240272448,True,eval reproduces training-time f_loss/val,,9928673,9928673.0,esen-sphere-64-neutral-epoch,run_9928673_params_6.8_million,outputs/2026-06-26/21-33-19,hydra_run_dir,866,27697,1238644,1732.781716,True,1410872875795995840,83765628,1782614437,/network/scratch/m/michnikr/geometric_scaling_checkpoints_esen/esen-sphere-64-neutral-epoch/esen/run_9928673_params_6.8_million/dim_32_step_step=500000.ckpt,,,,dev-equivariant-scaling-laws/analysis_outputs/four_arch_force_scaling_repaired_2026_08_14/four_arch_force_checkpoint_table.csv
esen,eSEN (lmax=4),64,525000,525000,6785202,6785202.0,True,runs_csv,909680830,checkpoint token_processed,74.36,223.08,1.3769318951732844e+18,0.0005303900841841,0.0053285899788235,0.002042802952488,0.0130392112457311,0.2501326166179384,0.0009796152320985,0.063082052109221,True,eval reproduces training-time f_loss/val,,9928673,9928673.0,esen-sphere-64-neutral-epoch,run_9928673_params_6.8_million,outputs/2026-06-26/21-33-19,hydra_run_dir,866,27697,1238644,1732.7253904761906,True,1481368364898638400,83766075,1782625715,/network/scratch/m/michnikr/geometric_scaling_checkpoints_esen/esen-sphere-64-neutral-epoch/esen/run_9928673_params_6.8_million/dim_32_step_step=525000.ckpt,,,,dev-equivariant-scaling-laws/analysis_outputs/four_arch_force_scaling_repaired_2026_08_14/four_arch_force_checkpoint_table.csv
gemnet_oc,GemNet-OC,32,50000,50000,312992,312992.0,True,runs_csv,86663206,checkpoint token_processed,35.18,105.54,2862760908790029.0,0.0071167446013946,0.0339465832324831,0.0158811516157219,0.1013693907631531,0.4988799457874914,0.0022002904309985,0.3614687366348177,True,eval reproduces training-time f_loss/val,,9816220,9816220.0,gemnet-oc-atom32-neutral-epoch,run_9816220_params_313.0_thousand,,reconstructed_from_sbatch_recipe,866,27697,1238644,1733.26412,True,162749341034112,7989347,1781300730,/network/scratch/m/michnikr/geometric_scaling_checkpoints_gemnet_oc/gemnet-oc-atom32-neutral-epoch/gemnet_oc/run_9816220_params_313.0_thousand/dim_32_step_step=50000.ckpt,,,,dev-equivariant-scaling-laws/analysis_outputs/four_arch_force_scaling_repaired_2026_08_14/four_arch_force_checkpoint_table.csv
gemnet_oc,GemNet-OC,32,100000,100000,312992,312992.0,True,runs_csv,173332014,checkpoint token_processed,35.18,105.54,5725706869430219.0,0.0051978484425784,0.0286518150475951,0.0136002069692536,0.0868101210847462,0.3855259544786074,0.001673942036318,0.3032575708391322,True,eval reproduces training-time f_loss/val,,9816220,9816220.0,gemnet-oc-atom32-neutral-epoch,run_9816220_params_313.0_thousand,,reconstructed_from_sbatch_recipe,866,27697,1238644,1733.32014,True,325509202355328,7989985,1781306476,/network/scratch/m/michnikr/geometric_scaling_checkpoints_gemnet_oc/gemnet-oc-atom32-neutral-epoch/gemnet_oc/run_9816220_params_313.0_thousand/dim_32_step_step=100000.ckpt,,,,dev-equivariant-scaling-laws/analysis_outputs/four_arch_force_scaling_repaired_2026_08_14/four_arch_force_checkpoint_table.csv
gemnet_oc,GemNet-OC,32,150000,150000,312992,312992.0,True,runs_csv,259995645,checkpoint token_processed,35.18,105.54,8588481817319914.0,0.0044874952366418,0.0262082426810925,0.0124377791872091,0.0793903445519558,0.3397555863850386,0.0014672036234727,0.2767544630456524,True,eval reproduces training-time f_loss/val,,9816220,9816220.0,gemnet-oc-atom32-neutral-epoch,run_9816220_params_313.0_thousand,,reconstructed_from_sbatch_recipe,866,27697,1238644,1733.3043,True,488259341519040,7990431,1781311914,/network/scratch/m/michnikr/geometric_scaling_checkpoints_gemnet_oc/gemnet-oc-atom32-neutral-epoch/gemnet_oc/run_9816220_params_313.0_thousand/dim_32_step_step=150000.ckpt,,,,dev-equivariant-scaling-laws/analysis_outputs/four_arch_force_scaling_repaired_2026_08_14/four_arch_force_checkpoint_table.csv
gemnet_oc,GemNet-OC,32,200000,200000,312992,312992.0,True,runs_csv,346647268,checkpoint token_processed,35.18,105.54,1.145086010283604e+16,0.00411195969773,0.0246862029026565,0.0116188202379914,0.0741629295790993,0.3141451504330987,0.0013449087150327,0.2603111161768929,True,eval reproduces training-time f_loss/val,,9816220,9816220.0,gemnet-oc-atom32-neutral-epoch,run_9816220_params_313.0_thousand,,reconstructed_from_sbatch_recipe,866,27697,1238644,1733.23634,True,650986930235136,7990877,1781317190,/network/scratch/m/michnikr/geometric_scaling_checkpoints_gemnet_oc/gemnet-oc-atom32-neutral-epoch/gemnet_oc/run_9816220_params_313.0_thousand/dim_32_step_step=200000.ckpt,,,,dev-equivariant-scaling-laws/analysis_outputs/four_arch_force_scaling_repaired_2026_08_14/four_arch_force_checkpoint_table.csv
gemnet_oc,GemNet-OC,32,250000,250000,312992,312992.0,True,runs_csv,433270122,checkpoint token_processed,35.18,105.54,1.4312288056921032e+16,0.0038286484203244,0.0235350524380751,0.0110068413455413,0.0702566683085906,0.2934691424096566,0.001274388036411,0.2480944047448618,True,eval reproduces training-time f_loss/val,,9816220,9816220.0,gemnet-oc-atom32-neutral-epoch,run_9816220_params_313.0_thousand,,reconstructed_from_sbatch_recipe,866,27697,1238644,1733.080488,True,813660492150144,7991323,1781322471,/network/scratch/m/michnikr/geometric_scaling_checkpoints_gemnet_oc/gemnet-oc-atom32-neutral-epoch/gemnet_oc/run_9816220_params_313.0_thousand/dim_32_step_step=250000.ckpt,,,,dev-equivariant-scaling-laws/analysis_outputs/four_arch_force_scaling_repaired_2026_08_14/four_arch_force_checkpoint_table.csv
gemnet_oc,GemNet-OC,32,300000,300000,312992,312992.0,True,runs_csv,519928706,checkpoint token_processed,35.18,105.54,1.7174896286373068e+16,0.0036229338983488,0.0226914807788459,0.0105608787781891,0.0674100892411816,0.2795428951156882,0.0012087181611653,0.2390019894001132,True,eval reproduces training-time f_loss/val,,9816220,9816220.0,gemnet-oc-atom32-neutral-epoch,run_9816220_params_313.0_thousand,,reconstructed_from_sbatch_recipe,866,27697,1238644,1733.0956866666668,True,976401153290112,7991769,1781327799,/network/scratch/m/michnikr/geometric_scaling_checkpoints_gemnet_oc/gemnet-oc-atom32-neutral-epoch/gemnet_oc/run_9816220_params_313.0_thousand/dim_32_step_step=300000.ckpt,,,,dev-equivariant-scaling-laws/analysis_outputs/four_arch_force_scaling_repaired_2026_08_14/four_arch_force_checkpoint_table.csv
gemnet_oc,GemNet-OC,32,350000,350000,312992,312992.0,True,runs_csv,606536446,checkpoint token_processed,35.18,105.54,2.003582497704083e+16,0.0034627395234859,0.0220337953455057,0.0102207039185569,0.0652387531121491,0.272561762154997,0.0011716815533116,0.2320547689881748,True,eval reproduces training-time f_loss/val,,9816220,9816220.0,gemnet-oc-atom32-neutral-epoch,run_9816220_params_313.0_thousand,,reconstructed_from_sbatch_recipe,866,27697,1238644,1732.9612742857144,True,1139046331838592,7992215,1781333127,/network/scratch/m/michnikr/geometric_scaling_checkpoints_gemnet_oc/gemnet-oc-atom32-neutral-epoch/gemnet_oc/run_9816220_params_313.0_thousand/dim_32_step_step=350000.ckpt,,,,dev-equivariant-scaling-laws/analysis_outputs/four_arch_force_scaling_repaired_2026_08_14/four_arch_force_checkpoint_table.csv
gemnet_oc,GemNet-OC,32,400000,400000,312992,312992.0,True,runs_csv,693194561,checkpoint token_processed,35.18,105.54,2.289841771393347e+16,0.0033548332590289,0.0215075379613933,0.0099419302163771,0.0634593405711354,0.2689708829115362,0.0011516657485718,0.2265920370996512,True,eval reproduces training-time f_loss/val,,9816220,9816220.0,gemnet-oc-atom32-neutral-epoch,run_9816220_params_313.0_thousand,,reconstructed_from_sbatch_recipe,866,27697,1238644,1732.9864025,True,1301786112219072,7992661,1781338367,/network/scratch/m/michnikr/geometric_scaling_checkpoints_gemnet_oc/gemnet-oc-atom32-neutral-epoch/gemnet_oc/run_9816220_params_313.0_thousand/dim_32_step_step=400000.ckpt,,,,dev-equivariant-scaling-laws/analysis_outputs/four_arch_force_scaling_repaired_2026_08_14/four_arch_force_checkpoint_table.csv
gemnet_oc,GemNet-OC,32,450000,450000,312992,312992.0,True,runs_csv,779777582,checkpoint token_processed,35.18,105.54,2.5758529857531604e+16,0.0032590384602388,0.0210753667768409,0.0097073310869406,0.0619618943279424,0.2628056311734691,0.0011371256971199,0.2221249247396093,True,eval reproduces training-time f_loss/val,,9816220,9816220.0,gemnet-oc-atom32-neutral-epoch,run_9816220_params_313.0_thousand,,reconstructed_from_sbatch_recipe,866,27697,1238644,1732.839071111111,True,1464384869672064,7993107,1781343723,/network/scratch/m/michnikr/geometric_scaling_checkpoints_gemnet_oc/gemnet-oc-atom32-neutral-epoch/gemnet_oc/run_9816220_params_313.0_thousand/dim_32_step_step=450000.ckpt,,,,dev-equivariant-scaling-laws/analysis_outputs/four_arch_force_scaling_repaired_2026_08_14/four_arch_force_checkpoint_table.csv
gemnet_oc,GemNet-OC,32,500000,500000,312992,312992.0,True,runs_csv,866390858,checkpoint token_processed,35.18,105.54,2.861964141985993e+16,0.0031656951568548,0.0207179622911777,0.0095183016255778,0.0607553192760631,0.2580057799678476,0.0011161550295788,0.2183411732075658,True,eval reproduces training-time f_loss/val,,9816220,9816220.0,gemnet-oc-atom32-neutral-epoch,run_9816220_params_313.0_thousand,,reconstructed_from_sbatch_recipe,866,27697,1238644,1732.781716,True,1627040444562816,7993553,1781349074,/network/scratch/m/michnikr/geometric_scaling_checkpoints_gemnet_oc/gemnet-oc-atom32-neutral-epoch/gemnet_oc/run_9816220_params_313.0_thousand/dim_32_step_step=500000.ckpt,,,,dev-equivariant-scaling-laws/analysis_outputs/four_arch_force_scaling_repaired_2026_08_14/four_arch_force_checkpoint_table.csv
gemnet_oc,GemNet-OC,48,50000,50000,575472,575472.0,True,runs_csv,86663206,checkpoint token_processed,35.18,105.54,5263517104920305.0,0.0056775431357072,0.0300090740591838,0.0141803796787045,0.0905133634891713,0.4204425337201729,0.0018502467128557,0.3185932077203961,True,eval reproduces training-time f_loss/val,,9816221,9816221.0,gemnet-oc-atom48-neutral-epoch,run_9816221_params_575.5_thousand,outputs/2026-06-12/16-37-08,hydra_run_dir,866,27697,1238644,1733.26412,True,299233490899392,11139107,1781302345,/network/scratch/m/michnikr/geometric_scaling_checkpoints_gemnet_oc/gemnet-oc-atom48-neutral-epoch/gemnet_oc/run_9816221_params_575.5_thousand/dim_48_step_step=50000.ckpt,,,,dev-equivariant-scaling-laws/analysis_outputs/four_arch_force_scaling_repaired_2026_08_14/four_arch_force_checkpoint_table.csv
gemnet_oc,GemNet-OC,48,100000,100000,575472,575472.0,True,runs_csv,173332014,checkpoint token_processed,35.18,105.54,1.0527374449074568e+16,0.0043263436529267,0.0248641898902885,0.0118327908830332,0.0755287042064011,0.3200518613461809,0.0014157532540894,0.2627994314437801,True,eval reproduces training-time f_loss/val,,9816221,9816221.0,gemnet-oc-atom48-neutral-epoch,run_9816221_params_575.5_thousand,outputs/2026-06-12/16-37-08,hydra_run_dir,866,27697,1238644,1733.32014,True,598486324563648,11139745,1781308275,/network/scratch/m/michnikr/geometric_scaling_checkpoints_gemnet_oc/gemnet-oc-atom48-neutral-epoch/gemnet_oc/run_9816221_params_575.5_thousand/dim_48_step_step=100000.ckpt,,,,dev-equivariant-scaling-laws/analysis_outputs/four_arch_force_scaling_repaired_2026_08_14/four_arch_force_checkpoint_table.csv
gemnet_oc,GemNet-OC,48,150000,150000,575472,575472.0,True,runs_csv,259995645,checkpoint token_processed,35.18,105.54,1.5790917366503696e+16,0.0036849092266199,0.0224364725550245,0.0106042293665044,0.0676867960463977,0.2780575951944184,0.0012451410219307,0.2368161357695523,True,eval reproduces training-time f_loss/val,,9816221,9816221.0,gemnet-oc-atom48-neutral-epoch,run_9816221_params_575.5_thousand,outputs/2026-06-12/16-37-08,hydra_run_dir,866,27697,1238644,1733.3043,True,897721282916640,11140191,1781313938,/network/scratch/m/michnikr/geometric_scaling_checkpoints_gemnet_oc/gemnet-oc-atom48-neutral-epoch/gemnet_oc/run_9816221_params_575.5_thousand/dim_48_step_step=150000.ckpt,,,,dev-equivariant-scaling-laws/analysis_outputs/four_arch_force_scaling_repaired_2026_08_14/four_arch_force_checkpoint_table.csv
gemnet_oc,GemNet-OC,48,200000,200000,575472,575472.0,True,runs_csv,346647268,checkpoint token_processed,35.18,105.54,2.1053730974271748e+16,0.003287852691115,0.0208985870424442,0.0097872587019349,0.0624720722944508,0.2640601766852803,0.0011742224436703,0.2207280948611463,True,eval reproduces training-time f_loss/val,,9816221,9816221.0,gemnet-oc-atom48-neutral-epoch,run_9816221_params_575.5_thousand,outputs/2026-06-12/16-37-08,hydra_run_dir,866,27697,1238644,1733.23634,True,1196914779662976,11140637,1781319499,/network/scratch/m/michnikr/geometric_scaling_checkpoints_gemnet_oc/gemnet-oc-atom48-neutral-epoch/gemnet_oc/run_9816221_params_575.5_thousand/dim_48_step_step=200000.ckpt,,,,dev-equivariant-scaling-laws/analysis_outputs/four_arch_force_scaling_repaired_2026_08_14/four_arch_force_checkpoint_table.csv
gemnet_oc,GemNet-OC,48,250000,250000,575472,575472.0,True,runs_csv,433270122,checkpoint token_processed,35.18,105.54,2.631479728776601e+16,0.0029720904863591,0.019777876018454,0.009169267813518,0.0585274364536856,0.2507933821038753,0.0011122456129224,0.2089012163137644,True,eval reproduces training-time f_loss/val,,9816221,9816221.0,gemnet-oc-atom48-neutral-epoch,run_9816221_params_575.5_thousand,outputs/2026-06-12/16-37-08,hydra_run_dir,866,27697,1238644,1733.080488,True,1496008941885504,11141083,1781325099,/network/scratch/m/michnikr/geometric_scaling_checkpoints_gemnet_oc/gemnet-oc-atom48-neutral-epoch/gemnet_oc/run_9816221_params_575.5_thousand/dim_48_step_step=250000.ckpt,,,,dev-equivariant-scaling-laws/analysis_outputs/four_arch_force_scaling_repaired_2026_08_14/four_arch_force_checkpoint_table.csv
gemnet_oc,GemNet-OC,48,300000,300000,575472,575472.0,True,runs_csv,519928706,checkpoint token_processed,35.18,105.54,3.1578033674060944e+16,0.002794335934839,0.0189291893990654,0.0086855049490283,0.0554395780896479,0.2339520572704063,0.0010379674229364,0.1996715682200193,True,eval reproduces training-time f_loss/val,,9816221,9816221.0,gemnet-oc-atom48-neutral-epoch,run_9816221_params_575.5_thousand,outputs/2026-06-12/16-37-08,hydra_run_dir,866,27697,1238644,1733.0956866666668,True,1795226473795392,11141529,1781330727,/network/scratch/m/michnikr/geometric_scaling_checkpoints_gemnet_oc/gemnet-oc-atom48-neutral-epoch/gemnet_oc/run_9816221_params_575.5_thousand/dim_48_step_step=300000.ckpt,,,,dev-equivariant-scaling-laws/analysis_outputs/four_arch_force_scaling_repaired_2026_08_14/four_arch_force_checkpoint_table.csv
gemnet_oc,GemNet-OC,48,350000,350000,575472,575472.0,True,runs_csv,606536446,checkpoint token_processed,35.18,105.54,3.683818203400611e+16,0.002661511007276,0.0183351871710244,0.0083472655817592,0.0532805962083693,0.2280211347234854,0.001019798335552,0.1935498550657653,True,eval reproduces training-time f_loss/val,,9816221,9816221.0,gemnet-oc-atom48-neutral-epoch,run_9816221_params_575.5_thousand,outputs/2026-06-12/16-37-08,hydra_run_dir,866,27697,1238644,1732.9612742857144,True,2094268449915072,11141975,1781336280,/network/scratch/m/michnikr/geometric_scaling_checkpoints_gemnet_oc/gemnet-oc-atom48-neutral-epoch/gemnet_oc/run_9816221_params_575.5_thousand/dim_48_step_step=350000.ckpt,,,,dev-equivariant-scaling-laws/analysis_outputs/four_arch_force_scaling_repaired_2026_08_14/four_arch_force_checkpoint_table.csv
gemnet_oc,GemNet-OC,48,400000,400000,575472,575472.0,True,runs_csv,693194561,checkpoint token_processed,35.18,105.54,4.210138993543837e+16,0.0025452260447151,0.0178050983473486,0.0080747155043096,0.0515409090640087,0.2220380878114672,0.0009926173345798,0.1879771568192847,True,eval reproduces training-time f_loss/val,,9816221,9816221.0,gemnet-oc-atom48-neutral-epoch,run_9816221_params_575.5_thousand,outputs/2026-06-12/16-37-08,hydra_run_dir,866,27697,1238644,1732.9864025,True,2393484362446752,11142421,1781341858,/network/scratch/m/michnikr/geometric_scaling_checkpoints_gemnet_oc/gemnet-oc-atom48-neutral-epoch/gemnet_oc/run_9816221_params_575.5_thousand/dim_48_step_step=400000.ckpt,,,,dev-equivariant-scaling-laws/analysis_outputs/four_arch_force_scaling_repaired_2026_08_14/four_arch_force_checkpoint_table.csv
gemnet_oc,GemNet-OC,48,450000,450000,575472,575472.0,True,runs_csv,779777582,checkpoint token_processed,35.18,105.54,4.7360036979135016e+16,0.0024503210946675,0.0173822346769324,0.0078587126876988,0.0501621630855816,0.2159464498745238,0.0009630844160668,0.1834531909299935,True,eval reproduces training-time f_loss/val,,9816221,9816221.0,gemnet-oc-atom48-neutral-epoch,run_9816221_params_575.5_thousand,outputs/2026-06-12/16-37-08,hydra_run_dir,866,27697,1238644,1732.839071111111,True,2692440988012224,11142867,1781347522,/network/scratch/m/michnikr/geometric_scaling_checkpoints_gemnet_oc/gemnet-oc-atom48-neutral-epoch/gemnet_oc/run_9816221_params_575.5_thousand/dim_48_step_step=450000.ckpt,,,,dev-equivariant-scaling-laws/analysis_outputs/four_arch_force_scaling_repaired_2026_08_14/four_arch_force_checkpoint_table.csv
gemnet_oc,GemNet-OC,48,500000,500000,575472,575472.0,True,runs_csv,866390858,checkpoint token_processed,35.18,105.54,5.262052156978336e+16,0.0023775134289996,0.0170458963272047,0.0076820412540074,0.0490344693243297,0.2095866620402963,0.0009379872530521,0.1798388358025691,True,eval reproduces training-time f_loss/val,,9816221,9816221.0,gemnet-oc-atom48-neutral-epoch,run_9816221_params_575.5_thousand,outputs/2026-06-12/16-37-08,hydra_run_dir,866,27697,1238644,1732.781716,True,2991502079009856,11143313,1781353174,/network/scratch/m/michnikr/geometric_scaling_checkpoints_gemnet_oc/gemnet-oc-atom48-neutral-epoch/gemnet_oc/run_9816221_params_575.5_thousand/dim_48_step_step=500000.ckpt,,,,dev-equivariant-scaling-laws/analysis_outputs/four_arch_force_scaling_repaired_2026_08_14/four_arch_force_checkpoint_table.csv
gemnet_oc,GemNet-OC,64,50000,50000,937280,937280.0,True,runs_csv,86663206,checkpoint token_processed,35.18,105.54,8572770373015026.0,0.0051004195550357,0.0282584112062275,0.0133591806752167,0.0852716502499084,0.3970165578067716,0.0017007847843389,0.2995919599056654,True,eval reproduces training-time f_loss/val,,9816214,9816214.0,gemnet-oc-atom64-neutral-epoch,run_9816214_params_937.3_thousand,outputs/2026-06-12/15-12-18,hydra_run_dir,866,27697,1238644,1733.26412,True,487366138318080,15480483,1781297639,/network/scratch/m/michnikr/geometric_scaling_checkpoints_gemnet_oc/gemnet-oc-atom64-neutral-epoch/gemnet_oc/run_9816214_params_937.3_thousand/dim_64_step_step=50000.ckpt,,,,dev-equivariant-scaling-laws/analysis_outputs/four_arch_force_scaling_repaired_2026_08_14/four_arch_force_checkpoint_table.csv
gemnet_oc,GemNet-OC,64,100000,100000,937280,937280.0,True,runs_csv,173332014,checkpoint token_processed,35.18,105.54,1.7146094898845834e+16,0.0036741472808531,0.0227550378049923,0.0106228435534083,0.0678056104014053,0.2851234460055966,0.0012415124676564,0.2399655027264878,True,eval reproduces training-time f_loss/val,,9816214,9816214.0,gemnet-oc-atom64-neutral-epoch,run_9816214_params_937.3_thousand,outputs/2026-06-12/15-12-18,hydra_run_dir,866,27697,1238644,1733.32014,True,974763780491520,15481121,1781303827,/network/scratch/m/michnikr/geometric_scaling_checkpoints_gemnet_oc/gemnet-oc-atom64-neutral-epoch/gemnet_oc/run_9816214_params_937.3_thousand/dim_64_step_step=100000.ckpt,,,,dev-equivariant-scaling-laws/analysis_outputs/four_arch_force_scaling_repaired_2026_08_14/four_arch_force_checkpoint_table.csv
gemnet_oc,GemNet-OC,64,150000,150000,937280,937280.0,True,runs_csv,259995645,checkpoint token_processed,35.18,105.54,2.571890731308662e+16,0.0029592245861243,0.0200369479833708,0.0091694663669503,0.0585287038202442,0.2486237574274077,0.0010911978163993,0.211281457997702,True,eval reproduces training-time f_loss/val,,9816214,9816214.0,gemnet-oc-atom64-neutral-epoch,run_9816214_params_937.3_thousand,outputs/2026-06-12/15-12-18,hydra_run_dir,866,27697,1238644,1733.3043,True,1462132308873600,15481567,1781310013,/network/scratch/m/michnikr/geometric_scaling_checkpoints_gemnet_oc/gemnet-oc-atom64-neutral-epoch/gemnet_oc/run_9816214_params_937.3_thousand/dim_64_step_step=150000.ckpt,,,,dev-equivariant-scaling-laws/analysis_outputs/four_arch_force_scaling_repaired_2026_08_14/four_arch_force_checkpoint_table.csv
gemnet_oc,GemNet-OC,64,200000,200000,937280,937280.0,True,runs_csv,346647268,checkpoint token_processed,35.18,105.54,3.429053188958876e+16,0.002585815742728,0.0184646614151845,0.0083344308674082,0.0531986722266667,0.226893739684487,0.0009994890962138,0.1946415051139835,True,eval reproduces training-time f_loss/val,,9816214,9816214.0,gemnet-oc-atom64-neutral-epoch,run_9816214_params_937.3_thousand,outputs/2026-06-12/15-12-18,hydra_run_dir,866,27697,1238644,1733.23634,True,1949433308106240,15482013,1781316002,/network/scratch/m/michnikr/geometric_scaling_checkpoints_gemnet_oc/gemnet-oc-atom64-neutral-epoch/gemnet_oc/run_9816214_params_937.3_thousand/dim_64_step_step=200000.ckpt,,,,dev-equivariant-scaling-laws/analysis_outputs/four_arch_force_scaling_repaired_2026_08_14/four_arch_force_checkpoint_table.csv
gemnet_oc,GemNet-OC,64,250000,250000,937280,937280.0,True,runs_csv,433270122,checkpoint token_processed,35.18,105.54,4.28593106213288e+16,0.002348240962413,0.0173887318660511,0.0077918673685145,0.0497354894132282,0.2144509153074948,0.0009457826219562,0.1833451448800741,True,eval reproduces training-time f_loss/val,,9816214,9816214.0,gemnet-oc-atom64-neutral-epoch,run_9816214_params_937.3_thousand,outputs/2026-06-12/15-12-18,hydra_run_dir,866,27697,1238644,1733.080488,True,2436572519688960,15482459,1781321956,/network/scratch/m/michnikr/geometric_scaling_checkpoints_gemnet_oc/gemnet-oc-atom64-neutral-epoch/gemnet_oc/run_9816214_params_937.3_thousand/dim_64_step_step=250000.ckpt,,,,dev-equivariant-scaling-laws/analysis_outputs/four_arch_force_scaling_repaired_2026_08_14/four_arch_force_checkpoint_table.csv
gemnet_oc,GemNet-OC,64,300000,300000,937280,937280.0,True,runs_csv,519928706,checkpoint token_processed,35.18,105.54,5.143162378364862e+16,0.0021956697911656,0.0165775903585575,0.0074080316153942,0.0472854658010615,0.2088440275357447,0.0009241912143754,0.17501781572933,True,eval reproduces training-time f_loss/val,,9816214,9816214.0,gemnet-oc-atom64-neutral-epoch,run_9816214_params_937.3_thousand,outputs/2026-06-12/15-12-18,hydra_run_dir,866,27697,1238644,1733.0956866666668,True,2923912665358080,15482905,1781327938,/network/scratch/m/michnikr/geometric_scaling_checkpoints_gemnet_oc/gemnet-oc-atom64-neutral-epoch/gemnet_oc/run_9816214_params_937.3_thousand/dim_64_step_step=300000.ckpt,,,,dev-equivariant-scaling-laws/analysis_outputs/four_arch_force_scaling_repaired_2026_08_14/four_arch_force_checkpoint_table.csv
gemnet_oc,GemNet-OC,64,350000,350000,937280,937280.0,True,runs_csv,606536446,checkpoint token_processed,35.18,105.54,5.99989074304801e+16,0.0020565019084859,0.0159820190643758,0.007118505052512,0.0454374177501844,0.2032846125148185,0.0008940278571225,0.1687604692149837,True,eval reproduces training-time f_loss/val,,9816214,9816214.0,gemnet-oc-atom64-neutral-epoch,run_9816214_params_937.3_thousand,outputs/2026-06-12/15-12-18,hydra_run_dir,866,27697,1238644,1732.9612742857144,True,3410966880641280,15483351,1781333898,/network/scratch/m/michnikr/geometric_scaling_checkpoints_gemnet_oc/gemnet-oc-atom64-neutral-epoch/gemnet_oc/run_9816214_params_937.3_thousand/dim_64_step_step=350000.ckpt,,,,dev-equivariant-scaling-laws/analysis_outputs/four_arch_force_scaling_repaired_2026_08_14/four_arch_force_checkpoint_table.csv
gemnet_oc,GemNet-OC,64,400000,400000,937280,937280.0,True,runs_csv,693194561,checkpoint token_processed,35.18,105.54,6.857117419907079e+16,0.0019706107746301,0.0155382978823466,0.0068954225404068,0.0440134820754168,0.1956245629568573,0.0008607782444937,0.1639907612684037,True,eval reproduces training-time f_loss/val,,9816214,9816214.0,gemnet-oc-atom64-neutral-epoch,run_9816214_params_937.3_thousand,outputs/2026-06-12/15-12-18,hydra_run_dir,866,27697,1238644,1732.9864025,True,3898304388804480,15483797,1781339828,/network/scratch/m/michnikr/geometric_scaling_checkpoints_gemnet_oc/gemnet-oc-atom64-neutral-epoch/gemnet_oc/run_9816214_params_937.3_thousand/dim_64_step_step=400000.ckpt,,,,dev-equivariant-scaling-laws/analysis_outputs/four_arch_force_scaling_repaired_2026_08_14/four_arch_force_checkpoint_table.csv
gemnet_oc,GemNet-OC,64,450000,450000,937280,937280.0,True,runs_csv,779777582,checkpoint token_processed,35.18,105.54,7.713601262929155e+16,0.0019030523971286,0.0151702805936302,0.0067155620997565,0.042865432882746,0.1873751918142166,0.0008351436314938,0.1600542422512403,True,eval reproduces training-time f_loss/val,,9816214,9816214.0,gemnet-oc-atom64-neutral-epoch,run_9816214_params_937.3_thousand,outputs/2026-06-12/15-12-18,hydra_run_dir,866,27697,1238644,1732.839071111111,True,4385219592341760,15484243,1781345891,/network/scratch/m/michnikr/geometric_scaling_checkpoints_gemnet_oc/gemnet-oc-atom64-neutral-epoch/gemnet_oc/run_9816214_params_937.3_thousand/dim_64_step_step=450000.ckpt,,,,dev-equivariant-scaling-laws/analysis_outputs/four_arch_force_scaling_repaired_2026_08_14/four_arch_force_checkpoint_table.csv
gemnet_oc,GemNet-OC,64,500000,500000,937280,937280.0,True,runs_csv,866390858,checkpoint token_processed,35.18,105.54,8.570384390018376e+16,0.001844648895683,0.0148658574118943,0.0065674646233901,0.0419201266910992,0.182336086110485,0.0008160834261576,0.15681940838052,True,eval reproduces training-time f_loss/val,,9816214,9816214.0,gemnet-oc-atom64-neutral-epoch,run_9816214_params_937.3_thousand,outputs/2026-06-12/15-12-18,hydra_run_dir,866,27697,1238644,1732.781716,True,4872304940317440,15484689,1781351944,/network/scratch/m/michnikr/geometric_scaling_checkpoints_gemnet_oc/gemnet-oc-atom64-neutral-epoch/gemnet_oc/run_9816214_params_937.3_thousand/dim_64_step_step=500000.ckpt,,,,dev-equivariant-scaling-laws/analysis_outputs/four_arch_force_scaling_repaired_2026_08_14/four_arch_force_checkpoint_table.csv
gemnet_oc,GemNet-OC,80,50000,50000,1398416,1398416.0,True,backfilled_from_slurm_log,86663206,checkpoint token_processed,35.18,105.54,1.2790520713074194e+16,0.0046049783168095,0.0263252364166132,0.012574714155444,0.0802644004541993,0.3564856701958537,0.0015892263048992,0.2791446272151245,True,eval reproduces training-time f_loss/val,,10325230,10325230.0,gemnet-oc-atom80-neutral-epoch,run_10325230_params_1.4_million,outputs/2026-08-14/10-06-02,hydra_run_dir,866,27697,1238644,1733.26412,True,727147283290176,21028063,1786321259,/network/scratch/m/michnikr/geometric_scaling_checkpoints_gemnet_oc/gemnet-oc-atom80-neutral-epoch/gemnet_oc/run_10325230_params_1.4_million/dim_80_step_step=50000.ckpt,,,,dev-equivariant-scaling-laws/analysis_outputs/four_arch_force_scaling_repaired_2026_08_14/four_arch_force_checkpoint_table.csv
gemnet_oc,GemNet-OC,80,100000,100000,1398416,1398416.0,True,backfilled_from_slurm_log,173332014,checkpoint token_processed,35.18,105.54,2.5581868218744024e+16,0.00320128705532,0.0211099356673141,0.0099891038845031,0.0637604500947834,0.2607805460398935,0.0011453957459029,0.2225533141321707,True,eval reproduces training-time f_loss/val,,10325230,10325230.0,gemnet-oc-atom80-neutral-epoch,run_10325230_params_1.4_million,outputs/2026-08-14/10-06-02,hydra_run_dir,866,27697,1238644,1733.32014,True,1454341570138944,21028701,1786327897,/network/scratch/m/michnikr/geometric_scaling_checkpoints_gemnet_oc/gemnet-oc-atom80-neutral-epoch/gemnet_oc/run_10325230_params_1.4_million/dim_80_step_step=100000.ckpt,,,,dev-equivariant-scaling-laws/analysis_outputs/four_arch_force_scaling_repaired_2026_08_14/four_arch_force_checkpoint_table.csv
gemnet_oc,GemNet-OC,80,150000,150000,1398416,1398416.0,True,backfilled_from_slurm_log,259995645,checkpoint token_processed,35.18,105.54,3.837245165706869e+16,0.002655208636661,0.0186082833504635,0.0086787098107203,0.0553962047218278,0.2271186710608473,0.0010162701559528,0.1962455350641638,True,eval reproduces training-time f_loss/val,,10325230,10325230.0,gemnet-oc-atom80-neutral-epoch,run_10325230_params_1.4_million,outputs/2026-08-14/10-06-02,hydra_run_dir,866,27697,1238644,1733.3043,True,2181492419389920,21029147,1786334561,/network/scratch/m/michnikr/geometric_scaling_checkpoints_gemnet_oc/gemnet-oc-atom80-neutral-epoch/gemnet_oc/run_10325230_params_1.4_million/dim_80_step_step=150000.ckpt,,,,dev-equivariant-scaling-laws/analysis_outputs/four_arch_force_scaling_repaired_2026_08_14/four_arch_force_checkpoint_table.csv
gemnet_oc,GemNet-OC,80,200000,200000,1398416,1398416.0,True,backfilled_from_slurm_log,346647268,checkpoint token_processed,35.18,105.54,5.116126284878708e+16,0.0023628398479974,0.0171868508148241,0.007933664355279,0.0506405795797464,0.2100060574934058,0.0009358095612907,0.1812266037611486,True,eval reproduces training-time f_loss/val,,10325230,10325230.0,gemnet-oc-atom80-neutral-epoch,run_10325230_params_1.4_million,outputs/2026-08-14/10-06-02,hydra_run_dir,866,27697,1238644,1733.23634,True,2908542515564928,21029529,1786341212,/network/scratch/m/michnikr/geometric_scaling_checkpoints_gemnet_oc/gemnet-oc-atom80-neutral-epoch/gemnet_oc/run_10325230_params_1.4_million/dim_80_step_step=200000.ckpt,,,,dev-equivariant-scaling-laws/analysis_outputs/four_arch_force_scaling_repaired_2026_08_14/four_arch_force_checkpoint_table.csv
gemnet_oc,GemNet-OC,80,250000,250000,1398416,1398416.0,True,backfilled_from_slurm_log,433270122,checkpoint token_processed,35.18,105.54,6.39458280576094e+16,0.002156663514968,0.0162050693616374,0.007417308273817,0.0473446787117741,0.1978393782351777,0.0008887322378257,0.170938015994632,True,eval reproduces training-time f_loss/val,,10325230,10325230.0,gemnet-oc-atom80-neutral-epoch,run_10325230_params_1.4_million,outputs/2026-08-14/10-06-02,hydra_run_dir,866,27697,1238644,1733.080488,True,3635351225560512,21029975,1786347879,/network/scratch/m/michnikr/geometric_scaling_checkpoints_gemnet_oc/gemnet-oc-atom80-neutral-epoch/gemnet_oc/run_10325230_params_1.4_million/dim_80_step_step=250000.ckpt,,,,dev-equivariant-scaling-laws/analysis_outputs/four_arch_force_scaling_repaired_2026_08_14/four_arch_force_checkpoint_table.csv
gemnet_oc,GemNet-OC,80,300000,300000,1398416,1398416.0,True,backfilled_from_slurm_log,519928706,checkpoint token_processed,35.18,105.54,7.673566661513611e+16,0.0020066581667444,0.0154659456549767,0.0070305530974579,0.0448760204210739,0.1891328186037634,0.0008523175054308,0.1631826316040761,True,eval reproduces training-time f_loss/val,,10325230,10325230.0,gemnet-oc-atom80-neutral-epoch,run_10325230_params_1.4_million,outputs/2026-08-14/10-06-02,hydra_run_dir,866,27697,1238644,1733.0956866666668,True,4362459727978176,21030421,1786354735,/network/scratch/m/michnikr/geometric_scaling_checkpoints_gemnet_oc/gemnet-oc-atom80-neutral-epoch/gemnet_oc/run_10325230_params_1.4_million/dim_80_step_step=300000.ckpt,,,,dev-equivariant-scaling-laws/analysis_outputs/four_arch_force_scaling_repaired_2026_08_14/four_arch_force_checkpoint_table.csv
gemnet_oc,GemNet-OC,80,350000,350000,1398416,1398416.0,True,backfilled_from_slurm_log,606536446,checkpoint token_processed,35.18,105.54,8.951800116646282e+16,0.0019215786068455,0.0149189159693519,0.0067507645099385,0.0430901298669379,0.1798879387369056,0.0008133660363249,0.1573228200567686,True,eval reproduces training-time f_loss/val,,10325230,10325230.0,gemnet-oc-atom80-neutral-epoch,run_10325230_params_1.4_million,outputs/2026-08-14/10-06-02,hydra_run_dir,866,27697,1238644,1732.9612742857144,True,5089141624017216,21030867,1786361551,/network/scratch/m/michnikr/geometric_scaling_checkpoints_gemnet_oc/gemnet-oc-atom80-neutral-epoch/gemnet_oc/run_10325230_params_1.4_million/dim_80_step_step=350000.ckpt,,,,dev-equivariant-scaling-laws/analysis_outputs/four_arch_force_scaling_repaired_2026_08_14/four_arch_force_checkpoint_table.csv
gemnet_oc,GemNet-OC,80,400000,400000,1398416,1398416.0,True,backfilled_from_slurm_log,693194561,checkpoint token_processed,35.18,105.54,1.0230777050483075e+17,0.0018149601268889,0.0144590512041742,0.0065263210598383,0.0416575073249483,0.1732956987072221,0.0007891976018463,0.1524824880602055,True,eval reproduces training-time f_loss/val,,10325230,10325230.0,gemnet-oc-atom80-neutral-epoch,run_10325230_params_1.4_million,outputs/2026-08-14/10-06-02,hydra_run_dir,866,27697,1238644,1732.9864025,True,5816246191292256,21031313,1786368191,/network/scratch/m/michnikr/geometric_scaling_checkpoints_gemnet_oc/gemnet-oc-atom80-neutral-epoch/gemnet_oc/run_10325230_params_1.4_million/dim_80_step_step=400000.ckpt,,,,dev-equivariant-scaling-laws/analysis_outputs/four_arch_force_scaling_repaired_2026_08_14/four_arch_force_checkpoint_table.csv
gemnet_oc,GemNet-OC,80,450000,450000,1398416,1398416.0,True,backfilled_from_slurm_log,779777582,checkpoint token_processed,35.18,105.54,1.1508645680800122e+17,0.0017378933923385,0.0140511443705123,0.0063317672807151,0.040415670552805,0.1658985959860661,0.0007543856358114,0.148055300063238,True,eval reproduces training-time f_loss/val,,10325230,10325230.0,gemnet-oc-atom80-neutral-epoch,run_10325230_params_1.4_million,outputs/2026-08-14/10-06-02,hydra_run_dir,866,27697,1238644,1732.839071111111,True,6542720682660672,21031695,1786376748,/network/scratch/m/michnikr/geometric_scaling_checkpoints_gemnet_oc/gemnet-oc-atom80-neutral-epoch/gemnet_oc/run_10325230_params_1.4_million/dim_80_step_step=450000.ckpt,,,,dev-equivariant-scaling-laws/analysis_outputs/four_arch_force_scaling_repaired_2026_08_14/four_arch_force_checkpoint_table.csv
gemnet_oc,GemNet-OC,96,50000,50000,1958880,1958880.0,True,runs_csv,86663206,checkpoint token_processed,35.18,105.54,1.791676812509781e+16,0.0042814604297006,0.0252472428490964,0.011927356237617,0.0761323148647095,0.3506378477770517,0.001516395343581,0.2676363819267753,True,eval reproduces training-time f_loss/val,,9902521,9902521.0,gemnet-oc-atom96-neutral-epoch,run_9902521_params_2.0_million,outputs/2026-06-22/16-27-11,reconstructed_from_sbatch_recipe,866,27697,1238644,1733.26412,True,1018576925815680,27740003,1782167767,/network/scratch/m/michnikr/geometric_scaling_checkpoints_gemnet_oc/gemnet-oc-atom96-neutral-epoch/gemnet_oc/run_9902521_params_2.0_million/dim_96_step_step=50000.ckpt,,,,dev-equivariant-scaling-laws/analysis_outputs/four_arch_force_scaling_repaired_2026_08_14/four_arch_force_checkpoint_table.csv
gemnet_oc,GemNet-OC,96,100000,100000,1958880,1958880.0,True,runs_csv,173332014,checkpoint token_processed,35.18,105.54,3.583469440876913e+16,0.0029004493925352,0.0197507078957251,0.0091683590117968,0.0585216355722991,0.2523191243272455,0.0011219274721876,0.2087263536791281,True,eval reproduces training-time f_loss/val,,9902521,9902521.0,gemnet-oc-atom96-neutral-epoch,run_9902521_params_2.0_million,outputs/2026-06-22/16-27-11,reconstructed_from_sbatch_recipe,866,27697,1238644,1733.32014,True,2037219693505920,27740641,1782175678,/network/scratch/m/michnikr/geometric_scaling_checkpoints_gemnet_oc/gemnet-oc-atom96-neutral-epoch/gemnet_oc/run_9902521_params_2.0_million/dim_96_step_step=100000.ckpt,,,,dev-equivariant-scaling-laws/analysis_outputs/four_arch_force_scaling_repaired_2026_08_14/four_arch_force_checkpoint_table.csv
gemnet_oc,GemNet-OC,96,150000,150000,1958880,1958880.0,True,runs_csv,259995645,checkpoint token_processed,35.18,105.54,5.37515503984499e+16,0.0023783350591196,0.0173573298078658,0.0079157110728993,0.0505259837783167,0.2230954701747685,0.0009998231692031,0.1835715297706894,True,eval reproduces training-time f_loss/val,,9902521,9902521.0,gemnet-oc-atom96-neutral-epoch,run_9902521_params_2.0_million,outputs/2026-06-22/16-27-11,reconstructed_from_sbatch_recipe,866,27697,1238644,1733.3043,True,3055801614465600,27741087,1782183679,/network/scratch/m/michnikr/geometric_scaling_checkpoints_gemnet_oc/gemnet-oc-atom96-neutral-epoch/gemnet_oc/run_9902521_params_2.0_million/dim_96_step_step=150000.ckpt,,,,dev-equivariant-scaling-laws/analysis_outputs/four_arch_force_scaling_repaired_2026_08_14/four_arch_force_checkpoint_table.csv
gemnet_oc,GemNet-OC,96,200000,200000,1958880,1958880.0,True,runs_csv,346647268,checkpoint token_processed,35.18,105.54,7.166592385186671e+16,0.0021451490566373,0.0160216855123966,0.0072234537214656,0.0461073051041151,0.2004478739415388,0.0009000042146104,0.1692168972700701,True,eval reproduces training-time f_loss/val,,9902521,9902521.0,gemnet-oc-atom96-neutral-epoch,run_9902521_params_2.0_million,outputs/2026-06-22/16-27-11,reconstructed_from_sbatch_recipe,866,27697,1238644,1733.23634,True,4074242402039040,27741533,1782191606,/network/scratch/m/michnikr/geometric_scaling_checkpoints_gemnet_oc/gemnet-oc-atom96-neutral-epoch/gemnet_oc/run_9902521_params_2.0_million/dim_96_step_step=200000.ckpt,,,,dev-equivariant-scaling-laws/analysis_outputs/four_arch_force_scaling_repaired_2026_08_14/four_arch_force_checkpoint_table.csv
gemnet_oc,GemNet-OC,96,250000,250000,1958880,1958880.0,True,runs_csv,433270122,checkpoint token_processed,35.18,105.54,8.95743495966078e+16,0.0019582298048886,0.0150883455054219,0.0067569094555668,0.043129353054883,0.1887213856446412,0.0008591792407952,0.159475247462172,True,eval reproduces training-time f_loss/val,,9902521,9902521.0,gemnet-oc-atom96-neutral-epoch,run_9902521_params_2.0_million,outputs/2026-06-22/16-27-11,reconstructed_from_sbatch_recipe,866,27697,1238644,1733.080488,True,5092345059500160,27741979,1782199722,/network/scratch/m/michnikr/geometric_scaling_checkpoints_gemnet_oc/gemnet-oc-atom96-neutral-epoch/gemnet_oc/run_9902521_params_2.0_million/dim_96_step_step=250000.ckpt,,,,dev-equivariant-scaling-laws/analysis_outputs/four_arch_force_scaling_repaired_2026_08_14/four_arch_force_checkpoint_table.csv
gemnet_oc,GemNet-OC,96,300000,300000,1958880,1958880.0,True,runs_csv,519928706,checkpoint token_processed,35.18,105.54,1.074901621685234e+17,0.0018251499408271,0.0144447631758635,0.0064263477509652,0.0410193776944114,0.1790478960385085,0.0008169846351064,0.1526174781096999,True,eval reproduces training-time f_loss/val,,9902521,9902521.0,gemnet-oc-atom96-neutral-epoch,run_9902521_params_2.0_million,outputs/2026-06-22/16-27-11,reconstructed_from_sbatch_recipe,866,27697,1238644,1733.0956866666668,True,6110867661655680,27742425,1782207550,/network/scratch/m/michnikr/geometric_scaling_checkpoints_gemnet_oc/gemnet-oc-atom96-neutral-epoch/gemnet_oc/run_9902521_params_2.0_million/dim_96_step_step=300000.ckpt,,,,dev-equivariant-scaling-laws/analysis_outputs/four_arch_force_scaling_repaired_2026_08_14/four_arch_force_checkpoint_table.csv
gemnet_oc,GemNet-OC,96,350000,350000,1958880,1958880.0,True,runs_csv,606536446,checkpoint token_processed,35.18,105.54,1.2539546324195426e+17,0.0017360227337722,0.0139281115877521,0.0061672388803054,0.0393654857729895,0.1728508907604713,0.0007869260779912,0.1471503766574337,True,eval reproduces training-time f_loss/val,,9902521,9902521.0,gemnet-oc-atom96-neutral-epoch,run_9902521_params_2.0_million,outputs/2026-06-22/16-27-11,reconstructed_from_sbatch_recipe,866,27697,1238644,1732.9612742857144,True,7128792680042880,27742871,1782215468,/network/scratch/m/michnikr/geometric_scaling_checkpoints_gemnet_oc/gemnet-oc-atom96-neutral-epoch/gemnet_oc/run_9902521_params_2.0_million/dim_96_step_step=350000.ckpt,,,,dev-equivariant-scaling-laws/analysis_outputs/four_arch_force_scaling_repaired_2026_08_14/four_arch_force_checkpoint_table.csv
gemnet_oc,GemNet-OC,96,400000,400000,1958880,1958880.0,True,runs_csv,693194561,checkpoint token_processed,35.18,105.54,1.433111788527183e+17,0.001654428114414,0.0135074548491042,0.0059629588307055,0.0380615662163936,0.1688044791907829,0.0007602563069734,0.1426771115607772,True,eval reproduces training-time f_loss/val,,9902521,9902521.0,gemnet-oc-atom96-neutral-epoch,run_9902521_params_2.0_million,outputs/2026-06-22/16-27-11,reconstructed_from_sbatch_recipe,866,27697,1238644,1732.9864025,True,8147309769910080,27743317,1782223269,/network/scratch/m/michnikr/geometric_scaling_checkpoints_gemnet_oc/gemnet-oc-atom96-neutral-epoch/gemnet_oc/run_9902521_params_2.0_million/dim_96_step_step=400000.ckpt,,,,dev-equivariant-scaling-laws/analysis_outputs/four_arch_force_scaling_repaired_2026_08_14/four_arch_force_checkpoint_table.csv
gemnet_oc,GemNet-OC,96,450000,450000,1958880,1958880.0,True,runs_csv,779777582,checkpoint token_processed,35.18,105.54,1.61211369515264e+17,0.0015887785634637,0.0131472492263615,0.0057965084877132,0.0369991136770738,0.1633573456325376,0.0007390147613444,0.1388626398770601,True,eval reproduces training-time f_loss/val,,9902521,9902521.0,gemnet-oc-atom96-neutral-epoch,run_9902521_params_2.0_million,outputs/2026-06-22/16-27-11,reconstructed_from_sbatch_recipe,866,27697,1238644,1732.839071111111,True,9164944258968960,27743763,1782231101,/network/scratch/m/michnikr/geometric_scaling_checkpoints_gemnet_oc/gemnet-oc-atom96-neutral-epoch/gemnet_oc/run_9902521_params_2.0_million/dim_96_step_step=450000.ckpt,,,,dev-equivariant-scaling-laws/analysis_outputs/four_arch_force_scaling_repaired_2026_08_14/four_arch_force_checkpoint_table.csv
gemnet_oc,GemNet-OC,96,500000,500000,1958880,1958880.0,True,runs_csv,866390858,checkpoint token_processed,35.18,105.54,1.7911781510241546e+17,0.0015352648352802,0.0128526996195264,0.0056574893208762,0.0361117543351533,0.160244877452319,0.0007202523755389,0.1357295199506539,True,eval reproduces training-time f_loss/val,,9902521,9902521.0,gemnet-oc-atom96-neutral-epoch,run_9902521_params_2.0_million,outputs/2026-06-22/16-27-11,reconstructed_from_sbatch_recipe,866,27697,1238644,1732.781716,True,10182934343514240,27744081,1782246185,/network/scratch/m/michnikr/geometric_scaling_checkpoints_gemnet_oc/gemnet-oc-atom96-neutral-epoch/gemnet_oc/run_9902521_params_2.0_million/dim_96_step_step=500000.ckpt,,,,dev-equivariant-scaling-laws/analysis_outputs/four_arch_force_scaling_repaired_2026_08_14/four_arch_force_checkpoint_table.csv
gemnet_oc,GemNet-OC,112,50000,50000,2618672,2618672.0,True,backfilled_from_slurm_log,86663206,checkpoint token_processed,35.18,105.54,2.395151260908587e+16,0.0039839396300211,0.024161574549061,0.0116043215838956,0.0740703846700059,0.3459062375489614,0.0015227106547302,0.2568428520379129,True,eval reproduces training-time f_loss/val,,10325231,10325231.0,gemnet-oc-atom112-neutral-epoch,run_10325231_params_2.6_million,outputs/2026-08-10/22-16-50,hydra_run_dir,866,27697,1238644,1733.26412,True,1361655065894592,35671135,1786341602,/network/scratch/m/michnikr/geometric_scaling_checkpoints_gemnet_oc/gemnet-oc-atom112-neutral-epoch/gemnet_oc/run_10325231_params_2.6_million/dim_112_step_step=50000.ckpt,,,,dev-equivariant-scaling-laws/analysis_outputs/four_arch_force_scaling_repaired_2026_08_14/four_arch_force_checkpoint_table.csv
gemnet_oc,GemNet-OC,112,100000,100000,2618672,2618672.0,True,backfilled_from_slurm_log,173332014,checkpoint token_processed,35.18,105.54,4.790457346892116e+16,0.002701132345603,0.0188777308554042,0.0088479328851013,0.0564763556056017,0.2493199578316465,0.0010872973831812,0.1996502823858547,True,eval reproduces training-time f_loss/val,,10325231,10325231.0,gemnet-oc-atom112-neutral-epoch,run_10325231_params_2.6_million,outputs/2026-08-10/22-16-50,hydra_run_dir,866,27697,1238644,1733.32014,True,2723398150592448,35671773,1786349588,/network/scratch/m/michnikr/geometric_scaling_checkpoints_gemnet_oc/gemnet-oc-atom112-neutral-epoch/gemnet_oc/run_10325231_params_2.6_million/dim_112_step_step=100000.ckpt,,,,dev-equivariant-scaling-laws/analysis_outputs/four_arch_force_scaling_repaired_2026_08_14/four_arch_force_checkpoint_table.csv
gemnet_oc,GemNet-OC,112,150000,150000,2618672,2618672.0,True,backfilled_from_slurm_log,259995645,checkpoint token_processed,35.18,105.54,7.185620353723026e+16,0.0022063346518136,0.0164516183185255,0.0075600144838485,0.0482555724504053,0.2141236822802668,0.0009489588162339,0.1740057713475952,True,eval reproduces training-time f_loss/val,,10325231,10325231.0,gemnet-oc-atom112-neutral-epoch,run_10325231_params_2.6_million,outputs/2026-08-10/22-16-50,hydra_run_dir,866,27697,1238644,1733.3043,True,4085059894100640,35672219,1786357821,/network/scratch/m/michnikr/geometric_scaling_checkpoints_gemnet_oc/gemnet-oc-atom112-neutral-epoch/gemnet_oc/run_10325231_params_2.6_million/dim_112_step_step=150000.ckpt,,,,dev-equivariant-scaling-laws/analysis_outputs/four_arch_force_scaling_repaired_2026_08_14/four_arch_force_checkpoint_table.csv
gemnet_oc,GemNet-OC,112,200000,200000,2618672,2618672.0,True,backfilled_from_slurm_log,346647268,checkpoint token_processed,35.18,105.54,9.580451489882765e+16,0.0019252549156997,0.015067084468729,0.0068173828427508,0.0435153546852788,0.190835718732267,0.0008613705160133,0.1592845498474248,True,eval reproduces training-time f_loss/val,,10325231,10325231.0,gemnet-oc-atom112-neutral-epoch,run_10325231_params_2.6_million,outputs/2026-08-10/22-16-50,hydra_run_dir,866,27697,1238644,1733.23634,True,5446532967528576,35672665,1786365786,/network/scratch/m/michnikr/geometric_scaling_checkpoints_gemnet_oc/gemnet-oc-atom112-neutral-epoch/gemnet_oc/run_10325231_params_2.6_million/dim_112_step_step=200000.ckpt,,,,dev-equivariant-scaling-laws/analysis_outputs/four_arch_force_scaling_repaired_2026_08_14/four_arch_force_checkpoint_table.csv
gemnet_oc,GemNet-OC,112,250000,250000,2618672,2618672.0,True,backfilled_from_slurm_log,433270122,checkpoint token_processed,35.18,105.54,1.1974487523832403e+17,0.0017429887971856,0.0141376767610791,0.0063419311500347,0.0404805465306716,0.1798503137608736,0.0008048977101354,0.1494257447121457,True,eval reproduces training-time f_loss/val,,10325231,10325231.0,gemnet-oc-atom112-neutral-epoch,run_10325231_params_2.6_million,outputs/2026-08-10/22-16-50,hydra_run_dir,866,27697,1238644,1733.080488,True,6807554021507904,35673111,1786373885,/network/scratch/m/michnikr/geometric_scaling_checkpoints_gemnet_oc/gemnet-oc-atom112-neutral-epoch/gemnet_oc/run_10325231_params_2.6_million/dim_112_step_step=250000.ckpt,,,,dev-equivariant-scaling-laws/analysis_outputs/four_arch_force_scaling_repaired_2026_08_14/four_arch_force_checkpoint_table.csv
gemnet_oc,GemNet-OC,112,300000,300000,2618672,2618672.0,True,backfilled_from_slurm_log,519928706,checkpoint token_processed,35.18,105.54,1.4369511044381053e+17,0.0016306937375211,0.0134546401986839,0.0059991561814865,0.0382926139064288,0.1710388738894297,0.0007682113223854,0.1422285152106937,True,eval reproduces training-time f_loss/val,,10325231,10325231.0,gemnet-oc-atom112-neutral-epoch,run_10325231_params_2.6_million,outputs/2026-08-10/22-16-50,hydra_run_dir,866,27697,1238644,1733.0956866666668,True,8169136466390592,35673557,1786382123,/network/scratch/m/michnikr/geometric_scaling_checkpoints_gemnet_oc/gemnet-oc-atom112-neutral-epoch/gemnet_oc/run_10325231_params_2.6_million/dim_112_step_step=300000.ckpt,,,,dev-equivariant-scaling-laws/analysis_outputs/four_arch_force_scaling_repaired_2026_08_14/four_arch_force_checkpoint_table.csv
gemnet_oc,GemNet-OC,112,350000,350000,2618672,2618672.0,True,backfilled_from_slurm_log,606536446,checkpoint token_processed,35.18,105.54,1.676312936569544e+17,0.0015272367949633,0.012909868269122,0.0057363806578431,0.0366153177390128,0.1670432169308701,0.0007486138741179,0.1365848214324003,True,eval reproduces training-time f_loss/val,,10325231,10325231.0,gemnet-oc-atom112-neutral-epoch,run_10325231_params_2.6_million,outputs/2026-08-10/22-16-50,hydra_run_dir,866,27697,1238644,1732.9612742857144,True,9529920048718272,35673939,1786424670,/network/scratch/m/michnikr/geometric_scaling_checkpoints_gemnet_oc/gemnet-oc-atom112-neutral-epoch/gemnet_oc/run_10325231_params_2.6_million/dim_112_step_step=350000.ckpt,,,,dev-equivariant-scaling-laws/analysis_outputs/four_arch_force_scaling_repaired_2026_08_14/four_arch_force_checkpoint_table.csv
gemnet_oc,GemNet-OC,112,400000,400000,2618672,2618672.0,True,backfilled_from_slurm_log,693194561,checkpoint token_processed,35.18,105.54,1.9158139924273338e+17,0.0014332995966137,0.0124781101266692,0.0055310275025855,0.0353045485490034,0.1627035302047641,0.0007246480658841,0.1320275819255335,True,eval reproduces training-time f_loss/val,,10325231,10325231.0,gemnet-oc-atom112-neutral-epoch,run_10325231_params_2.6_million,outputs/2026-08-10/22-16-50,hydra_run_dir,866,27697,1238644,1732.9864025,True,10891495124657952,35674385,1786433904,/network/scratch/m/michnikr/geometric_scaling_checkpoints_gemnet_oc/gemnet-oc-atom112-neutral-epoch/gemnet_oc/run_10325231_params_2.6_million/dim_112_step_step=400000.ckpt,,,,dev-equivariant-scaling-laws/analysis_outputs/four_arch_force_scaling_repaired_2026_08_14/four_arch_force_checkpoint_table.csv
gemnet_oc,GemNet-OC,112,450000,450000,2618672,2618672.0,True,backfilled_from_slurm_log,779777582,checkpoint token_processed,35.18,105.54,2.155107507510799e+17,0.0013747454194792,0.0121242588108478,0.0053568571448895,0.03419281915583,0.1580205916257158,0.0007054575381657,0.1282971634901361,True,eval reproduces training-time f_loss/val,,10325231,10325231.0,gemnet-oc-atom112-neutral-epoch,run_10325231_params_2.6_million,outputs/2026-08-10/22-16-50,hydra_run_dir,866,27697,1238644,1732.839071111111,True,12251890321266624,35674831,1786444353,/network/scratch/m/michnikr/geometric_scaling_checkpoints_gemnet_oc/gemnet-oc-atom112-neutral-epoch/gemnet_oc/run_10325231_params_2.6_million/dim_112_step_step=450000.ckpt,,,,dev-equivariant-scaling-laws/analysis_outputs/four_arch_force_scaling_repaired_2026_08_14/four_arch_force_checkpoint_table.csv
gemnet_oc,GemNet-OC,112,500000,500000,2618672,2618672.0,True,backfilled_from_slurm_log,866390858,checkpoint token_processed,35.18,105.54,2.394484639742468e+17,0.001323162321531,0.0118310543537509,0.0052178754526596,0.0333056990143264,0.1528591533765781,0.0006850484972222,0.1251610285097326,True,eval reproduces training-time f_loss/val,,10325231,10325231.0,gemnet-oc-atom112-neutral-epoch,run_10325231_params_2.6_million,outputs/2026-08-10/22-16-50,hydra_run_dir,866,27697,1238644,1732.781716,True,13612760885403456,35675277,1786462714,/network/scratch/m/michnikr/geometric_scaling_checkpoints_gemnet_oc/gemnet-oc-atom112-neutral-epoch/gemnet_oc/run_10325231_params_2.6_million/dim_112_step_step=500000.ckpt,,,,dev-equivariant-scaling-laws/analysis_outputs/four_arch_force_scaling_repaired_2026_08_14/four_arch_force_checkpoint_table.csv
gemnet_oc,GemNet-OC,128,50000,50000,3377792,3377792.0,True,runs_csv,86663206,checkpoint token_processed,35.18,105.54,3.0894754165038376e+16,0.0038322207427048,0.0233161165766142,0.0111575213539503,0.071218458802265,0.3062012105939294,0.0013964935597736,0.2471261013638793,True,eval reproduces training-time f_loss/val,,9816215,9816215.0,gemnet-oc-atom128-neutral-epoch,run_9816215_params_3.4_million,outputs/2026-06-12/15-48-33,hydra_run_dir,866,27697,1238644,1733.26412,True,1756381703526912,44767011,1781302272,/network/scratch/m/michnikr/geometric_scaling_checkpoints_gemnet_oc/gemnet-oc-atom128-neutral-epoch/gemnet_oc/run_9816215_params_3.4_million/dim_128_step_step=50000.ckpt,,,,dev-equivariant-scaling-laws/analysis_outputs/four_arch_force_scaling_repaired_2026_08_14/four_arch_force_checkpoint_table.csv
gemnet_oc,GemNet-OC,128,100000,100000,3377792,3377792.0,True,runs_csv,173332014,checkpoint token_processed,35.18,105.54,6.17915053992001e+16,0.0025858005795315,0.0181914588111704,0.0084895577762582,0.0541888472858566,0.2342145901956266,0.0010684962584634,0.1925995506963388,True,eval reproduces training-time f_loss/val,,9816215,9816215.0,gemnet-oc-atom128-neutral-epoch,run_9816215_params_3.4_million,outputs/2026-06-12/15-48-33,hydra_run_dir,866,27697,1238644,1733.32014,True,3512876941398528,44767649,1781311008,/network/scratch/m/michnikr/geometric_scaling_checkpoints_gemnet_oc/gemnet-oc-atom128-neutral-epoch/gemnet_oc/run_9816215_params_3.4_million/dim_128_step_step=100000.ckpt,,,,dev-equivariant-scaling-laws/analysis_outputs/four_arch_force_scaling_repaired_2026_08_14/four_arch_force_checkpoint_table.csv
gemnet_oc,GemNet-OC,128,150000,150000,3377792,3377792.0,True,runs_csv,259995645,checkpoint token_processed,35.18,105.54,9.268641107340974e+16,0.0021150834877506,0.0158156254597644,0.0071790055571165,0.0458235924710749,0.1986661098518905,0.0009109570329089,0.1672658249267347,True,eval reproduces training-time f_loss/val,,9816215,9816215.0,gemnet-oc-atom128-neutral-epoch,run_9816215_params_3.4_million,outputs/2026-06-12/15-48-33,hydra_run_dir,866,27697,1238644,1733.3043,True,5269267258295040,44768095,1781319441,/network/scratch/m/michnikr/geometric_scaling_checkpoints_gemnet_oc/gemnet-oc-atom128-neutral-epoch/gemnet_oc/run_9816215_params_3.4_million/dim_128_step_step=150000.ckpt,,,,dev-equivariant-scaling-laws/analysis_outputs/four_arch_force_scaling_repaired_2026_08_14/four_arch_force_checkpoint_table.csv
gemnet_oc,GemNet-OC,128,200000,200000,3377792,3377792.0,True,runs_csv,346647268,checkpoint token_processed,35.18,105.54,1.2357703598966989e+17,0.0018947029772514,0.0145235133747727,0.0064989965118401,0.0414830947350753,0.1795982973559761,0.0008328776746032,0.15356391049376,True,eval reproduces training-time f_loss/val,,9816215,9816215.0,gemnet-oc-atom128-neutral-epoch,run_9816215_params_3.4_million,outputs/2026-06-12/15-48-33,hydra_run_dir,866,27697,1238644,1733.23634,True,7025414212033536,44768541,1781327904,/network/scratch/m/michnikr/geometric_scaling_checkpoints_gemnet_oc/gemnet-oc-atom128-neutral-epoch/gemnet_oc/run_9816215_params_3.4_million/dim_128_step_step=200000.ckpt,,,,dev-equivariant-scaling-laws/analysis_outputs/four_arch_force_scaling_repaired_2026_08_14/four_arch_force_checkpoint_table.csv
gemnet_oc,GemNet-OC,128,250000,250000,3377792,3377792.0,True,runs_csv,433270122,checkpoint token_processed,35.18,105.54,1.5445740498275805e+17,0.0017259925782387,0.0136341294687774,0.0060625247070337,0.0386970952049964,0.1686738354280832,0.000787757509263,0.1442188697804048,True,eval reproduces training-time f_loss/val,,9816215,9816215.0,gemnet-oc-atom128-neutral-epoch,run_9816215_params_3.4_million,outputs/2026-06-12/15-48-33,hydra_run_dir,866,27697,1238644,1733.080488,True,8780978111583744,44768987,1781336334,/network/scratch/m/michnikr/geometric_scaling_checkpoints_gemnet_oc/gemnet-oc-atom128-neutral-epoch/gemnet_oc/run_9816215_params_3.4_million/dim_128_step_step=250000.ckpt,,,,dev-equivariant-scaling-laws/analysis_outputs/four_arch_force_scaling_repaired_2026_08_14/four_arch_force_checkpoint_table.csv
gemnet_oc,GemNet-OC,128,300000,300000,3377792,3377792.0,True,runs_csv,519928706,checkpoint token_processed,35.18,105.54,1.853505114409974e+17,0.0015900398793998,0.0129580945002375,0.0057371029254084,0.036619927972882,0.1592750340596908,0.0007361218328337,0.136942163330713,True,eval reproduces training-time f_loss/val,,9816215,9816215.0,gemnet-oc-atom128-neutral-epoch,run_9816215_params_3.4_million,outputs/2026-06-12/15-48-33,hydra_run_dir,866,27697,1238644,1733.0956866666668,True,10537266142182912,44769433,1781344822,/network/scratch/m/michnikr/geometric_scaling_checkpoints_gemnet_oc/gemnet-oc-atom128-neutral-epoch/gemnet_oc/run_9816215_params_3.4_million/dim_128_step_step=300000.ckpt,,,,dev-equivariant-scaling-laws/analysis_outputs/four_arch_force_scaling_repaired_2026_08_14/four_arch_force_checkpoint_table.csv
gemnet_oc,GemNet-OC,128,350000,350000,3377792,3377792.0,True,runs_csv,606536446,checkpoint token_processed,35.18,105.54,2.1622549241146323e+17,0.0014933260175196,0.0124457817864507,0.0054886221257828,0.0350338750288716,0.1529894367841182,0.0007038505295695,0.1314963231602034,True,eval reproduces training-time f_loss/val,,9816215,9816215.0,gemnet-oc-atom128-neutral-epoch,run_9816215_params_3.4_million,outputs/2026-06-12/15-48-33,hydra_run_dir,866,27697,1238644,1732.9612742857144,True,12292523730043392,44769815,1781353347,/network/scratch/m/michnikr/geometric_scaling_checkpoints_gemnet_oc/gemnet-oc-atom128-neutral-epoch/gemnet_oc/run_9816215_params_3.4_million/dim_128_step_step=350000.ckpt,,,,dev-equivariant-scaling-laws/analysis_outputs/four_arch_force_scaling_repaired_2026_08_14/four_arch_force_checkpoint_table.csv
gemnet_oc,GemNet-OC,128,400000,400000,3377792,3377792.0,True,runs_csv,693194561,checkpoint token_processed,35.18,105.54,2.47118431674876e+17,0.0014256891780656,0.0120609292053933,0.0052996839203102,0.0338278824633404,0.148482373186471,0.0006821123010954,0.1274304150648879,True,eval reproduces training-time f_loss/val,,9816215,9816215.0,gemnet-oc-atom128-neutral-epoch,run_9816215_params_3.4_million,outputs/2026-06-12/15-48-33,hydra_run_dir,866,27697,1238644,1732.9864025,True,14048802255535872,44770261,1781361800,/network/scratch/m/michnikr/geometric_scaling_checkpoints_gemnet_oc/gemnet-oc-atom128-neutral-epoch/gemnet_oc/run_9816215_params_3.4_million/dim_128_step_step=400000.ckpt,,,,dev-equivariant-scaling-laws/analysis_outputs/four_arch_force_scaling_repaired_2026_08_14/four_arch_force_checkpoint_table.csv
gemnet_oc,GemNet-OC,128,450000,450000,3377792,3377792.0,True,runs_csv,779777582,checkpoint token_processed,35.18,105.54,2.779846005154489e+17,0.0013722384239842,0.0117377070607897,0.0051433268207101,0.0328298550965931,0.1435704542749817,0.0006646631400417,0.1240237020083147,True,eval reproduces training-time f_loss/val,,9816215,9816215.0,gemnet-oc-atom128-neutral-epoch,run_9816215_params_3.4_million,outputs/2026-06-12/15-48-33,hydra_run_dir,866,27697,1238644,1732.839071111111,True,15803558869553664,44770707,1781370237,/network/scratch/m/michnikr/geometric_scaling_checkpoints_gemnet_oc/gemnet-oc-atom128-neutral-epoch/gemnet_oc/run_9816215_params_3.4_million/dim_128_step_step=450000.ckpt,,,,dev-equivariant-scaling-laws/analysis_outputs/four_arch_force_scaling_repaired_2026_08_14/four_arch_force_checkpoint_table.csv
gemnet_oc,GemNet-OC,128,500000,500000,3377792,3377792.0,True,runs_csv,866390858,checkpoint token_processed,35.18,105.54,3.08861555026555e+17,0.0013193303351029,0.0114602042205081,0.0050130744072397,0.0319984539414112,0.1414263053532629,0.0006547773502532,0.121149815707614,True,eval reproduces training-time f_loss/val,,9816215,9816215.0,gemnet-oc-atom128-neutral-epoch,run_9816215_params_3.4_million,outputs/2026-06-12/15-48-33,hydra_run_dir,866,27697,1238644,1732.781716,True,17558928654153216,44771153,1781378816,/network/scratch/m/michnikr/geometric_scaling_checkpoints_gemnet_oc/gemnet-oc-atom128-neutral-epoch/gemnet_oc/run_9816215_params_3.4_million/dim_128_step_step=500000.ckpt,,,,dev-equivariant-scaling-laws/analysis_outputs/four_arch_force_scaling_repaired_2026_08_14/four_arch_force_checkpoint_table.csv
gemnet_oc,GemNet-OC,144,50000,50000,4236240,4236240.0,True,runs_csv,86663206,checkpoint token_processed,35.18,105.54,3.8746492792955336e+16,0.0034067318090181,0.0220607642576907,0.0105098286526557,0.0670842362899015,0.3058435655958245,0.0013222655113859,0.2338302976907662,True,eval reproduces training-time f_loss/val,,9816222,9816222.0,gemnet-oc-atom144-neutral-epoch,run_9816222_params_4.2_million,outputs/2026-06-12/17-10-33,hydra_run_dir,866,27697,1238644,1733.26412,True,2202756838712640,55068387,1781308592,/network/scratch/m/michnikr/geometric_scaling_checkpoints_gemnet_oc/gemnet-oc-atom144-neutral-epoch/gemnet_oc/run_9816222_params_4.2_million/dim_144_step_step=50000.ckpt,,,,dev-equivariant-scaling-laws/analysis_outputs/four_arch_force_scaling_repaired_2026_08_14/four_arch_force_checkpoint_table.csv
gemnet_oc,GemNet-OC,144,100000,100000,4236240,4236240.0,True,runs_csv,173332014,checkpoint token_processed,35.18,105.54,7.749549019960597e+16,0.0024701821726568,0.0174826949815465,0.008240623490469,0.0525998997396636,0.223643392857861,0.0009924131092038,0.1847510809075048,True,eval reproduces training-time f_loss/val,,9816222,9816222.0,gemnet-oc-atom144-neutral-epoch,run_9816222_params_4.2_million,outputs/2026-06-12/17-10-33,hydra_run_dir,866,27697,1238644,1733.32014,True,4405656065924160,55069025,1781318253,/network/scratch/m/michnikr/geometric_scaling_checkpoints_gemnet_oc/gemnet-oc-atom144-neutral-epoch/gemnet_oc/run_9816222_params_4.2_million/dim_144_step_step=100000.ckpt,,,,dev-equivariant-scaling-laws/analysis_outputs/four_arch_force_scaling_repaired_2026_08_14/four_arch_force_checkpoint_table.csv
gemnet_oc,GemNet-OC,144,150000,150000,4236240,4236240.0,True,runs_csv,259995645,checkpoint token_processed,35.18,105.54,1.1624217300698838e+17,0.0019988169030488,0.0151457317543428,0.0069952466702762,0.0446506594963733,0.1907224027014081,0.0008537134809761,0.1599944523531904,True,eval reproduces training-time f_loss/val,,9816222,9816222.0,gemnet-oc-atom144-neutral-epoch,run_9816222_params_4.2_million,outputs/2026-06-12/17-10-33,hydra_run_dir,866,27697,1238644,1733.3043,True,6608423707048800,55069471,1781328025,/network/scratch/m/michnikr/geometric_scaling_checkpoints_gemnet_oc/gemnet-oc-atom144-neutral-epoch/gemnet_oc/run_9816222_params_4.2_million/dim_144_step_step=150000.ckpt,,,,dev-equivariant-scaling-laws/analysis_outputs/four_arch_force_scaling_repaired_2026_08_14/four_arch_force_checkpoint_table.csv
gemnet_oc,GemNet-OC,144,200000,200000,4236240,4236240.0,True,runs_csv,346647268,checkpoint token_processed,35.18,105.54,1.5498348712439344e+17,0.0017356079840743,0.0137865570912623,0.0062727364338169,0.0400388766570537,0.171260305781425,0.0007750877154604,0.1456164480672286,True,eval reproduces training-time f_loss/val,,9816222,9816222.0,gemnet-oc-atom144-neutral-epoch,run_9816222_params_4.2_million,outputs/2026-06-12/17-10-33,hydra_run_dir,866,27697,1238644,1733.23634,True,8810886135553920,55069917,1781337793,/network/scratch/m/michnikr/geometric_scaling_checkpoints_gemnet_oc/gemnet-oc-atom144-neutral-epoch/gemnet_oc/run_9816222_params_4.2_million/dim_144_step_step=200000.ckpt,,,,dev-equivariant-scaling-laws/analysis_outputs/four_arch_force_scaling_repaired_2026_08_14/four_arch_force_checkpoint_table.csv
gemnet_oc,GemNet-OC,144,250000,250000,4236240,4236240.0,True,runs_csv,433270122,checkpoint token_processed,35.18,105.54,1.937119388299099e+17,0.0015835628855081,0.0128897635140359,0.0058207972597846,0.0371541489092052,0.1637848231846823,0.0007398298102683,0.1362959332430429,True,eval reproduces training-time f_loss/val,,9816222,9816222.0,gemnet-oc-atom144-neutral-epoch,run_9816222_params_4.2_million,outputs/2026-06-12/17-10-33,hydra_run_dir,866,27697,1238644,1733.080488,True,11012617329727680,55070363,1781347642,/network/scratch/m/michnikr/geometric_scaling_checkpoints_gemnet_oc/gemnet-oc-atom144-neutral-epoch/gemnet_oc/run_9816222_params_4.2_million/dim_144_step_step=250000.ckpt,,,,dev-equivariant-scaling-laws/analysis_outputs/four_arch_force_scaling_repaired_2026_08_14/four_arch_force_checkpoint_table.csv
gemnet_oc,GemNet-OC,144,300000,300000,4236240,4236240.0,True,runs_csv,519928706,checkpoint token_processed,35.18,105.54,2.3245636516008413e+17,0.0014665340476004,0.0122746400568445,0.0055022448016087,0.0351208285686686,0.1537018055289846,0.0006954302054266,0.1297007026227111,True,eval reproduces training-time f_loss/val,,9816222,9816222.0,gemnet-oc-atom144-neutral-epoch,run_9816222_params_4.2_million,outputs/2026-06-12/17-10-33,hydra_run_dir,866,27697,1238644,1733.0956866666668,True,13215256689032640,55070809,1781357462,/network/scratch/m/michnikr/geometric_scaling_checkpoints_gemnet_oc/gemnet-oc-atom144-neutral-epoch/gemnet_oc/run_9816222_params_4.2_million/dim_144_step_step=300000.ckpt,,,,dev-equivariant-scaling-laws/analysis_outputs/four_arch_force_scaling_repaired_2026_08_14/four_arch_force_checkpoint_table.csv
gemnet_oc,GemNet-OC,144,350000,350000,4236240,4236240.0,True,runs_csv,606536446,checkpoint token_processed,35.18,105.54,2.7117805950548083e+17,0.001382256183819,0.0117821373415392,0.0052479548224183,0.033497695631496,0.1479302323993304,0.0006788921892719,0.1246102953081123,True,eval reproduces training-time f_loss/val,,9816222,9816222.0,gemnet-oc-atom144-neutral-epoch,run_9816222_params_4.2_million,outputs/2026-06-12/17-10-33,hydra_run_dir,866,27697,1238644,1732.9612742857144,True,15416603724018240,55071191,1781367197,/network/scratch/m/michnikr/geometric_scaling_checkpoints_gemnet_oc/gemnet-oc-atom144-neutral-epoch/gemnet_oc/run_9816222_params_4.2_million/dim_144_step_step=350000.ckpt,,,,dev-equivariant-scaling-laws/analysis_outputs/four_arch_force_scaling_repaired_2026_08_14/four_arch_force_checkpoint_table.csv
gemnet_oc,GemNet-OC,144,400000,400000,4236240,4236240.0,True,runs_csv,693194561,checkpoint token_processed,35.18,105.54,3.099222761491461e+17,0.0013178411344141,0.0114088365743603,0.0050624324136564,0.0323135060963691,0.1446742731518613,0.0006535514712385,0.120623880455989,True,eval reproduces training-time f_loss/val,,9816222,9816222.0,gemnet-oc-atom144-neutral-epoch,run_9816222_params_4.2_million,outputs/2026-06-12/17-10-33,hydra_run_dir,866,27697,1238644,1732.9864025,True,17619231162543840,55071637,1781377021,/network/scratch/m/michnikr/geometric_scaling_checkpoints_gemnet_oc/gemnet-oc-atom144-neutral-epoch/gemnet_oc/run_9816222_params_4.2_million/dim_144_step_step=400000.ckpt,,,,dev-equivariant-scaling-laws/analysis_outputs/four_arch_force_scaling_repaired_2026_08_14/four_arch_force_checkpoint_table.csv
gemnet_oc,GemNet-OC,144,450000,450000,4236240,4236240.0,True,runs_csv,779777582,checkpoint token_processed,35.18,105.54,3.486329188083711e+17,0.0012667216833464,0.0111010844655782,0.0049022495851794,0.0312910591022006,0.141573671118182,0.0006392050659707,0.1174028953154895,True,eval reproduces training-time f_loss/val,,9816222,9816222.0,gemnet-oc-atom144-neutral-epoch,run_9816222_params_4.2_million,outputs/2026-06-12/17-10-33,hydra_run_dir,866,27697,1238644,1732.839071111111,True,19819949903830080,55072083,1781386750,/network/scratch/m/michnikr/geometric_scaling_checkpoints_gemnet_oc/gemnet-oc-atom144-neutral-epoch/gemnet_oc/run_9816222_params_4.2_million/dim_144_step_step=450000.ckpt,,,,dev-equivariant-scaling-laws/analysis_outputs/four_arch_force_scaling_repaired_2026_08_14/four_arch_force_checkpoint_table.csv
gemnet_oc,GemNet-OC,144,500000,500000,4236240,4236240.0,True,runs_csv,866390858,checkpoint token_processed,35.18,105.54,3.873570882593403e+17,0.0012216940107775,0.0108303631581667,0.0047636768797547,0.0304065495234748,0.1379717972138187,0.0006214524567022,0.1145181561486892,True,eval reproduces training-time f_loss/val,,9816222,9816222.0,gemnet-oc-atom144-neutral-epoch,run_9816222_params_4.2_million,outputs/2026-06-12/17-10-33,hydra_run_dir,866,27697,1238644,1732.781716,True,22021437649763520,55072529,1781396429,/network/scratch/m/michnikr/geometric_scaling_checkpoints_gemnet_oc/gemnet-oc-atom144-neutral-epoch/gemnet_oc/run_9816222_params_4.2_million/dim_144_step_step=500000.ckpt,,,,dev-equivariant-scaling-laws/analysis_outputs/four_arch_force_scaling_repaired_2026_08_14/four_arch_force_checkpoint_table.csv
gemnet_oc,GemNet-OC,160,50000,50000,5194016,5194016.0,True,backfilled_from_slurm_log,86663206,checkpoint token_processed,35.18,105.54,4.750672849283674e+16,0.0036609097409525,0.0223526510100286,0.0105966712981476,0.0676385528960762,0.3107390057200923,0.0013813241104303,0.2373397512045902,True,eval reproduces training-time f_loss/val,,10325232,10325232.0,gemnet-oc-atom160-neutral-epoch,run_10325232_params_5.2_million,outputs/2026-08-14/10-45-08,hydra_run_dir,866,27697,1238644,1733.26412,True,2700780471451776,66575327,1786344026,/network/scratch/m/michnikr/geometric_scaling_checkpoints_gemnet_oc/gemnet-oc-atom160-neutral-epoch/gemnet_oc/run_10325232_params_5.2_million/dim_160_step_step=50000.ckpt,,,,dev-equivariant-scaling-laws/analysis_outputs/four_arch_force_scaling_repaired_2026_08_14/four_arch_force_checkpoint_table.csv
gemnet_oc,GemNet-OC,160,100000,100000,5194016,5194016.0,True,backfilled_from_slurm_log,173332014,checkpoint token_processed,35.18,105.54,9.501652787013875e+16,0.0024531645317112,0.0171659307879144,0.0079389275343866,0.0506741744519897,0.2158087490870688,0.0009788352413429,0.1814476602925735,True,eval reproduces training-time f_loss/val,,10325232,10325232.0,gemnet-oc-atom160-neutral-epoch,run_10325232_params_5.2_million,outputs/2026-08-14/10-45-08,hydra_run_dir,866,27697,1238644,1733.32014,True,5401735524169344,66575965,1786354386,/network/scratch/m/michnikr/geometric_scaling_checkpoints_gemnet_oc/gemnet-oc-atom160-neutral-epoch/gemnet_oc/run_10325232_params_5.2_million/dim_160_step_step=100000.ckpt,,,,dev-equivariant-scaling-laws/analysis_outputs/four_arch_force_scaling_repaired_2026_08_14/four_arch_force_checkpoint_table.csv
gemnet_oc,GemNet-OC,160,150000,150000,5194016,5194016.0,True,backfilled_from_slurm_log,259995645,checkpoint token_processed,35.18,105.54,1.4252348933796618e+17,0.0019776960563566,0.0148049594579569,0.0066731285803112,0.0425945797281266,0.180203395785966,0.000825180636183,0.1563014009414003,True,eval reproduces training-time f_loss/val,,10325232,10325232.0,gemnet-oc-atom160-neutral-epoch,run_10325232_params_5.2_million,outputs/2026-08-14/10-45-08,hydra_run_dir,866,27697,1238644,1733.3043,True,8102529240361920,66576411,1786364852,/network/scratch/m/michnikr/geometric_scaling_checkpoints_gemnet_oc/gemnet-oc-atom160-neutral-epoch/gemnet_oc/run_10325232_params_5.2_million/dim_160_step_step=150000.ckpt,,,,dev-equivariant-scaling-laws/analysis_outputs/four_arch_force_scaling_repaired_2026_08_14/four_arch_force_checkpoint_table.csv
gemnet_oc,GemNet-OC,160,200000,200000,5194016,5194016.0,True,backfilled_from_slurm_log,346647268,checkpoint token_processed,35.18,105.54,1.900238683029983e+17,0.0017354105784047,0.0134961483618309,0.0059912668405214,0.0382422562430485,0.1664399526256199,0.0007699111140266,0.142660594758576,True,eval reproduces training-time f_loss/val,,10325232,10325232.0,gemnet-oc-atom160-neutral-epoch,run_10325232_params_5.2_million,outputs/2026-08-14/10-45-08,hydra_run_dir,866,27697,1238644,1733.23634,True,10802948738089728,66576857,1786375341,/network/scratch/m/michnikr/geometric_scaling_checkpoints_gemnet_oc/gemnet-oc-atom160-neutral-epoch/gemnet_oc/run_10325232_params_5.2_million/dim_160_step_step=200000.ckpt,,,,dev-equivariant-scaling-laws/analysis_outputs/four_arch_force_scaling_repaired_2026_08_14/four_arch_force_checkpoint_table.csv
gemnet_oc,GemNet-OC,160,250000,250000,5194016,5194016.0,True,backfilled_from_slurm_log,433270122,checkpoint token_processed,35.18,105.54,2.3750847677977952e+17,0.0015350957814381,0.0126054965779099,0.0055567732057929,0.0354688833725765,0.1570933813930383,0.0007290881204482,0.133345846983582,True,eval reproduces training-time f_loss/val,,10325232,10325232.0,gemnet-oc-atom160-neutral-epoch,run_10325232_params_5.2_million,outputs/2026-08-14/10-45-08,hydra_run_dir,866,27697,1238644,1733.080488,True,13502471675939712,66577303,1786385948,/network/scratch/m/michnikr/geometric_scaling_checkpoints_gemnet_oc/gemnet-oc-atom160-neutral-epoch/gemnet_oc/run_10325232_params_5.2_million/dim_160_step_step=250000.ckpt,,,,dev-equivariant-scaling-laws/analysis_outputs/four_arch_force_scaling_repaired_2026_08_14/four_arch_force_checkpoint_table.csv
gemnet_oc,GemNet-OC,176,50000,50000,6251120,6251120.0,True,backfilled_from_slurm_log,86663206,checkpoint token_processed,35.18,105.54,5.717546126468258e+16,0.0032906341999965,0.0211728670834359,0.0100789642589795,0.0643340288650666,0.2910021508830937,0.0012790115464663,0.224518786299023,True,eval reproduces training-time f_loss/val,,10325233,10325233.0,gemnet-oc-atom176-neutral-epoch,run_10325233_params_6.3_million,outputs/2026-08-11/16-01-41,hydra_run_dir,866,27697,1238644,1733.26412,True,3250452601744320,79260575,1786345137,/network/scratch/m/michnikr/geometric_scaling_checkpoints_gemnet_oc/gemnet-oc-atom176-neutral-epoch/gemnet_oc/run_10325233_params_6.3_million/dim_176_step_step=50000.ckpt,,,,dev-equivariant-scaling-laws/analysis_outputs/four_arch_force_scaling_repaired_2026_08_14/four_arch_force_checkpoint_table.csv
gemnet_oc,GemNet-OC,176,100000,100000,6251120,6251120.0,True,backfilled_from_slurm_log,173332014,checkpoint token_processed,35.18,105.54,1.1435461841079846e+17,0.0022238239189118,0.0163005672483414,0.0074544492141198,0.0475817493337268,0.2057344785205349,0.0009346756962204,0.1723524294456189,True,eval reproduces training-time f_loss/val,,10325233,10325233.0,gemnet-oc-atom176-neutral-epoch,run_10325233_params_6.3_million,outputs/2026-08-11/16-01-41,hydra_run_dir,866,27697,1238644,1733.32014,True,6501115316134080,79261213,1786356731,/network/scratch/m/michnikr/geometric_scaling_checkpoints_gemnet_oc/gemnet-oc-atom176-neutral-epoch/gemnet_oc/run_10325233_params_6.3_million/dim_176_step_step=100000.ckpt,,,,dev-equivariant-scaling-laws/analysis_outputs/four_arch_force_scaling_repaired_2026_08_14/four_arch_force_checkpoint_table.csv
gemnet_oc,GemNet-OC,176,150000,150000,6251120,6251120.0,True,backfilled_from_slurm_log,259995645,checkpoint token_processed,35.18,105.54,1.7153036006634307e+17,0.0018009364115091,0.0141321528298612,0.006299793257816,0.0402115803646401,0.1808840152194538,0.0008215164009822,0.1495366923084351,True,eval reproduces training-time f_loss/val,,10325233,10325233.0,gemnet-oc-atom176-neutral-epoch,run_10325233_params_6.3_million,outputs/2026-08-11/16-01-41,hydra_run_dir,866,27697,1238644,1733.3043,True,9751583858234400,79261659,1786368139,/network/scratch/m/michnikr/geometric_scaling_checkpoints_gemnet_oc/gemnet-oc-atom176-neutral-epoch/gemnet_oc/run_10325233_params_6.3_million/dim_176_step_step=150000.ckpt,,,,dev-equivariant-scaling-laws/analysis_outputs/four_arch_force_scaling_repaired_2026_08_14/four_arch_force_checkpoint_table.csv
gemnet_oc,GemNet-OC,176,200000,200000,6251120,6251120.0,True,backfilled_from_slurm_log,346647268,checkpoint token_processed,35.18,105.54,2.2869817952548448e+17,0.0015775475721567,0.0129000370080989,0.0056850776163259,0.0362878504250086,0.1614911853148672,0.0007428420135521,0.136428790216511,True,eval reproduces training-time f_loss/val,,10325233,10325233.0,gemnet-oc-atom176-neutral-epoch,run_10325233_params_6.3_million,outputs/2026-08-11/16-01-41,hydra_run_dir,866,27697,1238644,1733.23634,True,13001602019640960,79262105,1786379820,/network/scratch/m/michnikr/geometric_scaling_checkpoints_gemnet_oc/gemnet-oc-atom176-neutral-epoch/gemnet_oc/run_10325233_params_6.3_million/dim_176_step_step=200000.ckpt,,,,dev-equivariant-scaling-laws/analysis_outputs/four_arch_force_scaling_repaired_2026_08_14/four_arch_force_checkpoint_table.csv
gemnet_oc,GemNet-OC,176,250000,250000,6251120,6251120.0,True,backfilled_from_slurm_log,433270122,checkpoint token_processed,35.18,105.54,2.8584701883236698e+17,0.0014260802046802,0.012078565843812,0.0052880933188384,0.0337538996541455,0.1508122205080391,0.0006926744851266,0.1277124032893865,True,eval reproduces training-time f_loss/val,,10325233,10325233.0,gemnet-oc-atom176-neutral-epoch,run_10325233_params_6.3_million,outputs/2026-08-11/16-01-41,hydra_run_dir,866,27697,1238644,1733.080488,True,16250541150219840,79262487,1786490898,/network/scratch/m/michnikr/geometric_scaling_checkpoints_gemnet_oc/gemnet-oc-atom176-neutral-epoch/gemnet_oc/run_10325233_params_6.3_million/dim_176_step_step=250000.ckpt,,,,dev-equivariant-scaling-laws/analysis_outputs/four_arch_force_scaling_repaired_2026_08_14/four_arch_force_checkpoint_table.csv
gemnet_oc,GemNet-OC,176,300000,300000,6251120,6251120.0,True,backfilled_from_slurm_log,519928706,checkpoint token_processed,35.18,105.54,3.43019430763957e+17,0.0013090208387657,0.0114614391171397,0.0049971044384023,0.0318965176303223,0.1436039537156977,0.0006568361397436,0.1211827525688339,True,eval reproduces training-time f_loss/val,,10325233,10325233.0,gemnet-oc-atom176-neutral-epoch,run_10325233_params_6.3_million,outputs/2026-08-11/16-01-41,hydra_run_dir,866,27697,1238644,1733.0956866666668,True,19500820395904320,79262933,1786503116,/network/scratch/m/michnikr/geometric_scaling_checkpoints_gemnet_oc/gemnet-oc-atom176-neutral-epoch/gemnet_oc/run_10325233_params_6.3_million/dim_176_step_step=300000.ckpt,,,,dev-equivariant-scaling-laws/analysis_outputs/four_arch_force_scaling_repaired_2026_08_14/four_arch_force_checkpoint_table.csv
gemnet_oc,GemNet-OC,192,50000,50000,7407552,7407552.0,True,runs_csv,86663206,checkpoint token_processed,35.18,105.54,6.775269110849288e+16,0.0032056049446906,0.0208008315771233,0.0099000489865415,0.0631920126810945,0.2854203758954864,0.0012248132378064,0.2202564481492977,True,eval reproduces training-time f_loss/val,,9816216,9816216.0,gemnet-oc-atom192-neutral-epoch,run_9816216_params_7.4_million,outputs/2026-06-12/16-03-52,hydra_run_dir,866,27697,1238644,1733.26412,True,3851773229590272,93124131,1781306798,/network/scratch/m/michnikr/geometric_scaling_checkpoints_gemnet_oc/gemnet-oc-atom192-neutral-epoch/gemnet_oc/run_9816216_params_7.4_million/dim_192_step_step=50000.ckpt,,,,dev-equivariant-scaling-laws/analysis_outputs/four_arch_force_scaling_repaired_2026_08_14/four_arch_force_checkpoint_table.csv
gemnet_oc,GemNet-OC,192,100000,100000,7407552,7407552.0,True,runs_csv,173332014,checkpoint token_processed,35.18,105.54,1.3550976182158509e+17,0.0021244212339108,0.0157669057803955,0.0071634832144179,0.0457245133576299,0.2121520243051696,0.0009426768418085,0.1670958262220413,True,eval reproduces training-time f_loss/val,,9816216,9816216.0,gemnet-oc-atom192-neutral-epoch,run_9816216_params_7.4_million,outputs/2026-06-12/16-03-52,hydra_run_dir,866,27697,1238644,1733.32014,True,7703795441818368,93124769,1781318732,/network/scratch/m/michnikr/geometric_scaling_checkpoints_gemnet_oc/gemnet-oc-atom192-neutral-epoch/gemnet_oc/run_9816216_params_7.4_million/dim_192_step_step=100000.ckpt,,,,dev-equivariant-scaling-laws/analysis_outputs/four_arch_force_scaling_repaired_2026_08_14/four_arch_force_checkpoint_table.csv
gemnet_oc,GemNet-OC,192,150000,150000,7407552,7407552.0,True,runs_csv,259995645,checkpoint token_processed,35.18,105.54,2.0326278519211917e+17,0.0016854089462069,0.01366801900944,0.0060856152988735,0.0388444824527097,0.1761637869577072,0.0007829440344566,0.1445096304389665,True,eval reproduces training-time f_loss/val,,9816216,9816216.0,gemnet-oc-atom192-neutral-epoch,run_9816216_params_7.4_million,outputs/2026-06-12/16-03-52,hydra_run_dir,866,27697,1238644,1733.3043,True,11555587560666240,93125215,1781330581,/network/scratch/m/michnikr/geometric_scaling_checkpoints_gemnet_oc/gemnet-oc-atom192-neutral-epoch/gemnet_oc/run_9816216_params_7.4_million/dim_192_step_step=150000.ckpt,,,,dev-equivariant-scaling-laws/analysis_outputs/four_arch_force_scaling_repaired_2026_08_14/four_arch_force_checkpoint_table.csv
gemnet_oc,GemNet-OC,192,200000,200000,7407552,7407552.0,True,runs_csv,346647268,checkpoint token_processed,35.18,105.54,2.7100642079185197e+17,0.0014586800403759,0.0124691161310932,0.0055020124178676,0.0351193452632489,0.161113610159924,0.0007220470426092,0.1319116317370248,True,eval reproduces training-time f_loss/val,,9816216,9816216.0,gemnet-oc-atom192-neutral-epoch,run_9816216_params_7.4_million,outputs/2026-06-12/16-03-52,hydra_run_dir,866,27697,1238644,1733.23634,True,15406845980207616,93125661,1781342505,/network/scratch/m/michnikr/geometric_scaling_checkpoints_gemnet_oc/gemnet-oc-atom192-neutral-epoch/gemnet_oc/run_9816216_params_7.4_million/dim_192_step_step=200000.ckpt,,,,dev-equivariant-scaling-laws/analysis_outputs/four_arch_force_scaling_repaired_2026_08_14/four_arch_force_checkpoint_table.csv
gemnet_oc,GemNet-OC,192,250000,250000,7407552,7407552.0,True,runs_csv,433270122,checkpoint token_processed,35.18,105.54,3.387275649876722e+17,0.0013233494818372,0.0116410787619529,0.005106906402652,0.0325973835681279,0.1497942430180159,0.0006760437185091,0.1231712248046209,True,eval reproduces training-time f_loss/val,,9816216,9816216.0,gemnet-oc-atom192-neutral-epoch,run_9816216_params_7.4_million,outputs/2026-06-12/16-03-52,hydra_run_dir,866,27697,1238644,1733.080488,True,19256825752568064,93126107,1781354534,/network/scratch/m/michnikr/geometric_scaling_checkpoints_gemnet_oc/gemnet-oc-atom192-neutral-epoch/gemnet_oc/run_9816216_params_7.4_million/dim_192_step_step=250000.ckpt,,,,dev-equivariant-scaling-laws/analysis_outputs/four_arch_force_scaling_repaired_2026_08_14/four_arch_force_checkpoint_table.csv
gemnet_oc,GemNet-OC,192,300000,300000,7407552,7407552.0,True,runs_csv,519928706,checkpoint token_processed,35.18,105.54,4.064766426487431e+17,0.0012298775967347,0.0110417796738712,0.0048218144119357,0.0307776413913859,0.1422362742476664,0.0006459335749216,0.1168771324879285,True,eval reproduces training-time f_loss/val,,9816216,9816216.0,gemnet-oc-atom192-neutral-epoch,run_9816216_params_7.4_million,outputs/2026-06-12/16-03-52,hydra_run_dir,866,27697,1238644,1733.0956866666668,True,23108393555926272,93126553,1781366472,/network/scratch/m/michnikr/geometric_scaling_checkpoints_gemnet_oc/gemnet-oc-atom192-neutral-epoch/gemnet_oc/run_9816216_params_7.4_million/dim_192_step_step=300000.ckpt,,,,dev-equivariant-scaling-laws/analysis_outputs/four_arch_force_scaling_repaired_2026_08_14/four_arch_force_checkpoint_table.csv
gemnet_oc,GemNet-OC,192,350000,350000,7407552,7407552.0,True,runs_csv,606536446,checkpoint token_processed,35.18,105.54,4.741859708245858e+17,0.0011504725214166,0.010572334681046,0.004603236380858,0.0293824578190166,0.1338225289637235,0.0006128911471351,0.1118522582818121,True,eval reproduces training-time f_loss/val,,9816216,9816216.0,gemnet-oc-atom192-neutral-epoch,run_9816216_params_7.4_million,outputs/2026-06-12/16-03-52,hydra_run_dir,866,27697,1238644,1732.9612742857144,True,26957701581841152,93126999,1781378477,/network/scratch/m/michnikr/geometric_scaling_checkpoints_gemnet_oc/gemnet-oc-atom192-neutral-epoch/gemnet_oc/run_9816216_params_7.4_million/dim_192_step_step=350000.ckpt,,,,dev-equivariant-scaling-laws/analysis_outputs/four_arch_force_scaling_repaired_2026_08_14/four_arch_force_checkpoint_table.csv
gemnet_oc,GemNet-OC,192,400000,400000,7407552,7407552.0,True,runs_csv,693194561,checkpoint token_processed,35.18,105.54,5.4193468182472186e+17,0.0011105654406278,0.0102150911587886,0.0044360092281456,0.0283150469032535,0.1293391775701186,0.000591231524511,0.1080632268329966,True,eval reproduces training-time f_loss/val,,9816216,9816216.0,gemnet-oc-atom192-neutral-epoch,run_9816216_params_7.4_million,outputs/2026-06-12/16-03-52,hydra_run_dir,866,27697,1238644,1732.9864025,True,30809248540348032,93127445,1781390393,/network/scratch/m/michnikr/geometric_scaling_checkpoints_gemnet_oc/gemnet-oc-atom192-neutral-epoch/gemnet_oc/run_9816216_params_7.4_million/dim_192_step_step=400000.ckpt,,,,dev-equivariant-scaling-laws/analysis_outputs/four_arch_force_scaling_repaired_2026_08_14/four_arch_force_checkpoint_table.csv
gemnet_oc,GemNet-OC,192,450000,450000,7407552,7407552.0,True,runs_csv,779777582,checkpoint token_processed,35.18,105.54,6.096246848584563e+17,0.0010663327922325,0.009907064802394,0.0042943381403446,0.0274107603498198,0.125013279102691,0.0005764900704692,0.1048355487286324,True,eval reproduces training-time f_loss/val,,9816216,9816216.0,gemnet-oc-atom192-neutral-epoch,run_9816216_params_7.4_million,outputs/2026-06-12/16-03-52,hydra_run_dir,866,27697,1238644,1732.839071111111,True,34657457922595584,93127891,1781402288,/network/scratch/m/michnikr/geometric_scaling_checkpoints_gemnet_oc/gemnet-oc-atom192-neutral-epoch/gemnet_oc/run_9816216_params_7.4_million/dim_192_step_step=450000.ckpt,,,,dev-equivariant-scaling-laws/analysis_outputs/four_arch_force_scaling_repaired_2026_08_14/four_arch_force_checkpoint_table.csv
gemnet_oc,GemNet-OC,192,500000,500000,7407552,7407552.0,True,runs_csv,866390858,checkpoint token_processed,35.18,105.54,6.773383410405578e+17,0.0010310735965829,0.0096661098544457,0.0041819232934334,0.0266932163819859,0.1206975745007086,0.0005632600568829,0.1022936991132878,True,eval reproduces training-time f_loss/val,,9816216,9816216.0,gemnet-oc-atom192-neutral-epoch,run_9816216_params_7.4_million,outputs/2026-06-12/16-03-52,hydra_run_dir,866,27697,1238644,1732.781716,True,38507011997757696,93128337,1781414302,/network/scratch/m/michnikr/geometric_scaling_checkpoints_gemnet_oc/gemnet-oc-atom192-neutral-epoch/gemnet_oc/run_9816216_params_7.4_million/dim_192_step_step=500000.ckpt,,,,dev-equivariant-scaling-laws/analysis_outputs/four_arch_force_scaling_repaired_2026_08_14/four_arch_force_checkpoint_table.csv
gemnet_oc,GemNet-OC,204,50000,50000,8340060,8340060.0,True,backfilled_from_slurm_log,86663206,checkpoint token_processed,35.18,105.54,7.628181469482728e+16,0.0032716863844956,0.0207327564330836,0.0098697410997381,0.0629985574396288,0.2837375715873946,0.0012579180612648,0.2199067449434843,True,eval reproduces training-time f_loss/val,,10325234,10325234.0,gemnet-oc-atom204-neutral-epoch,run_10325234_params_8.3_million,outputs/2026-08-10/23-39-33,hydra_run_dir,866,27697,1238644,1733.26412,True,4336658026994160,104327519,1786347521,/network/scratch/m/michnikr/geometric_scaling_checkpoints_gemnet_oc/gemnet-oc-atom204-neutral-epoch/gemnet_oc/run_10325234_params_8.3_million/dim_204_step_step=50000.ckpt,,,,dev-equivariant-scaling-laws/analysis_outputs/four_arch_force_scaling_repaired_2026_08_14/four_arch_force_checkpoint_table.csv
gemnet_oc,GemNet-OC,204,100000,100000,8340060,8340060.0,True,backfilled_from_slurm_log,173332014,checkpoint token_processed,35.18,105.54,1.5256856032569584e+17,0.0021434407903202,0.0156889222562313,0.0071162848125762,0.0454232459586741,0.2000556958551082,0.0009129274543818,0.1660184971061314,True,eval reproduces training-time f_loss/val,,10325234,10325234.0,gemnet-oc-atom204-neutral-epoch,run_10325234_params_8.3_million,outputs/2026-08-10/23-39-33,hydra_run_dir,866,27697,1238644,1733.32014,True,8673596380085040,104328157,1786361275,/network/scratch/m/michnikr/geometric_scaling_checkpoints_gemnet_oc/gemnet-oc-atom204-neutral-epoch/gemnet_oc/run_10325234_params_8.3_million/dim_204_step_step=100000.ckpt,,,,dev-equivariant-scaling-laws/analysis_outputs/four_arch_force_scaling_repaired_2026_08_14/four_arch_force_checkpoint_table.csv
gemnet_oc,GemNet-OC,204,150000,150000,8340060,8340060.0,True,backfilled_from_slurm_log,259995645,checkpoint token_processed,35.18,105.54,2.288507491097444e+17,0.0017493925456588,0.0135986014020867,0.0060343710756225,0.0385173905756987,0.1717432413732,0.0007848891121223,0.1438349051420914,True,eval reproduces training-time f_loss/val,,10325234,10325234.0,gemnet-oc-atom204-neutral-epoch,run_10325234_params_8.3_million,outputs/2026-08-10/23-39-33,hydra_run_dir,866,27697,1238644,1733.3043,True,13010275674232200,104328603,1786374904,/network/scratch/m/michnikr/geometric_scaling_checkpoints_gemnet_oc/gemnet-oc-atom204-neutral-epoch/gemnet_oc/run_10325234_params_8.3_million/dim_204_step_step=150000.ckpt,,,,dev-equivariant-scaling-laws/analysis_outputs/four_arch_force_scaling_repaired_2026_08_14/four_arch_force_checkpoint_table.csv
gemnet_oc,GemNet-OC,204,200000,200000,8340060,8340060.0,True,backfilled_from_slurm_log,346647268,checkpoint token_processed,35.18,105.54,3.051223683329247e+17,0.0015155033190668,0.0124057880323165,0.0054492066946973,0.0347822863322534,0.1569162597385069,0.0007147476898842,0.131205357222008,True,eval reproduces training-time f_loss/val,,10325234,10325234.0,gemnet-oc-atom204-neutral-epoch,run_10325234_params_8.3_million,outputs/2026-08-10/23-39-33,hydra_run_dir,866,27697,1238644,1733.23634,True,17346354083736480,104328985,1786434906,/network/scratch/m/michnikr/geometric_scaling_checkpoints_gemnet_oc/gemnet-oc-atom204-neutral-epoch/gemnet_oc/run_10325234_params_8.3_million/dim_204_step_step=200000.ckpt,,,,dev-equivariant-scaling-laws/analysis_outputs/four_arch_force_scaling_repaired_2026_08_14/four_arch_force_checkpoint_table.csv
gemnet_oc,GemNet-OC,204,250000,250000,8340060,8340060.0,True,backfilled_from_slurm_log,433270122,checkpoint token_processed,35.18,105.54,3.813686647965597e+17,0.001348821969992,0.0115634607431837,0.0050467190858046,0.0322132079246912,0.1448746939075736,0.0006652938066384,0.1222875454982228,True,eval reproduces training-time f_loss/val,,10325234,10325234.0,gemnet-oc-atom204-neutral-epoch,run_10325234_params_8.3_million,outputs/2026-08-10/23-39-33,hydra_run_dir,866,27697,1238644,1733.080488,True,21680992882123920,104329431,1786455035,/network/scratch/m/michnikr/geometric_scaling_checkpoints_gemnet_oc/gemnet-oc-atom204-neutral-epoch/gemnet_oc/run_10325234_params_8.3_million/dim_204_step_step=250000.ckpt,,,,dev-equivariant-scaling-laws/analysis_outputs/four_arch_force_scaling_repaired_2026_08_14/four_arch_force_checkpoint_table.csv
gemnet_oc,GemNet-OC,204,300000,300000,8340060,8340060.0,True,backfilled_from_slurm_log,519928706,checkpoint token_processed,35.18,105.54,4.576464111610795e+17,0.0012408740887714,0.0109594492322397,0.0047642053259155,0.0304099225953186,0.1352124322188575,0.0006201278544027,0.1157957708664245,True,eval reproduces training-time f_loss/val,,10325234,10325234.0,gemnet-oc-atom204-neutral-epoch,run_10325234_params_8.3_million,outputs/2026-08-10/23-39-33,hydra_run_dir,866,27697,1238644,1733.0956866666668,True,26017419622574160,104329877,1786471821,/network/scratch/m/michnikr/geometric_scaling_checkpoints_gemnet_oc/gemnet-oc-atom204-neutral-epoch/gemnet_oc/run_10325234_params_8.3_million/dim_204_step_step=300000.ckpt,,,,dev-equivariant-scaling-laws/analysis_outputs/four_arch_force_scaling_repaired_2026_08_14/four_arch_force_checkpoint_table.csv
gemnet_oc,GemNet-OC,204,350000,350000,8340060,8340060.0,True,backfilled_from_slurm_log,606536446,checkpoint token_processed,35.18,105.54,5.338794041317962e+17,0.0011581692116369,0.0104898747603041,0.0045466218280436,0.0290210871284023,0.1304052439593553,0.0005991158842748,0.1108899064457897,True,eval reproduces training-time f_loss/val,,10325234,10325234.0,gemnet-oc-atom204-neutral-epoch,run_10325234_params_8.3_million,outputs/2026-08-10/23-39-33,hydra_run_dir,866,27697,1238644,1732.9612742857144,True,30351302110960560,104330323,1786486576,/network/scratch/m/michnikr/geometric_scaling_checkpoints_gemnet_oc/gemnet-oc-atom204-neutral-epoch/gemnet_oc/run_10325234_params_8.3_million/dim_204_step_step=350000.ckpt,,,,dev-equivariant-scaling-laws/analysis_outputs/four_arch_force_scaling_repaired_2026_08_14/four_arch_force_checkpoint_table.csv
gemnet_oc,GemNet-OC,204,400000,400000,8340060,8340060.0,True,backfilled_from_slurm_log,693194561,checkpoint token_processed,35.18,105.54,6.101567376778577e+17,0.0010950230298812,0.0101043324542229,0.0043670922126778,0.0278751495935229,0.1249230401095768,0.0005747610499115,0.1067909350413447,True,eval reproduces training-time f_loss/val,,10325234,10325234.0,gemnet-oc-atom204-neutral-epoch,run_10325234_params_8.3_million,outputs/2026-08-10/23-39-33,hydra_run_dir,866,27697,1238644,1732.9864025,True,34687705382481960,104330769,1786500657,/network/scratch/m/michnikr/geometric_scaling_checkpoints_gemnet_oc/gemnet-oc-atom204-neutral-epoch/gemnet_oc/run_10325234_params_8.3_million/dim_204_step_step=400000.ckpt,,,,dev-equivariant-scaling-laws/analysis_outputs/four_arch_force_scaling_repaired_2026_08_14/four_arch_force_checkpoint_table.csv
gemnet_oc,GemNet-OC,256,50000,50000,13026560,13026560.0,True,runs_csv,86663206,checkpoint token_processed,35.18,105.54,1.1914658120337853e+17,0.0031160691666625,0.0199671910503582,0.0095512919925466,0.0609658967884253,0.2735885554713823,0.0012005834305749,0.2116777448093316,True,eval reproduces training-time f_loss/val,,9816217,9816217.0,gemnet-oc-atom256-neutral-epoch,run_9816217_params_13.0_million,outputs/2026-06-12/16-15-52,hydra_run_dir,866,27697,1238644,1733.26412,True,6773540716508160,160555107,1781311807,/network/scratch/m/michnikr/geometric_scaling_checkpoints_gemnet_oc/gemnet-oc-atom256-neutral-epoch/gemnet_oc/run_9816217_params_13.0_million/dim_256_step_step=50000.ckpt,,,,dev-equivariant-scaling-laws/analysis_outputs/four_arch_force_scaling_repaired_2026_08_14/four_arch_force_checkpoint_table.csv
gemnet_oc,GemNet-OC,256,100000,100000,13026560,13026560.0,True,runs_csv,173332014,checkpoint token_processed,35.18,105.54,2.383008641660008e+17,0.0020432166252721,0.0151925823246892,0.0070155724686592,0.0447803990674521,0.1953868617843535,0.0008854789082815,0.1607806123297083,True,eval reproduces training-time f_loss/val,,9816217,9816217.0,gemnet-oc-atom256-neutral-epoch,run_9816217_params_13.0_million,outputs/2026-06-12/16-15-52,hydra_run_dir,866,27697,1238644,1733.32014,True,13547519281751040,160555745,1781328062,/network/scratch/m/michnikr/geometric_scaling_checkpoints_gemnet_oc/gemnet-oc-atom256-neutral-epoch/gemnet_oc/run_9816217_params_13.0_million/dim_256_step_step=100000.ckpt,,,,dev-equivariant-scaling-laws/analysis_outputs/four_arch_force_scaling_repaired_2026_08_14/four_arch_force_checkpoint_table.csv
gemnet_oc,GemNet-OC,256,150000,150000,13026560,13026560.0,True,runs_csv,259995645,checkpoint token_processed,35.18,105.54,3.574480296692148e+17,0.0016178103973326,0.0129972131612041,0.0058528423264501,0.0373586925697312,0.1661813184188778,0.0007604179017239,0.1375763106292816,True,eval reproduces training-time f_loss/val,,9816217,9816217.0,gemnet-oc-atom256-neutral-epoch,run_9816217_params_13.0_million,outputs/2026-06-12/16-15-52,hydra_run_dir,866,27697,1238644,1733.3043,True,20321093215987200,160556191,1781344309,/network/scratch/m/michnikr/geometric_scaling_checkpoints_gemnet_oc/gemnet-oc-atom256-neutral-epoch/gemnet_oc/run_9816217_params_13.0_million/dim_256_step_step=150000.ckpt,,,,dev-equivariant-scaling-laws/analysis_outputs/four_arch_force_scaling_repaired_2026_08_14/four_arch_force_checkpoint_table.csv
gemnet_oc,GemNet-OC,256,200000,200000,13026560,13026560.0,True,runs_csv,346647268,checkpoint token_processed,35.18,105.54,4.765786862961349e+17,0.0014010781582891,0.0117631691914507,0.0052181504617171,0.0333074543971404,0.1500742939832097,0.0006882267476217,0.1245139593907253,True,eval reproduces training-time f_loss/val,,9816217,9816217.0,gemnet-oc-atom256-neutral-epoch,run_9816217_params_13.0_million,outputs/2026-06-12/16-15-52,hydra_run_dir,866,27697,1238644,1733.23634,True,27093728612628480,160556637,1781360580,/network/scratch/m/michnikr/geometric_scaling_checkpoints_gemnet_oc/gemnet-oc-atom256-neutral-epoch/gemnet_oc/run_9816217_params_13.0_million/dim_256_step_step=200000.ckpt,,,,dev-equivariant-scaling-laws/analysis_outputs/four_arch_force_scaling_repaired_2026_08_14/four_arch_force_checkpoint_table.csv
gemnet_oc,GemNet-OC,256,250000,250000,13026560,13026560.0,True,runs_csv,433270122,checkpoint token_processed,35.18,105.54,5.956697906360713e+17,0.0012424897136305,0.010944670801294,0.0048098631518047,0.0307013564979696,0.141444296479294,0.0006581409240318,0.1160281172532582,True,eval reproduces training-time f_loss/val,,9816217,9816217.0,gemnet-oc-atom256-neutral-epoch,run_9816217_params_13.0_million,outputs/2026-06-12/16-15-52,hydra_run_dir,866,27697,1238644,1733.080488,True,33864115442641920,160557083,1781376879,/network/scratch/m/michnikr/geometric_scaling_checkpoints_gemnet_oc/gemnet-oc-atom256-neutral-epoch/gemnet_oc/run_9816217_params_13.0_million/dim_256_step_step=250000.ckpt,,,,dev-equivariant-scaling-laws/analysis_outputs/four_arch_force_scaling_repaired_2026_08_14/four_arch_force_checkpoint_table.csv
gemnet_oc,GemNet-OC,256,300000,300000,13026560,13026560.0,True,runs_csv,519928706,checkpoint token_processed,35.18,105.54,7.148100174068856e+17,0.0011373197722115,0.0103473768813651,0.0045155969165447,0.0288230551183051,0.131098178613234,0.0006129452650188,0.1096032214638407,True,eval reproduces training-time f_loss/val,,9816217,9816217.0,gemnet-oc-atom256-neutral-epoch,run_9816217_params_13.0_million,outputs/2026-06-12/16-15-52,hydra_run_dir,866,27697,1238644,1733.0956866666668,True,40637294906588160,160557529,1781393103,/network/scratch/m/michnikr/geometric_scaling_checkpoints_gemnet_oc/gemnet-oc-atom256-neutral-epoch/gemnet_oc/run_9816217_params_13.0_million/dim_256_step_step=300000.ckpt,,,,dev-equivariant-scaling-laws/analysis_outputs/four_arch_force_scaling_repaired_2026_08_14/four_arch_force_checkpoint_table.csv
gemnet_oc,GemNet-OC,256,350000,350000,13026560,13026560.0,True,runs_csv,606536446,checkpoint token_processed,35.18,105.54,8.338803426698478e+17,0.0010585410896339,0.0098622298517692,0.0042859251516291,0.0273570602428486,0.1268560236479063,0.0005929530428002,0.1045518289456952,True,eval reproduces training-time f_loss/val,,9816217,9816217.0,gemnet-oc-atom256-neutral-epoch,run_9816217_params_13.0_million,outputs/2026-06-12/16-15-52,hydra_run_dir,866,27697,1238644,1732.9612742857144,True,47406500436034560,160557975,1781409311,/network/scratch/m/michnikr/geometric_scaling_checkpoints_gemnet_oc/gemnet-oc-atom256-neutral-epoch/gemnet_oc/run_9816217_params_13.0_million/dim_256_step_step=350000.ckpt,,,,dev-equivariant-scaling-laws/analysis_outputs/four_arch_force_scaling_repaired_2026_08_14/four_arch_force_checkpoint_table.csv
gemnet_oc,GemNet-OC,256,400000,400000,13026560,13026560.0,True,runs_csv,693194561,checkpoint token_processed,35.18,105.54,9.530199246486084e+17,0.0010210147545868,0.0095081867991062,0.0041178165634661,0.0262840231246041,0.1200894158264712,0.0005634142345928,0.1007160103369913,True,eval reproduces training-time f_loss/val,,9816217,9816217.0,gemnet-oc-atom256-neutral-epoch,run_9816217_params_13.0_million,outputs/2026-06-12/16-15-52,hydra_run_dir,866,27697,1238644,1732.9864025,True,54179643243240960,160558421,1781425604,/network/scratch/m/michnikr/geometric_scaling_checkpoints_gemnet_oc/gemnet-oc-atom256-neutral-epoch/gemnet_oc/run_9816217_params_13.0_million/dim_256_step_step=400000.ckpt,,,,dev-equivariant-scaling-laws/analysis_outputs/four_arch_force_scaling_repaired_2026_08_14/four_arch_force_checkpoint_table.csv
gemnet_oc,GemNet-OC,256,450000,450000,13026560,13026560.0,True,runs_csv,779777582,checkpoint token_processed,35.18,105.54,1.0720562656583136e+18,0.0009806200976287,0.0092021339340673,0.0039747539338204,0.0253708543595761,0.1160645975750671,0.0005508531687688,0.0975298710283621,True,eval reproduces training-time f_loss/val,,9816217,9816217.0,gemnet-oc-atom256-neutral-epoch,run_9816217_params_13.0_million,outputs/2026-06-12/16-15-52,hydra_run_dir,866,27697,1238644,1732.839071111111,True,60946916751467520,160558803,1781441847,/network/scratch/m/michnikr/geometric_scaling_checkpoints_gemnet_oc/gemnet-oc-atom256-neutral-epoch/gemnet_oc/run_9816217_params_13.0_million/dim_256_step_step=450000.ckpt,,,,dev-equivariant-scaling-laws/analysis_outputs/four_arch_force_scaling_repaired_2026_08_14/four_arch_force_checkpoint_table.csv
gemnet_oc,GemNet-OC,256,500000,500000,13026560,13026560.0,True,runs_csv,866390858,checkpoint token_processed,35.18,105.54,1.191134201942192e+18,0.0009396383068089,0.0089591044597069,0.0038595650529746,0.024635603733137,0.1116140371932719,0.0005304060603848,0.0948951052009183,True,eval reproduces training-time f_loss/val,,9816217,9816217.0,gemnet-oc-atom256-neutral-epoch,run_9816217_params_13.0_million,outputs/2026-06-12/16-15-52,hydra_run_dir,866,27697,1238644,1732.781716,True,67716554971130880,160559249,1781458210,/network/scratch/m/michnikr/geometric_scaling_checkpoints_gemnet_oc/gemnet-oc-atom256-neutral-epoch/gemnet_oc/run_9816217_params_13.0_million/dim_256_step_step=500000.ckpt,,,,dev-equivariant-scaling-laws/analysis_outputs/four_arch_force_scaling_repaired_2026_08_14/four_arch_force_checkpoint_table.csv
gemnet_oc,GemNet-OC,320,50000,50000,20234816,20234816.0,True,runs_csv,86663206,checkpoint token_processed,35.18,105.54,1.8507642444969533e+17,0.0028108911806461,0.0188381337683312,0.0088799933784537,0.05668099773467,0.2599588233469953,0.0011431528038913,0.1998128657222254,True,eval reproduces training-time f_loss/val,,9902522,9902522.0,gemnet-oc-atom320-neutral-epoch,run_9902522_params_20.2_million,outputs/2026-06-24/11-18-39,hydra_run_dir,866,27697,1238644,1733.26412,True,10521684164280576,247054179,1782182368,/network/scratch/m/michnikr/geometric_scaling_checkpoints_gemnet_oc/gemnet-oc-atom320-neutral-epoch/gemnet_oc/run_9902522_params_20.2_million/dim_320_step_step=50000.ckpt,,,,dev-equivariant-scaling-laws/analysis_outputs/four_arch_force_scaling_repaired_2026_08_14/four_arch_force_checkpoint_table.csv
gemnet_oc,GemNet-OC,320,100000,100000,20234816,20234816.0,True,runs_csv,173332014,checkpoint token_processed,35.18,105.54,3.701648124324472e+17,0.0018247930844872,0.014040281712755,0.0063341956557403,0.0404311708705908,0.1859685930984813,0.000851947026171,0.1489222873892612,True,eval reproduces training-time f_loss/val,,9902522,9902522.0,gemnet-oc-atom320-neutral-epoch,run_9902522_params_20.2_million,outputs/2026-06-24/11-18-39,hydra_run_dir,866,27697,1238644,1733.32014,True,21044048461196544,247054817,1782204886,/network/scratch/m/michnikr/geometric_scaling_checkpoints_gemnet_oc/gemnet-oc-atom320-neutral-epoch/gemnet_oc/run_9902522_params_20.2_million/dim_320_step_step=100000.ckpt,,,,dev-equivariant-scaling-laws/analysis_outputs/four_arch_force_scaling_repaired_2026_08_14/four_arch_force_checkpoint_table.csv
gemnet_oc,GemNet-OC,320,150000,150000,20234816,20234816.0,True,runs_csv,259995645,checkpoint token_processed,35.18,105.54,5.552421445046968e+17,0.0014687565210577,0.0120666777757028,0.0053397025562156,0.0340833214163246,0.1606179369101623,0.0007301277521717,0.1279680552787465,True,eval reproduces training-time f_loss/val,,9902522,9902522.0,gemnet-oc-atom320-neutral-epoch,run_9902522_params_20.2_million,outputs/2026-06-24/11-18-39,hydra_run_dir,866,27697,1238644,1733.3043,True,31565784224257920,247055263,1782227224,/network/scratch/m/michnikr/geometric_scaling_checkpoints_gemnet_oc/gemnet-oc-atom320-neutral-epoch/gemnet_oc/run_9902522_params_20.2_million/dim_320_step_step=150000.ckpt,,,,dev-equivariant-scaling-laws/analysis_outputs/four_arch_force_scaling_repaired_2026_08_14/four_arch_force_checkpoint_table.csv
gemnet_oc,GemNet-OC,320,200000,200000,20234816,20234816.0,True,runs_csv,346647268,checkpoint token_processed,35.18,105.54,7.402938325025188e+17,0.0012517452385164,0.0109207508343489,0.0047806382417708,0.0305148138972235,0.1455408218929729,0.0006673274174339,0.1158807825178282,True,eval reproduces training-time f_loss/val,,9902522,9902522.0,gemnet-oc-atom320-neutral-epoch,run_9902522_params_20.2_million,outputs/2026-06-24/11-18-39,hydra_run_dir,866,27697,1238644,1733.23634,True,42086062109296128,247055645,1782264521,/network/scratch/m/michnikr/geometric_scaling_checkpoints_gemnet_oc/gemnet-oc-atom320-neutral-epoch/gemnet_oc/run_9902522_params_20.2_million/dim_320_step_step=200000.ckpt,,,,dev-equivariant-scaling-laws/analysis_outputs/four_arch_force_scaling_repaired_2026_08_14/four_arch_force_checkpoint_table.csv
gemnet_oc,GemNet-OC,320,250000,250000,20234816,20234816.0,True,runs_csv,433270122,checkpoint token_processed,35.18,105.54,9.252840819279552e+17,0.0011208919488806,0.0101438714825821,0.0044121070825909,0.0281624795081777,0.1350019745287801,0.0006264924661972,0.1077036394877937,True,eval reproduces training-time f_loss/val,,9902522,9902522.0,gemnet-oc-atom320-neutral-epoch,run_9902522_params_20.2_million,outputs/2026-06-24/11-18-39,hydra_run_dir,866,27697,1238644,1733.080488,True,52602847181805312,247056091,1782286538,/network/scratch/m/michnikr/geometric_scaling_checkpoints_gemnet_oc/gemnet-oc-atom320-neutral-epoch/gemnet_oc/run_9902522_params_20.2_million/dim_320_step_step=250000.ckpt,,,,dev-equivariant-scaling-laws/analysis_outputs/four_arch_force_scaling_repaired_2026_08_14/four_arch_force_checkpoint_table.csv
gemnet_oc,GemNet-OC,320,300000,300000,20234816,20234816.0,True,runs_csv,519928706,checkpoint token_processed,35.18,105.54,1.1103506357154252e+18,0.0010257205761748,0.0095677949191344,0.0041407619093811,0.0264304832675801,0.1254688359057104,0.000585626041638,0.1015342096077247,True,eval reproduces training-time f_loss/val,,9902522,9902522.0,gemnet-oc-atom320-neutral-epoch,run_9902522_params_20.2_million,outputs/2026-06-24/11-18-39,hydra_run_dir,866,27697,1238644,1733.0956866666668,True,63123970194168576,247056537,1782308318,/network/scratch/m/michnikr/geometric_scaling_checkpoints_gemnet_oc/gemnet-oc-atom320-neutral-epoch/gemnet_oc/run_9902522_params_20.2_million/dim_320_step_step=300000.ckpt,,,,dev-equivariant-scaling-laws/analysis_outputs/four_arch_force_scaling_repaired_2026_08_14/four_arch_force_checkpoint_table.csv
gemnet_oc,GemNet-OC,320,350000,350000,20234816,20234816.0,True,runs_csv,606536446,checkpoint token_processed,35.18,105.54,1.2953086079472494e+18,0.0009666124614683,0.0091435593073245,0.0039407535830342,0.0251538301205077,0.1201218358621724,0.0005646119589115,0.0970817126623609,True,eval reproduces training-time f_loss/val,,9902522,9902522.0,gemnet-oc-atom320-neutral-epoch,run_9902522_params_20.2_million,outputs/2026-06-24/11-18-39,hydra_run_dir,866,27697,1238644,1732.9612742857144,True,73638920292623616,247056983,1782336400,/network/scratch/m/michnikr/geometric_scaling_checkpoints_gemnet_oc/gemnet-oc-atom320-neutral-epoch/gemnet_oc/run_9902522_params_20.2_million/dim_320_step_step=350000.ckpt,,,,dev-equivariant-scaling-laws/analysis_outputs/four_arch_force_scaling_repaired_2026_08_14/four_arch_force_checkpoint_table.csv
gemnet_oc,GemNet-OC,320,400000,400000,20234816,20234816.0,True,runs_csv,693194561,checkpoint token_processed,35.18,105.54,1.4803741601465357e+18,0.0009246352521258,0.0088070424810787,0.0037821904601366,0.0241417217070525,0.1159340982211379,0.0005413494570409,0.0934839193811965,True,eval reproduces training-time f_loss/val,,9902522,9902522.0,gemnet-oc-atom320-neutral-epoch,run_9902522_params_20.2_million,outputs/2026-06-24/11-18-39,hydra_run_dir,866,27697,1238644,1732.9864025,True,84159986364214656,247057429,1782358107,/network/scratch/m/michnikr/geometric_scaling_checkpoints_gemnet_oc/gemnet-oc-atom320-neutral-epoch/gemnet_oc/run_9902522_params_20.2_million/dim_320_step_step=400000.ckpt,,,,dev-equivariant-scaling-laws/analysis_outputs/four_arch_force_scaling_repaired_2026_08_14/four_arch_force_checkpoint_table.csv
gemnet_oc,GemNet-OC,320,450000,450000,20234816,20234816.0,True,runs_csv,779777582,checkpoint token_processed,35.18,105.54,1.6652793429150208e+18,0.0008698390167502,0.0085113013677264,0.0036470703039094,0.023279249749854,0.1108950994108689,0.000518934398321,0.090302357660475,True,eval reproduces training-time f_loss/val,,9902522,9902522.0,gemnet-oc-atom320-neutral-epoch,run_9902522_params_20.2_million,outputs/2026-06-24/11-18-39,hydra_run_dir,866,27697,1238644,1732.839071111111,True,94671935356169472,247057875,1782379929,/network/scratch/m/michnikr/geometric_scaling_checkpoints_gemnet_oc/gemnet-oc-atom320-neutral-epoch/gemnet_oc/run_9902522_params_20.2_million/dim_320_step_step=450000.ckpt,,,,dev-equivariant-scaling-laws/analysis_outputs/four_arch_force_scaling_repaired_2026_08_14/four_arch_force_checkpoint_table.csv
mpnn,MPNN,128,50000,50000,222916,222916.0,True,runs_csv,86663206,checkpoint token_processed,2.33,6.99,135037120448585.05,0.0544158298517932,0.130122516820461,0.059847131592295,0.3820042409536194,1.3613067144059143,0.0066063614867576,1.3672887830721865,True,eval reproduces training-time f_loss/val,,9898787,9898787.0,dim-128-neutral-epoch-corrected-stats,run_9898787_params_222.9_thousand,outputs/2026-06-23/14-02-32,hydra_run_dir,866,27697,1238644,1733.26412,True,115911691372176,7931175,1782239252,/network/scratch/m/michnikr/geometric_scaling_checkpoints_corrected_stats/dim-128-neutral-epoch-corrected-stats/mpnn/run_9898787_params_222.9_thousand/dim_128_step_step=50000.ckpt,,,,dev-equivariant-scaling-laws/analysis_outputs/four_arch_force_scaling_repaired_2026_08_14/four_arch_force_checkpoint_table.csv
mpnn,MPNN,128,100000,100000,222916,222916.0,True,runs_csv,173332014,checkpoint token_processed,2.33,6.99,270082969837439.75,0.0493105117190741,0.1222096910532434,0.0559090890365977,0.3568677153206037,1.2003534144741284,0.0056731818861158,1.278828729393593,True,eval reproduces training-time f_loss/val,,9898787,9898787.0,dim-128-neutral-epoch-corrected-stats,run_9898787_params_222.9_thousand,outputs/2026-06-23/14-02-32,hydra_run_dir,866,27697,1238644,1733.32014,True,231830875396944,7931813,1782240738,/network/scratch/m/michnikr/geometric_scaling_checkpoints_corrected_stats/dim-128-neutral-epoch-corrected-stats/mpnn/run_9898787_params_222.9_thousand/dim_128_step_step=100000.ckpt,,,,dev-equivariant-scaling-laws/analysis_outputs/four_arch_force_scaling_repaired_2026_08_14/four_arch_force_checkpoint_table.csv
mpnn,MPNN,128,150000,150000,222916,222916.0,True,runs_csv,259995645,checkpoint token_processed,2.33,6.99,405120752513731.8,0.046909774947206,0.1185742502657838,0.0541165272223295,0.3454257932601294,1.235729719970298,0.0056891854530884,1.2426343571887228,True,eval reproduces training-time f_loss/val,,9898787,9898787.0,dim-128-neutral-epoch-corrected-stats,run_9898787_params_222.9_thousand,outputs/2026-06-23/14-02-32,hydra_run_dir,866,27697,1238644,1733.3043,True,347743135204920,7932259,1782242259,/network/scratch/m/michnikr/geometric_scaling_checkpoints_corrected_stats/dim-128-neutral-epoch-corrected-stats/mpnn/run_9898787_params_222.9_thousand/dim_128_step_step=150000.ckpt,,,,dev-equivariant-scaling-laws/analysis_outputs/four_arch_force_scaling_repaired_2026_08_14/four_arch_force_checkpoint_table.csv
mpnn,MPNN,128,200000,200000,222916,222916.0,True,runs_csv,346647268,checkpoint token_processed,2.33,6.99,540139824530481.1,0.0455031040797814,0.1163558806475535,0.0529609107823258,0.3380494935235856,1.2839793356406497,0.0058064190775702,1.221622997251238,True,eval reproduces training-time f_loss/val,,9898787,9898787.0,dim-128-neutral-epoch-corrected-stats,run_9898787_params_222.9_thousand,outputs/2026-06-23/14-02-32,hydra_run_dir,866,27697,1238644,1733.23634,True,463639334360928,7932705,1782243772,/network/scratch/m/michnikr/geometric_scaling_checkpoints_corrected_stats/dim-128-neutral-epoch-corrected-stats/mpnn/run_9898787_params_222.9_thousand/dim_128_step_step=200000.ckpt,,,,dev-equivariant-scaling-laws/analysis_outputs/four_arch_force_scaling_repaired_2026_08_14/four_arch_force_checkpoint_table.csv
mpnn,MPNN,128,250000,250000,222916,222916.0,True,runs_csv,433270122,checkpoint token_processed,2.33,6.99,675114069185106.5,0.04444510921595,0.1146912911850916,0.0521100620661151,0.3326185261680127,1.311073694713672,0.0058360663651301,1.2052735755022177,True,eval reproduces training-time f_loss/val,,9898787,9898787.0,dim-128-neutral-epoch-corrected-stats,run_9898787_params_222.9_thousand,outputs/2026-06-23/14-02-32,hydra_run_dir,866,27697,1238644,1733.080488,True,579497055094512,7933215,1782245262,/network/scratch/m/michnikr/geometric_scaling_checkpoints_corrected_stats/dim-128-neutral-epoch-corrected-stats/mpnn/run_9898787_params_222.9_thousand/dim_128_step_step=250000.ckpt,,,,dev-equivariant-scaling-laws/analysis_outputs/four_arch_force_scaling_repaired_2026_08_14/four_arch_force_checkpoint_table.csv
mpnn,MPNN,128,300000,300000,222916,222916.0,True,runs_csv,519928706,checkpoint token_processed,2.33,6.99,810143987712605.1,0.043541662286382,0.1134731706670608,0.0514945365149721,0.3286896265750669,1.3281796369486538,0.0058220493430852,1.1929522001014607,True,eval reproduces training-time f_loss/val,,9898787,9898787.0,dim-128-neutral-epoch-corrected-stats,run_9898787_params_222.9_thousand,outputs/2026-06-23/14-02-32,hydra_run_dir,866,27697,1238644,1733.0956866666668,True,695402564560176,7933661,1782246963,/network/scratch/m/michnikr/geometric_scaling_checkpoints_corrected_stats/dim-128-neutral-epoch-corrected-stats/mpnn/run_9898787_params_222.9_thousand/dim_128_step_step=300000.ckpt,,,,dev-equivariant-scaling-laws/analysis_outputs/four_arch_force_scaling_repaired_2026_08_14/four_arch_force_checkpoint_table.csv
mpnn,MPNN,128,350000,350000,222916,222916.0,True,runs_csv,606536446,checkpoint token_processed,2.33,6.99,945094681991786.8,0.0430027519699022,0.1126278613373533,0.0510436110526231,0.3258113693488938,1.3403894349278809,0.005790435405519,1.1841829674287243,True,eval reproduces training-time f_loss/val,,9898787,9898787.0,dim-128-neutral-epoch-corrected-stats,run_9898787_params_222.9_thousand,outputs/2026-06-23/14-02-32,hydra_run_dir,866,27697,1238644,1732.9612742857144,True,811240070379216,7934107,1782248850,/network/scratch/m/michnikr/geometric_scaling_checkpoints_corrected_stats/dim-128-neutral-epoch-corrected-stats/mpnn/run_9898787_params_222.9_thousand/dim_128_step_step=350000.ckpt,,,,dev-equivariant-scaling-laws/analysis_outputs/four_arch_force_scaling_repaired_2026_08_14/four_arch_force_checkpoint_table.csv
mpnn,MPNN,128,400000,400000,222916,222916.0,True,runs_csv,693194561,checkpoint token_processed,2.33,6.99,1080123869731533.2,0.0428778031092421,0.112064559666513,0.0507771726715926,0.324110693162776,1.3519818225303368,0.0057791309884489,1.1784369065496194,True,eval reproduces training-time f_loss/val,,9898787,9898787.0,dim-128-neutral-epoch-corrected-stats,run_9898787_params_222.9_thousand,outputs/2026-06-23/14-02-32,hydra_run_dir,866,27697,1238644,1732.9864025,True,927144952559256,7934553,1782250745,/network/scratch/m/michnikr/geometric_scaling_checkpoints_corrected_stats/dim-128-neutral-epoch-corrected-stats/mpnn/run_9898787_params_222.9_thousand/dim_128_step_step=400000.ckpt,,,,dev-equivariant-scaling-laws/analysis_outputs/four_arch_force_scaling_repaired_2026_08_14/four_arch_force_checkpoint_table.csv
mpnn,MPNN,128,450000,450000,222916,222916.0,True,runs_csv,779777582,checkpoint token_processed,2.33,6.99,1215036047289093.0,0.0426683265782514,0.1113789507271786,0.0504784395283066,0.3222038795091814,1.318776577917588,0.0056765695752072,1.1705552030238593,True,eval reproduces training-time f_loss/val,,9898787,9898787.0,dim-128-neutral-epoch-corrected-stats,run_9898787_params_222.9_thousand,outputs/2026-06-23/14-02-32,hydra_run_dir,866,27697,1238644,1732.839071111111,True,1042949396814672,7934999,1782252382,/network/scratch/m/michnikr/geometric_scaling_checkpoints_corrected_stats/dim-128-neutral-epoch-corrected-stats/mpnn/run_9898787_params_222.9_thousand/dim_128_step_step=450000.ckpt,,,,dev-equivariant-scaling-laws/analysis_outputs/four_arch_force_scaling_repaired_2026_08_14/four_arch_force_checkpoint_table.csv
mpnn,MPNN,128,500000,500000,222916,222916.0,True,runs_csv,866390858,checkpoint token_processed,2.33,6.99,1349995367668476.8,0.0416270849729434,0.1103415375889448,0.0499834919755057,0.3190446292796531,1.2889411164486382,0.0055806398844479,1.1592217747339286,True,eval reproduces training-time f_loss/val,,9898787,9898787.0,dim-128-neutral-epoch-corrected-stats,run_9898787_params_222.9_thousand,outputs/2026-06-23/14-02-32,hydra_run_dir,866,27697,1238644,1732.781716,True,1158794307011568,7935445,1782254048,/network/scratch/m/michnikr/geometric_scaling_checkpoints_corrected_stats/dim-128-neutral-epoch-corrected-stats/mpnn/run_9898787_params_222.9_thousand/dim_128_step_step=500000.ckpt,,,,dev-equivariant-scaling-laws/analysis_outputs/four_arch_force_scaling_repaired_2026_08_14/four_arch_force_checkpoint_table.csv
mpnn,MPNN,256,50000,50000,839044,839044.0,True,runs_csv,86663206,checkpoint token_processed,2.33,6.99,508272558675297.4,0.0441348690756835,0.1140723673940806,0.0516099495071873,0.3294263077043771,1.1221701497293786,0.0053169845911786,1.1938935198525922,True,eval reproduces training-time f_loss/val,,9898788,9898788.0,dim-256-neutral-epoch-corrected-stats,run_9898788_params_839.0_thousand,outputs/2026-06-23/18-54-03,hydra_run_dir,866,27697,1238644,1733.26412,True,436285458090384,15325095,1782256978,/network/scratch/m/michnikr/geometric_scaling_checkpoints_corrected_stats/dim-256-neutral-epoch-corrected-stats/mpnn/run_9898788_params_839.0_thousand/dim_256_step_step=50000.ckpt,,,,dev-equivariant-scaling-laws/analysis_outputs/four_arch_force_scaling_repaired_2026_08_14/four_arch_force_checkpoint_table.csv
mpnn,MPNN,256,100000,100000,839044,839044.0,True,runs_csv,173332014,checkpoint token_processed,2.33,6.99,1016577972618766.0,0.0390018539957048,0.1048586024423119,0.0471415109298021,0.3009042642649271,1.0560156895712396,0.0048598713197424,1.097184737620544,True,eval reproduces training-time f_loss/val,,9898788,9898788.0,dim-256-neutral-epoch-corrected-stats,run_9898788_params_839.0_thousand,outputs/2026-06-23/18-54-03,hydra_run_dir,866,27697,1238644,1733.32014,True,872599118127696,15325733,1782258770,/network/scratch/m/michnikr/geometric_scaling_checkpoints_corrected_stats/dim-256-neutral-epoch-corrected-stats/mpnn/run_9898788_params_839.0_thousand/dim_256_step_step=100000.ckpt,,,,dev-equivariant-scaling-laws/analysis_outputs/four_arch_force_scaling_repaired_2026_08_14/four_arch_force_checkpoint_table.csv
mpnn,MPNN,256,150000,150000,839044,839044.0,True,runs_csv,259995645,checkpoint token_processed,2.33,6.99,1524853023884026.2,0.036136241802864,0.0995204563727968,0.0447696248094996,0.2857645151590365,1.0143045292302588,0.0045593269506746,1.040797833234715,True,eval reproduces training-time f_loss/val,,9898788,9898788.0,dim-256-neutral-epoch-corrected-stats,run_9898788_params_839.0_thousand,outputs/2026-06-23/18-54-03,hydra_run_dir,866,27697,1238644,1733.3043,True,1308886715780280,15326179,1782260630,/network/scratch/m/michnikr/geometric_scaling_checkpoints_corrected_stats/dim-256-neutral-epoch-corrected-stats/mpnn/run_9898788_params_839.0_thousand/dim_256_step_step=150000.ckpt,,,,dev-equivariant-scaling-laws/analysis_outputs/four_arch_force_scaling_repaired_2026_08_14/four_arch_force_checkpoint_table.csv
mpnn,MPNN,256,200000,200000,839044,839044.0,True,runs_csv,346647268,checkpoint token_processed,2.33,6.99,2033057649219226.5,0.0343654444839108,0.0961946502723677,0.0432660770663301,0.2761673699143852,0.9661655281487568,0.00428590673443,1.0048055700679777,True,eval reproduces training-time f_loss/val,,9898788,9898788.0,dim-256-neutral-epoch-corrected-stats,run_9898788_params_839.0_thousand,outputs/2026-06-23/18-54-03,hydra_run_dir,866,27697,1238644,1733.23634,True,1745113861990752,15326625,1782262465,/network/scratch/m/michnikr/geometric_scaling_checkpoints_corrected_stats/dim-256-neutral-epoch-corrected-stats/mpnn/run_9898788_params_839.0_thousand/dim_256_step_step=200000.ckpt,,,,dev-equivariant-scaling-laws/analysis_outputs/four_arch_force_scaling_repaired_2026_08_14/four_arch_force_checkpoint_table.csv
mpnn,MPNN,256,250000,250000,839044,839044.0,True,runs_csv,433270122,checkpoint token_processed,2.33,6.99,2541093546741142.5,0.03301589111163,0.0938252520513039,0.0422106712897095,0.269430714842216,0.9295120988445524,0.0040805736164386,0.979058256677425,True,eval reproduces training-time f_loss/val,,9898788,9898788.0,dim-256-neutral-epoch-corrected-stats,run_9898788_params_839.0_thousand,outputs/2026-06-23/18-54-03,hydra_run_dir,866,27697,1238644,1733.080488,True,2181196177460208,15327071,1782264215,/network/scratch/m/michnikr/geometric_scaling_checkpoints_corrected_stats/dim-256-neutral-epoch-corrected-stats/mpnn/run_9898788_params_839.0_thousand/dim_256_step_step=250000.ckpt,,,,dev-equivariant-scaling-laws/analysis_outputs/four_arch_force_scaling_repaired_2026_08_14/four_arch_force_checkpoint_table.csv
mpnn,MPNN,256,300000,300000,839044,839044.0,True,runs_csv,519928706,checkpoint token_processed,2.33,6.99,3049338997767477.0,0.0318471000790079,0.0920071860960325,0.0414086345988338,0.2643113146443565,0.8958037393748347,0.0039124236510438,0.959196097470764,True,eval reproduces training-time f_loss/val,,9898788,9898788.0,dim-256-neutral-epoch-corrected-stats,run_9898788_params_839.0_thousand,outputs/2026-06-23/18-54-03,hydra_run_dir,866,27697,1238644,1733.0956866666668,True,2617458367182384,15327581,1782266142,/network/scratch/m/michnikr/geometric_scaling_checkpoints_corrected_stats/dim-256-neutral-epoch-corrected-stats/mpnn/run_9898788_params_839.0_thousand/dim_256_step_step=300000.ckpt,,,,dev-equivariant-scaling-laws/analysis_outputs/four_arch_force_scaling_repaired_2026_08_14/four_arch_force_checkpoint_table.csv
mpnn,MPNN,256,350000,350000,839044,839044.0,True,runs_csv,606536446,checkpoint token_processed,2.33,6.99,3557286252925392.0,0.0309174796727681,0.0904712807473148,0.0407144727620676,0.2598804796402779,0.8703006090247879,0.0037815041237028,0.9425278487101768,True,eval reproduces training-time f_loss/val,,9898788,9898788.0,dim-256-neutral-epoch-corrected-stats,run_9898788_params_839.0_thousand,outputs/2026-06-23/18-54-03,hydra_run_dir,866,27697,1238644,1732.9612742857144,True,3053464594785744,15328027,1782267993,/network/scratch/m/michnikr/geometric_scaling_checkpoints_corrected_stats/dim-256-neutral-epoch-corrected-stats/mpnn/run_9898788_params_839.0_thousand/dim_256_step_step=350000.ckpt,,,,dev-equivariant-scaling-laws/analysis_outputs/four_arch_force_scaling_repaired_2026_08_14/four_arch_force_checkpoint_table.csv
mpnn,MPNN,256,400000,400000,839044,839044.0,True,runs_csv,693194561,checkpoint token_processed,2.33,6.99,4065528953305392.0,0.0302159560136669,0.0893292011172611,0.0402195320133046,0.2567212728409238,0.8467022790369205,0.0036806146591131,0.9300981577637436,True,eval reproduces training-time f_loss/val,,9898788,9898788.0,dim-256-neutral-epoch-corrected-stats,run_9898788_params_839.0_thousand,outputs/2026-06-23/18-54-03,hydra_run_dir,866,27697,1238644,1732.9864025,True,3489724423438104,15328473,1782269815,/network/scratch/m/michnikr/geometric_scaling_checkpoints_corrected_stats/dim-256-neutral-epoch-corrected-stats/mpnn/run_9898788_params_839.0_thousand/dim_256_step_step=400000.ckpt,,,,dev-equivariant-scaling-laws/analysis_outputs/four_arch_force_scaling_repaired_2026_08_14/four_arch_force_checkpoint_table.csv
mpnn,MPNN,256,450000,450000,839044,839044.0,True,runs_csv,779777582,checkpoint token_processed,2.33,6.99,4573331233566140.0,0.0296196989891469,0.088450325343233,0.0398442271381576,0.2543257018228601,0.8150134719133928,0.0035501412902668,0.9200046663349988,True,eval reproduces training-time f_loss/val,,9898788,9898788.0,dim-256-neutral-epoch-corrected-stats,run_9898788_params_839.0_thousand,outputs/2026-06-23/18-54-03,hydra_run_dir,866,27697,1238644,1732.839071111111,True,3925606209069648,15328919,1782271606,/network/scratch/m/michnikr/geometric_scaling_checkpoints_corrected_stats/dim-256-neutral-epoch-corrected-stats/mpnn/run_9898788_params_839.0_thousand/dim_256_step_step=450000.ckpt,,,,dev-equivariant-scaling-laws/analysis_outputs/four_arch_force_scaling_repaired_2026_08_14/four_arch_force_checkpoint_table.csv
mpnn,MPNN,256,500000,500000,839044,839044.0,True,runs_csv,866390858,checkpoint token_processed,2.33,6.99,5081310956907667.0,0.0290971539299461,0.0877882417196765,0.0395833234942444,0.2526603538637624,0.7897118923639315,0.0034426355818619,0.9123087730153848,True,eval reproduces training-time f_loss/val,,9898788,9898788.0,dim-256-neutral-epoch-corrected-stats,run_9898788_params_839.0_thousand,outputs/2026-06-23/18-54-03,hydra_run_dir,866,27697,1238644,1732.781716,True,4361640306358512,15329365,1782273401,/network/scratch/m/michnikr/geometric_scaling_checkpoints_corrected_stats/dim-256-neutral-epoch-corrected-stats/mpnn/run_9898788_params_839.0_thousand/dim_256_step_step=500000.ckpt,,,,dev-equivariant-scaling-laws/analysis_outputs/four_arch_force_scaling_repaired_2026_08_14/four_arch_force_checkpoint_table.csv
mpnn,MPNN,320,50000,50000,1294564,1294564.0,True,runs_csv,86623746,checkpoint token_processed,2.33,6.99,783858481986040.5,0.0393644862573843,0.1073791594018699,0.0487955823475564,0.3114622021244524,1.1183596200397878,0.005138301159638,1.1251746056150802,True,eval reproduces training-time f_loss/val,,9782259,9782259.0,dim-320-neutral-epoch-corrected-stats,run_9782259_params_1.3_million,outputs/2026-06-08/11-47-14,hydra_run_dir,866,27697,1238644,1732.47492,True,672839898700464,20791079,1780934921,/network/scratch/m/michnikr/geometric_scaling_checkpoints_corrected_stats/dim-320-neutral-epoch-corrected-stats/mpnn/run_9782259_params_1.3_million/dim_320_step_step=50000.ckpt,,,,dev-equivariant-scaling-laws/analysis_outputs/four_arch_force_scaling_repaired_2026_08_14/four_arch_force_checkpoint_table.csv
mpnn,MPNN,320,100000,100000,1294564,1294564.0,True,runs_csv,173190203,checkpoint token_processed,2.33,6.99,1567198555675879.0,0.0338491088007393,0.0975089511440477,0.0442981204858664,0.2827549030612853,0.9243415461607948,0.0041565922440855,1.0166554338813332,True,eval reproduces training-time f_loss/val,,9782259,9782259.0,dim-320-neutral-epoch-corrected-stats,run_9782259_params_1.3_million,outputs/2026-06-08/11-47-14,hydra_run_dir,866,27697,1238644,1731.90203,True,1345234811738952,20791717,1780936153,/network/scratch/m/michnikr/geometric_scaling_checkpoints_corrected_stats/dim-320-neutral-epoch-corrected-stats/mpnn/run_9782259_params_1.3_million/dim_320_step_step=100000.ckpt,,,,dev-equivariant-scaling-laws/analysis_outputs/four_arch_force_scaling_repaired_2026_08_14/four_arch_force_checkpoint_table.csv
mpnn,MPNN,320,150000,150000,1294564,1294564.0,True,runs_csv,259894115,checkpoint token_processed,2.33,6.99,2351782459985111.0,0.030779133091614,0.0920838368863005,0.0418243787073954,0.2669650092893054,0.8409200715068856,0.0037393668052411,0.9582320369154164,True,eval reproduces training-time f_loss/val,,9782259,9782259.0,dim-320-neutral-epoch-corrected-stats,run_9782259_params_1.3_million,outputs/2026-06-08/11-47-14,hydra_run_dir,866,27697,1238644,1732.627433333333,True,2018697390545160,20792163,1780937354,/network/scratch/m/michnikr/geometric_scaling_checkpoints_corrected_stats/dim-320-neutral-epoch-corrected-stats/mpnn/run_9782259_params_1.3_million/dim_320_step_step=150000.ckpt,,,,dev-equivariant-scaling-laws/analysis_outputs/four_arch_force_scaling_repaired_2026_08_14/four_arch_force_checkpoint_table.csv
mpnn,MPNN,320,200000,200000,1294564,1294564.0,True,runs_csv,346557210,checkpoint token_processed,2.33,6.99,3135997011165015.5,0.028804539958785,0.0885817797136155,0.0402345571648809,0.2568171783834351,0.7736416203389267,0.0034619658599568,0.9204374557357244,True,eval reproduces training-time f_loss/val,,9782259,9782259.0,dim-320-neutral-epoch-corrected-stats,run_9782259_params_1.3_million,outputs/2026-06-08/11-47-14,hydra_run_dir,866,27697,1238644,1732.78605,True,2691842928038640,20792609,1780938555,/network/scratch/m/michnikr/geometric_scaling_checkpoints_corrected_stats/dim-320-neutral-epoch-corrected-stats/mpnn/run_9782259_params_1.3_million/dim_320_step_step=200000.ckpt,,,,dev-equivariant-scaling-laws/analysis_outputs/four_arch_force_scaling_repaired_2026_08_14/four_arch_force_checkpoint_table.csv
mpnn,MPNN,320,250000,250000,1294564,1294564.0,True,runs_csv,433181785,checkpoint token_processed,2.33,6.99,3919862994774013.0,0.0274939477265173,0.0862467306521968,0.0391216824269401,0.2497136989311588,0.7398147229922561,0.003306455513372,0.8955318616556894,True,eval reproduces training-time f_loss/val,,9782259,9782259.0,dim-320-neutral-epoch-corrected-stats,run_9782259_params_1.3_million,outputs/2026-06-08/11-47-14,hydra_run_dir,866,27697,1238644,1732.72714,True,3364689265900440,20793055,1780939775,/network/scratch/m/michnikr/geometric_scaling_checkpoints_corrected_stats/dim-320-neutral-epoch-corrected-stats/mpnn/run_9782259_params_1.3_million/dim_320_step_step=250000.ckpt,,,,dev-equivariant-scaling-laws/analysis_outputs/four_arch_force_scaling_repaired_2026_08_14/four_arch_force_checkpoint_table.csv
mpnn,MPNN,320,300000,300000,1294564,1294564.0,True,runs_csv,519747688,checkpoint token_processed,2.33,6.99,4703198055316543.0,0.0265439242817134,0.0846112517566865,0.0383430061441315,0.2447434082179917,0.7204998003417845,0.003215822889405,0.8782707464609157,True,eval reproduces training-time f_loss/val,,9782259,9782259.0,dim-320-neutral-epoch-corrected-stats,run_9782259_params_1.3_million,outputs/2026-06-08/11-47-14,hydra_run_dir,866,27697,1238644,1732.4922933333332,True,4037079875808192,20793501,1780940995,/network/scratch/m/michnikr/geometric_scaling_checkpoints_corrected_stats/dim-320-neutral-epoch-corrected-stats/mpnn/run_9782259_params_1.3_million/dim_320_step_step=300000.ckpt,,,,dev-equivariant-scaling-laws/analysis_outputs/four_arch_force_scaling_repaired_2026_08_14/four_arch_force_checkpoint_table.csv
mpnn,MPNN,320,350000,350000,1294564,1294564.0,True,runs_csv,606423303,checkpoint token_processed,2.33,6.99,5487525900005995.0,0.0257205388828139,0.0832698684891225,0.0377303677398419,0.2408329372834113,0.7126985805552221,0.0031726533330882,0.8644252182221079,True,eval reproduces training-time f_loss/val,,9782259,9782259.0,dim-320-neutral-epoch-corrected-stats,run_9782259_params_1.3_million,outputs/2026-06-08/11-47-14,hydra_run_dir,866,27697,1238644,1732.6380085714286,True,4710322660949352,20793947,1780942192,/network/scratch/m/michnikr/geometric_scaling_checkpoints_corrected_stats/dim-320-neutral-epoch-corrected-stats/mpnn/run_9782259_params_1.3_million/dim_320_step_step=350000.ckpt,,,,dev-equivariant-scaling-laws/analysis_outputs/four_arch_force_scaling_repaired_2026_08_14/four_arch_force_checkpoint_table.csv
mpnn,MPNN,320,400000,400000,1294564,1294564.0,True,runs_csv,693038242,checkpoint token_processed,2.33,6.99,6271304687428251.0,0.0250481813667475,0.0821114388739746,0.0372076213384266,0.2374962470031775,0.6963305775480513,0.0031049698080402,0.852164086820149,True,eval reproduces training-time f_loss/val,,9782259,9782259.0,dim-320-neutral-epoch-corrected-stats,run_9782259_params_1.3_million,outputs/2026-06-08/11-47-14,hydra_run_dir,866,27697,1238644,1732.595605,True,5383094152298928,20794393,1780943416,/network/scratch/m/michnikr/geometric_scaling_checkpoints_corrected_stats/dim-320-neutral-epoch-corrected-stats/mpnn/run_9782259_params_1.3_million/dim_320_step_step=400000.ckpt,,,,dev-equivariant-scaling-laws/analysis_outputs/four_arch_force_scaling_repaired_2026_08_14/four_arch_force_checkpoint_table.csv
mpnn,MPNN,320,450000,450000,1294564,1294564.0,True,runs_csv,779690593,checkpoint token_processed,2.33,6.99,7055422016126799.0,0.0245014468012227,0.0811484361639543,0.0367654567866047,0.2346739106688984,0.6891053546796495,0.003064905498693,0.8421334166264732,True,eval reproduces training-time f_loss/val,,9782259,9782259.0,dim-320-neutral-epoch-corrected-stats,run_9782259_params_1.3_million,outputs/2026-06-08/11-47-14,hydra_run_dir,866,27697,1238644,1732.6457622222222,True,6056156237018712,20794839,1780944632,/network/scratch/m/michnikr/geometric_scaling_checkpoints_corrected_stats/dim-320-neutral-epoch-corrected-stats/mpnn/run_9782259_params_1.3_million/dim_320_step_step=450000.ckpt,,,,dev-equivariant-scaling-laws/analysis_outputs/four_arch_force_scaling_repaired_2026_08_14/four_arch_force_checkpoint_table.csv
mpnn,MPNN,320,500000,500000,1294564,1294564.0,True,runs_csv,866325498,checkpoint token_processed,2.33,6.99,7839381475930174.0,0.0239884245051307,0.0803157232452278,0.036387163787721,0.2322592664570235,0.6819103893245341,0.0030201440502289,0.8333586729545679,True,eval reproduces training-time f_loss/val,,9782259,9782259.0,dim-320-neutral-epoch-corrected-stats,run_9782259_params_1.3_million,outputs/2026-06-08/11-47-14,hydra_run_dir,866,27697,1238644,1732.650996,True,6729082811957232,20795285,1780945858,/network/scratch/m/michnikr/geometric_scaling_checkpoints_corrected_stats/dim-320-neutral-epoch-corrected-stats/mpnn/run_9782259_params_1.3_million/dim_320_step_step=500000.ckpt,,,,dev-equivariant-scaling-laws/analysis_outputs/four_arch_force_scaling_repaired_2026_08_14/four_arch_force_checkpoint_table.csv
mpnn,MPNN,375,50000,50000,1764633,1764633.0,True,backfilled_from_slurm_log,86663206,checkpoint token_processed,2.33,6.99,1068971984821852.0,0.039046327101699,0.1047159640535746,0.0476170020018314,0.3039393237776899,1.1210858723445525,0.0051255645313758,1.0984152858495049,True,eval reproduces training-time f_loss/val,,10325224,10325224.0,dim-375-neutral-epoch-corrected-stats,run_10325224_params_1.8_million,outputs/2026-08-09/17-09-55,hydra_run_dir,866,27697,1238644,1733.26412,True,917572519160388,26442595,1786311249,/network/scratch/m/michnikr/geometric_scaling_checkpoints_corrected_stats/dim-375-neutral-epoch-corrected-stats/mpnn/run_10325224_params_1.8_million/dim_375_step_step=50000.ckpt,,,,dev-equivariant-scaling-laws/analysis_outputs/four_arch_force_scaling_repaired_2026_08_14/four_arch_force_checkpoint_table.csv
mpnn,MPNN,375,100000,100000,1764633,1764633.0,True,backfilled_from_slurm_log,173332014,checkpoint token_processed,2.33,6.99,2138013069107424.8,0.0333133027652239,0.0948013291365142,0.0428830965166208,0.2737228050655911,0.912917554309682,0.0040758523581104,0.9887718149462466,True,eval reproduces training-time f_loss/val,,10325224,10325224.0,dim-375-neutral-epoch-corrected-stats,run_10325224_params_1.8_million,outputs/2026-08-09/17-09-55,hydra_run_dir,866,27697,1238644,1733.32014,True,1835204351165172,26443233,1786312684,/network/scratch/m/michnikr/geometric_scaling_checkpoints_corrected_stats/dim-375-neutral-epoch-corrected-stats/mpnn/run_10325224_params_1.8_million/dim_375_step_step=100000.ckpt,,,,dev-equivariant-scaling-laws/analysis_outputs/four_arch_force_scaling_repaired_2026_08_14/four_arch_force_checkpoint_table.csv
mpnn,MPNN,375,150000,150000,1764633,1764633.0,True,backfilled_from_slurm_log,259995645,checkpoint token_processed,2.33,6.99,3206990296212762.0,0.0301541157774455,0.0895556664614837,0.040459752654256,0.2582546011921164,0.8575558295563792,0.0037876126390298,0.933432791005136,True,eval reproduces training-time f_loss/val,,10325224,10325224.0,dim-375-neutral-epoch-corrected-stats,run_10325224_params_1.8_million,outputs/2026-08-09/17-09-55,hydra_run_dir,866,27697,1238644,1733.3043,True,2752781370139710,26443743,1786314125,/network/scratch/m/michnikr/geometric_scaling_checkpoints_corrected_stats/dim-375-neutral-epoch-corrected-stats/mpnn/run_10325224_params_1.8_million/dim_375_step_step=150000.ckpt,,,,dev-equivariant-scaling-laws/analysis_outputs/four_arch_force_scaling_repaired_2026_08_14/four_arch_force_checkpoint_table.csv
mpnn,MPNN,375,200000,200000,1764633,1764633.0,True,backfilled_from_slurm_log,346647268,checkpoint token_processed,2.33,6.99,4275819407223781.5,0.027794642176578,0.0859613981717384,0.0388554643010285,0.2480144286334652,0.82094314990363,0.0035804674155982,0.8954186558733666,True,eval reproduces training-time f_loss/val,,10325224,10325224.0,dim-375-neutral-epoch-corrected-stats,run_10325224_params_1.8_million,outputs/2026-08-09/17-09-55,hydra_run_dir,866,27697,1238644,1733.23634,True,3670231250835864,26444189,1786315639,/network/scratch/m/michnikr/geometric_scaling_checkpoints_corrected_stats/dim-375-neutral-epoch-corrected-stats/mpnn/run_10325224_params_1.8_million/dim_375_step_step=200000.ckpt,,,,dev-equivariant-scaling-laws/analysis_outputs/four_arch_force_scaling_repaired_2026_08_14/four_arch_force_checkpoint_table.csv
mpnn,MPNN,375,250000,250000,1764633,1764633.0,True,backfilled_from_slurm_log,433270122,checkpoint token_processed,2.33,6.99,5344293658814630.0,0.0261792186212104,0.0834442665305754,0.0377399088772715,0.2408938383636243,0.781158586503727,0.003398467800053,0.8684273433062845,True,eval reproduces training-time f_loss/val,,10325224,10325224.0,dim-375-neutral-epoch-corrected-stats,run_10325224_params_1.8_million,outputs/2026-08-09/17-09-55,hydra_run_dir,866,27697,1238644,1733.080488,True,4587376531171356,26444635,1786317155,/network/scratch/m/michnikr/geometric_scaling_checkpoints_corrected_stats/dim-375-neutral-epoch-corrected-stats/mpnn/run_10325224_params_1.8_million/dim_375_step_step=250000.ckpt,,,,dev-equivariant-scaling-laws/analysis_outputs/four_arch_force_scaling_repaired_2026_08_14/four_arch_force_checkpoint_table.csv
mpnn,MPNN,375,300000,300000,1764633,1764633.0,True,backfilled_from_slurm_log,519928706,checkpoint token_processed,2.33,6.99,6413208632261737.0,0.024986651903513,0.0815162110135957,0.0369047066905936,0.2355627428060591,0.7481640971353919,0.0032795572796713,0.8479576829326712,True,eval reproduces training-time f_loss/val,,10325224,10325224.0,dim-375-neutral-epoch-corrected-stats,run_10325224_params_1.8_million,outputs/2026-08-09/17-09-55,hydra_run_dir,866,27697,1238644,1733.0956866666668,True,5504900113529388,26445081,1786318610,/network/scratch/m/michnikr/geometric_scaling_checkpoints_corrected_stats/dim-375-neutral-epoch-corrected-stats/mpnn/run_10325224_params_1.8_million/dim_375_step_step=300000.ckpt,,,,dev-equivariant-scaling-laws/analysis_outputs/four_arch_force_scaling_repaired_2026_08_14/four_arch_force_checkpoint_table.csv
mpnn,MPNN,375,350000,350000,1764633,1764633.0,True,backfilled_from_slurm_log,606536446,checkpoint token_processed,2.33,6.99,7481496455917083.0,0.0240164207951671,0.0800172958789741,0.0362506507918207,0.2313879040041916,0.7253677695301334,0.0031811770622502,0.831984729412244,True,eval reproduces training-time f_loss/val,,10325224,10325224.0,dim-375-neutral-epoch-corrected-stats,run_10325224_params_1.8_million,outputs/2026-08-09/17-09-55,hydra_run_dir,866,27697,1238644,1732.9612742857144,True,6421885369885908,26445527,1786320052,/network/scratch/m/michnikr/geometric_scaling_checkpoints_corrected_stats/dim-375-neutral-epoch-corrected-stats/mpnn/run_10325224_params_1.8_million/dim_375_step_step=350000.ckpt,,,,dev-equivariant-scaling-laws/analysis_outputs/four_arch_force_scaling_repaired_2026_08_14/four_arch_force_checkpoint_table.csv
mpnn,MPNN,375,400000,400000,1764633,1764633.0,True,backfilled_from_slurm_log,693194561,checkpoint token_processed,2.33,6.99,8550405644350179.0,0.0232715822888568,0.0788267458601925,0.0357380564220737,0.228116014142097,0.70986656214844,0.0031142124601566,0.8194095832034924,True,eval reproduces training-time f_loss/val,,10325224,10325224.0,dim-375-neutral-epoch-corrected-stats,run_10325224_params_1.8_million,outputs/2026-08-09/17-09-55,hydra_run_dir,866,27697,1238644,1732.9864025,True,7339403986566678,26445973,1786321519,/network/scratch/m/michnikr/geometric_scaling_checkpoints_corrected_stats/dim-375-neutral-epoch-corrected-stats/mpnn/run_10325224_params_1.8_million/dim_375_step_step=400000.ckpt,,,,dev-equivariant-scaling-laws/analysis_outputs/four_arch_force_scaling_repaired_2026_08_14/four_arch_force_checkpoint_table.csv
mpnn,MPNN,375,450000,450000,1764633,1764633.0,True,backfilled_from_slurm_log,779777582,checkpoint token_processed,2.33,6.99,9618388564463268.0,0.0226330588900808,0.0778105594863035,0.0352942348524835,0.2252831010634023,0.6923830210130154,0.0030398705537865,0.8085043004009008,True,eval reproduces training-time f_loss/val,,10325224,10325224.0,dim-375-neutral-epoch-corrected-stats,run_10325224_params_1.8_million,outputs/2026-08-09/17-09-55,hydra_run_dir,866,27697,1238644,1732.839071111111,True,8256127523144436,26446419,1786323001,/network/scratch/m/michnikr/geometric_scaling_checkpoints_corrected_stats/dim-375-neutral-epoch-corrected-stats/mpnn/run_10325224_params_1.8_million/dim_375_step_step=450000.ckpt,,,,dev-equivariant-scaling-laws/analysis_outputs/four_arch_force_scaling_repaired_2026_08_14/four_arch_force_checkpoint_table.csv
mpnn,MPNN,375,500000,500000,1764633,1764633.0,True,backfilled_from_slurm_log,866390858,checkpoint token_processed,2.33,6.99,1.0686744673486546e+16,0.0221035827965396,0.0769650109249917,0.0349207938497195,0.2228994271427599,0.6755699832637646,0.0029531170288208,0.7991812795381261,True,eval reproduces training-time f_loss/val,,10325224,10325224.0,dim-375-neutral-epoch-corrected-stats,run_10325224_params_1.8_million,outputs/2026-08-09/17-09-55,hydra_run_dir,866,27697,1238644,1732.781716,True,9173171393550684,26446865,1786324471,/network/scratch/m/michnikr/geometric_scaling_checkpoints_corrected_stats/dim-375-neutral-epoch-corrected-stats/mpnn/run_10325224_params_1.8_million/dim_375_step_step=500000.ckpt,,,,dev-equivariant-scaling-laws/analysis_outputs/four_arch_force_scaling_repaired_2026_08_14/four_arch_force_checkpoint_table.csv
mpnn,MPNN,441,50000,50000,2424468,2424468.0,True,runs_csv,86584771,checkpoint token_processed,2.33,6.99,1467354825972027.8,0.0362817157117981,0.1017912636934747,0.0463955115190598,0.2961425500261591,1.1344557884934316,0.004983422403142,1.0677468609661682,True,eval reproduces training-time f_loss/val,,9782260,9782260.0,dim-441-neutral-epoch-corrected-stats,run_9782260_params_2.4_million,outputs/2026-06-08/syn-dim-441,hydra_run_dir,866,27697,1238644,1731.69542,True,1259532039460968,34346023,1780935044,/network/scratch/m/michnikr/geometric_scaling_checkpoints_corrected_stats/dim-441-neutral-epoch-corrected-stats/mpnn/run_9782260_params_2.4_million/dim_441_step_step=50000.ckpt,,,,dev-equivariant-scaling-laws/analysis_outputs/four_arch_force_scaling_repaired_2026_08_14/four_arch_force_checkpoint_table.csv
mpnn,MPNN,441,100000,100000,2424468,2424468.0,True,runs_csv,173257750,checkpoint token_processed,2.33,6.99,2936204515682730.0,0.0295278221566668,0.0903840541073893,0.0410260013920267,0.2618689668853068,0.9017297503716952,0.0039251587624117,0.9430921286980108,True,eval reproduces training-time f_loss/val,,9782260,9782260.0,dim-441-neutral-epoch-corrected-stats,run_9782260_params_2.4_million,outputs/2026-06-08/syn-dim-441,hydra_run_dir,866,27697,1238644,1732.5775,True,2520347223762000,34346725,1780936388,/network/scratch/m/michnikr/geometric_scaling_checkpoints_corrected_stats/dim-441-neutral-epoch-corrected-stats/mpnn/run_9782260_params_2.4_million/dim_441_step_step=100000.ckpt,,,,dev-equivariant-scaling-laws/analysis_outputs/four_arch_force_scaling_repaired_2026_08_14/four_arch_force_checkpoint_table.csv
mpnn,MPNN,441,150000,150000,2424468,2424468.0,True,runs_csv,259858805,checkpoint token_processed,2.33,6.99,4403835307112773.0,0.0262668575208599,0.0846362737487081,0.0384243283560819,0.2452624878968708,0.8077665439378857,0.0035271902374254,0.8816346398613353,True,eval reproduces training-time f_loss/val,,9782260,9782260.0,dim-441-neutral-epoch-corrected-stats,run_9782260_params_2.4_million,outputs/2026-06-08/syn-dim-441,hydra_run_dir,866,27697,1238644,1732.3920333333333,True,3780116143444440,34347171,1780937686,/network/scratch/m/michnikr/geometric_scaling_checkpoints_corrected_stats/dim-441-neutral-epoch-corrected-stats/mpnn/run_9782260_params_2.4_million/dim_441_step_step=150000.ckpt,,,,dev-equivariant-scaling-laws/analysis_outputs/four_arch_force_scaling_repaired_2026_08_14/four_arch_force_checkpoint_table.csv
mpnn,MPNN,441,200000,200000,2424468,2424468.0,True,runs_csv,346431695,checkpoint token_processed,2.33,6.99,5870988785405688.0,0.0242334070720862,0.0812089840599763,0.0369067635992481,0.2355758720540009,0.746876897905495,0.003237407790028,0.8444639185000442,True,eval reproduces training-time f_loss/val,,9782260,9782260.0,dim-441-neutral-epoch-corrected-stats,run_9782260_params_2.4_million,outputs/2026-06-08/syn-dim-441,hydra_run_dir,866,27697,1238644,1732.158475,True,5039475352279560,34347617,1780939052,/network/scratch/m/michnikr/geometric_scaling_checkpoints_corrected_stats/dim-441-neutral-epoch-corrected-stats/mpnn/run_9782260_params_2.4_million/dim_441_step_step=200000.ckpt,,,,dev-equivariant-scaling-laws/analysis_outputs/four_arch_force_scaling_repaired_2026_08_14/four_arch_force_checkpoint_table.csv
mpnn,MPNN,441,250000,250000,2424468,2424468.0,True,runs_csv,433101100,checkpoint token_processed,2.33,6.99,7339777906426451.0,0.0227722121283248,0.0788092265081942,0.0358330496122182,0.2287223556747888,0.6934583096939202,0.0029954719464735,0.8180469845466779,True,eval reproduces training-time f_loss/val,,9782260,9782260.0,dim-441-neutral-epoch-corrected-stats,run_9782260_params_2.4_million,outputs/2026-06-08/syn-dim-441,hydra_run_dir,866,27697,1238644,1732.4044,True,6300238546288800,34348063,1780940443,/network/scratch/m/michnikr/geometric_scaling_checkpoints_corrected_stats/dim-441-neutral-epoch-corrected-stats/mpnn/run_9782260_params_2.4_million/dim_441_step_step=250000.ckpt,,,,dev-equivariant-scaling-laws/analysis_outputs/four_arch_force_scaling_repaired_2026_08_14/four_arch_force_checkpoint_table.csv
mpnn,MPNN,441,300000,300000,2424468,2424468.0,True,runs_csv,519684499,checkpoint token_processed,2.33,6.99,8807109481071509.0,0.0217333517126592,0.0769848288585352,0.0350108954137276,0.2234745454258236,0.663554512291252,0.0028715971454023,0.7985642600393754,True,eval reproduces training-time f_loss/val,,9782260,9782260.0,dim-441-neutral-epoch-corrected-stats,run_9782260_params_2.4_million,outputs/2026-06-08/syn-dim-441,hydra_run_dir,866,27697,1238644,1732.2816633333334,True,7559750627529192,34348509,1780941802,/network/scratch/m/michnikr/geometric_scaling_checkpoints_corrected_stats/dim-441-neutral-epoch-corrected-stats/mpnn/run_9782260_params_2.4_million/dim_441_step_step=300000.ckpt,,,,dev-equivariant-scaling-laws/analysis_outputs/four_arch_force_scaling_repaired_2026_08_14/four_arch_force_checkpoint_table.csv
mpnn,MPNN,441,350000,350000,2424468,2424468.0,True,runs_csv,606337119,checkpoint token_processed,2.33,6.99,1.0275614146171568e+16,0.0208322856065496,0.0755107822950593,0.0343383452286646,0.2191816575945662,0.6540062795059786,0.0028210429900312,0.7833182528509068,True,eval reproduces training-time f_loss/val,,9782260,9782260.0,dim-441-neutral-epoch-corrected-stats,run_9782260_params_2.4_million,outputs/2026-06-08/syn-dim-441,hydra_run_dir,866,27697,1238644,1732.3917685714289,True,8820269653366152,34348955,1780943177,/network/scratch/m/michnikr/geometric_scaling_checkpoints_corrected_stats/dim-441-neutral-epoch-corrected-stats/mpnn/run_9782260_params_2.4_million/dim_441_step_step=350000.ckpt,,,,dev-equivariant-scaling-laws/analysis_outputs/four_arch_force_scaling_repaired_2026_08_14/four_arch_force_checkpoint_table.csv
mpnn,MPNN,441,400000,400000,2424468,2424468.0,True,runs_csv,693031295,checkpoint token_processed,2.33,6.99,1.174482306210516e+16,0.0201559977349986,0.0742930031659008,0.0337840384509038,0.2156435174321192,0.6405312586188592,0.002754220298215,0.7704722346411588,True,eval reproduces training-time f_loss/val,,9782260,9782260.0,dim-441-neutral-epoch-corrected-stats,run_9782260_params_2.4_million,outputs/2026-06-08/syn-dim-441,hydra_run_dir,866,27697,1238644,1732.5782375,True,10081393186356360,34349401,1780944550,/network/scratch/m/michnikr/geometric_scaling_checkpoints_corrected_stats/dim-441-neutral-epoch-corrected-stats/mpnn/run_9782260_params_2.4_million/dim_441_step_step=400000.ckpt,,,,dev-equivariant-scaling-laws/analysis_outputs/four_arch_force_scaling_repaired_2026_08_14/four_arch_force_checkpoint_table.csv
mpnn,MPNN,441,450000,450000,2424468,2424468.0,True,runs_csv,779712608,checkpoint token_processed,2.33,6.99,1.3213813988374882e+16,0.0195980134460963,0.0732857261205793,0.0333337024894319,0.2127690229900439,0.62168370300848,0.0026782657062542,0.7596399182683355,True,eval reproduces training-time f_loss/val,,9782260,9782260.0,dim-441-neutral-epoch-corrected-stats,run_9782260_params_2.4_million,outputs/2026-06-08/syn-dim-441,hydra_run_dir,866,27697,1238644,1732.6946844444444,True,11342329603755264,34349847,1780945932,/network/scratch/m/michnikr/geometric_scaling_checkpoints_corrected_stats/dim-441-neutral-epoch-corrected-stats/mpnn/run_9782260_params_2.4_million/dim_441_step_step=450000.ckpt,,,,dev-equivariant-scaling-laws/analysis_outputs/four_arch_force_scaling_repaired_2026_08_14/four_arch_force_checkpoint_table.csv
mpnn,MPNN,441,500000,500000,2424468,2424468.0,True,runs_csv,866320207,checkpoint token_processed,2.33,6.99,1.4681555681177884e+16,0.019121253566696,0.0724272774295842,0.0329534485689693,0.2103418622157314,0.6031522844459939,0.0026064363158228,0.750337137454071,True,eval reproduces training-time f_loss/val,,9782260,9782260.0,dim-441-neutral-epoch-corrected-stats,run_9782260_params_2.4_million,outputs/2026-06-08/syn-dim-441,hydra_run_dir,866,27697,1238644,1732.640414,True,12602193717749256,34350293,1780947301,/network/scratch/m/michnikr/geometric_scaling_checkpoints_corrected_stats/dim-441-neutral-epoch-corrected-stats/mpnn/run_9782260_params_2.4_million/dim_441_step_step=500000.ckpt,,,,dev-equivariant-scaling-laws/analysis_outputs/four_arch_force_scaling_repaired_2026_08_14/four_arch_force_checkpoint_table.csv
mpnn,MPNN,512,50000,50000,3250948,3250948.0,True,runs_csv,86665874,checkpoint token_processed,2.33,6.99,1969406285742378.5,0.0346589060575544,0.0973596511447402,0.0440917374793847,0.2814375603309129,1.0104629312734406,0.0047448818483411,1.0210453299308135,True,eval reproduces training-time f_loss/val,,9653898,9653898.0,dim-512-neutral-epoch-corrected-stats,run_9653898_params_3.3_million,outputs/2026-05-26/09-57-41,hydra_run_dir,866,27697,1238644,1733.31748,True,1690477498491312,44267879,1779805339,/network/scratch/m/michnikr/geometric_scaling_checkpoints_corrected_stats/dim-512-neutral-epoch-corrected-stats/mpnn/run_9653898_params_3.3_million/dim_512_step_step=50000.ckpt,,,,dev-equivariant-scaling-laws/analysis_outputs/four_arch_force_scaling_repaired_2026_08_14/four_arch_force_checkpoint_table.csv
mpnn,MPNN,512,100000,100000,3250948,3250948.0,True,runs_csv,173239594,checkpoint token_processed,2.33,6.99,3936718452329433.0,0.0287935368869427,0.0861263920017464,0.0389986102203273,0.2489281290363494,0.8061653164669218,0.0037649949499315,0.8989138695167799,True,eval reproduces training-time f_loss/val,,9653898,9653898.0,dim-512-neutral-epoch-corrected-stats,run_9653898_params_3.3_million,outputs/2026-05-26/09-57-41,hydra_run_dir,866,27697,1238644,1732.39594,True,3379157469810672,44268517,1779806786,/network/scratch/m/michnikr/geometric_scaling_checkpoints_corrected_stats/dim-512-neutral-epoch-corrected-stats/mpnn/run_9653898_params_3.3_million/dim_512_step_step=100000.ckpt,,,,dev-equivariant-scaling-laws/analysis_outputs/four_arch_force_scaling_repaired_2026_08_14/four_arch_force_checkpoint_table.csv
mpnn,MPNN,512,150000,150000,3250948,3250948.0,True,runs_csv,259838443,checkpoint token_processed,2.33,6.99,5904601653491808.0,0.0254600787278281,0.0809276855397995,0.0366742515424053,0.2340917475951736,0.726464047029993,0.0033107401853412,0.8423842572514074,True,eval reproduces training-time f_loss/val,,9653898,9653898.0,dim-512-neutral-epoch-corrected-stats,run_9653898_params_3.3_million,outputs/2026-05-26/09-57-41,hydra_run_dir,866,27697,1238644,1732.2562866666667,True,5068327599563784,44268963,1779808250,/network/scratch/m/michnikr/geometric_scaling_checkpoints_corrected_stats/dim-512-neutral-epoch-corrected-stats/mpnn/run_9653898_params_3.3_million/dim_512_step_step=150000.ckpt,,,,dev-equivariant-scaling-laws/analysis_outputs/four_arch_force_scaling_repaired_2026_08_14/four_arch_force_checkpoint_table.csv
mpnn,MPNN,512,200000,200000,3250948,3250948.0,True,runs_csv,346500531,checkpoint token_processed,2.33,6.99,7873921905691182.0,0.0234047662865749,0.0776137098171006,0.0352026084911718,0.2246982499991498,0.6734786898104203,0.0030581096277838,0.806718194448845,True,eval reproduces training-time f_loss/val,,9653898,9653898.0,dim-512-neutral-epoch-corrected-stats,run_9653898_params_3.3_million,outputs/2026-05-26/09-57-41,hydra_run_dir,866,27697,1238644,1732.502655,True,6758731249520328,44269409,1779809675,/network/scratch/m/michnikr/geometric_scaling_checkpoints_corrected_stats/dim-512-neutral-epoch-corrected-stats/mpnn/run_9653898_params_3.3_million/dim_512_step_step=200000.ckpt,,,,dev-equivariant-scaling-laws/analysis_outputs/four_arch_force_scaling_repaired_2026_08_14/four_arch_force_checkpoint_table.csv
mpnn,MPNN,512,250000,250000,3250948,3250948.0,True,runs_csv,433144723,checkpoint token_processed,2.33,6.99,9842835486922354.0,0.0219351219977994,0.0752123159896281,0.0341571174621356,0.2180248807608117,0.6332225424794622,0.0028551988906977,0.7806751488032591,True,eval reproduces training-time f_loss/val,,9653898,9653898.0,dim-512-neutral-epoch-corrected-stats,run_9653898_params_3.3_million,outputs/2026-05-26/09-57-41,hydra_run_dir,866,27697,1238644,1732.578892,True,8448785825684424,44269855,1779811121,/network/scratch/m/michnikr/geometric_scaling_checkpoints_corrected_stats/dim-512-neutral-epoch-corrected-stats/mpnn/run_9653898_params_3.3_million/dim_512_step_step=250000.ckpt,,,,dev-equivariant-scaling-laws/analysis_outputs/four_arch_force_scaling_repaired_2026_08_14/four_arch_force_checkpoint_table.csv
mpnn,MPNN,512,300000,300000,3250948,3250948.0,True,runs_csv,519746927,checkpoint token_processed,2.33,6.99,1.1810794927529204e+16,0.0208031886147537,0.0734133673853329,0.0333888875638128,0.2131212693198173,0.6054205605050432,0.0026960601116311,0.7610942749696403,True,eval reproduces training-time f_loss/val,,9653898,9653898.0,dim-512-neutral-epoch-corrected-stats,run_9653898_params_3.3_million,outputs/2026-05-26/09-57-41,hydra_run_dir,866,27697,1238644,1732.4897566666666,True,10138021397020776,44270301,1779812584,/network/scratch/m/michnikr/geometric_scaling_checkpoints_corrected_stats/dim-512-neutral-epoch-corrected-stats/mpnn/run_9653898_params_3.3_million/dim_512_step_step=300000.ckpt,,,,dev-equivariant-scaling-laws/analysis_outputs/four_arch_force_scaling_repaired_2026_08_14/four_arch_force_checkpoint_table.csv
mpnn,MPNN,512,350000,350000,3250948,3250948.0,True,runs_csv,606385199,checkpoint token_processed,2.33,6.99,1.3779573981931378e+16,0.0199403433612059,0.0719559437683493,0.0327351779296476,0.2089486407249408,0.5923608891132522,0.0026217555173126,0.7457769928566195,True,eval reproduces training-time f_loss/val,,9653898,9653898.0,dim-512-neutral-epoch-corrected-stats,run_9653898_params_3.3_million,outputs/2026-05-26/09-57-41,hydra_run_dir,866,27697,1238644,1732.52914,True,11827960499511912,44270747,1779814015,/network/scratch/m/michnikr/geometric_scaling_checkpoints_corrected_stats/dim-512-neutral-epoch-corrected-stats/mpnn/run_9653898_params_3.3_million/dim_512_step_step=350000.ckpt,,,,dev-equivariant-scaling-laws/analysis_outputs/four_arch_force_scaling_repaired_2026_08_14/four_arch_force_checkpoint_table.csv
mpnn,MPNN,512,400000,400000,3250948,3250948.0,True,runs_csv,693033770,checkpoint token_processed,2.33,6.99,1.574858707211258e+16,0.0192388206656901,0.0706971007943428,0.0321785813154579,0.205395884536568,0.587886224993382,0.00259206885758,0.7328916965192291,True,eval reproduces training-time f_loss/val,,9653898,9653898.0,dim-512-neutral-epoch-corrected-stats,run_9653898_params_3.3_million,outputs/2026-05-26/09-57-41,hydra_run_dir,866,27697,1238644,1732.584425,True,13518100491083760,44271193,1779815456,/network/scratch/m/michnikr/geometric_scaling_checkpoints_corrected_stats/dim-512-neutral-epoch-corrected-stats/mpnn/run_9653898_params_3.3_million/dim_512_step_step=400000.ckpt,,,,dev-equivariant-scaling-laws/analysis_outputs/four_arch_force_scaling_repaired_2026_08_14/four_arch_force_checkpoint_table.csv
mpnn,MPNN,512,450000,450000,3250948,3250948.0,True,runs_csv,779684959,checkpoint token_processed,2.33,6.99,1.7717659654057012e+16,0.0186460526755798,0.0695986058907131,0.0317015868448783,0.2023512288308584,0.5803580507119864,0.0025549171193756,0.7215352301008883,True,eval reproduces training-time f_loss/val,,9653898,9653898.0,dim-512-neutral-epoch-corrected-stats,run_9653898_params_3.3_million,outputs/2026-05-26/09-57-41,hydra_run_dir,866,27697,1238644,1732.6332422222222,True,15208291548546792,44271639,1779816912,/network/scratch/m/michnikr/geometric_scaling_checkpoints_corrected_stats/dim-512-neutral-epoch-corrected-stats/mpnn/run_9653898_params_3.3_million/dim_512_step_step=450000.ckpt,,,,dev-equivariant-scaling-laws/analysis_outputs/four_arch_force_scaling_repaired_2026_08_14/four_arch_force_checkpoint_table.csv
mpnn,MPNN,512,500000,500000,3250948,3250948.0,True,runs_csv,866343427,checkpoint token_processed,2.33,6.99,1.9686897644918384e+16,0.0181301664743856,0.0686977907077476,0.0313163546087976,0.1998922914679551,0.5705280077856628,0.00250814184326,0.7120593255100768,True,eval reproduces training-time f_loss/val,,9653898,9653898.0,dim-512-neutral-epoch-corrected-stats,run_9653898_params_3.3_million,outputs/2026-05-26/09-57-41,hydra_run_dir,866,27697,1238644,1732.686854,True,16898624587912776,44272085,1779818378,/network/scratch/m/michnikr/geometric_scaling_checkpoints_corrected_stats/dim-512-neutral-epoch-corrected-stats/mpnn/run_9653898_params_3.3_million/dim_512_step_step=500000.ckpt,,,,dev-equivariant-scaling-laws/analysis_outputs/four_arch_force_scaling_repaired_2026_08_14/four_arch_force_checkpoint_table.csv
mpnn,MPNN,607,50000,50000,4546197,4546197.0,True,runs_csv,86679490,checkpoint token_processed,2.33,6.99,2754493641422715.0,0.0336017591543237,0.094951433600647,0.0430487250772645,0.2747800121681795,1.0347325788772133,0.0046314971102616,0.9958293071090876,True,eval reproduces training-time f_loss/val,,9782261,9782261.0,dim-607-neutral-epoch-corrected-stats,run_9782261_params_4.5_million,outputs/2026-06-08/11-47-15,hydra_run_dir,866,27697,1238644,1733.5898,True,2364372224397180,59804711,1780935171,/network/scratch/m/michnikr/geometric_scaling_checkpoints_corrected_stats/dim-607-neutral-epoch-corrected-stats/mpnn/run_9782261_params_4.5_million/dim_607_step_step=50000.ckpt,,,,dev-equivariant-scaling-laws/analysis_outputs/four_arch_force_scaling_repaired_2026_08_14/four_arch_force_checkpoint_table.csv
mpnn,MPNN,607,100000,100000,4546197,4546197.0,True,runs_csv,173325634,checkpoint token_processed,2.33,6.99,5507927616424147.0,0.0258736110095571,0.0825871396938868,0.0376045338459343,0.2400297395385991,0.7925401979381989,0.0034147662064383,0.8600190590032513,True,eval reproduces training-time f_loss/val,,9782261,9782261.0,dim-607-neutral-epoch-corrected-stats,run_9782261_params_4.5_million,outputs/2026-06-08/11-47-15,hydra_run_dir,866,27697,1238644,1733.25634,True,4727834863883388,59805349,1780936643,/network/scratch/m/michnikr/geometric_scaling_checkpoints_corrected_stats/dim-607-neutral-epoch-corrected-stats/mpnn/run_9782261_params_4.5_million/dim_607_step_step=100000.ckpt,,,,dev-equivariant-scaling-laws/analysis_outputs/four_arch_force_scaling_repaired_2026_08_14/four_arch_force_checkpoint_table.csv
mpnn,MPNN,607,150000,150000,4546197,4546197.0,True,runs_csv,259947688,checkpoint token_processed,2.33,6.99,8260596061404326.0,0.0218696781938495,0.0766933657805377,0.0350323673481239,0.223611600783075,0.684740227550337,0.0029616518268484,0.7965501760738617,True,eval reproduces training-time f_loss/val,,9782261,9782261.0,dim-607-neutral-epoch-corrected-stats,run_9782261_params_4.5_million,outputs/2026-06-08/11-47-15,hydra_run_dir,866,27697,1238644,1732.9845866666667,True,7090640396055216,59805795,1780938072,/network/scratch/m/michnikr/geometric_scaling_checkpoints_corrected_stats/dim-607-neutral-epoch-corrected-stats/mpnn/run_9782261_params_4.5_million/dim_607_step_step=150000.ckpt,,,,dev-equivariant-scaling-laws/analysis_outputs/four_arch_force_scaling_repaired_2026_08_14/four_arch_force_checkpoint_table.csv
mpnn,MPNN,607,200000,200000,4546197,4546197.0,True,runs_csv,346638108,checkpoint token_processed,2.33,6.99,1.101543703546018e+16,0.0195959697318355,0.0731744354216523,0.0334988985785227,0.2138234696267108,0.6158214906966163,0.0026872861673614,0.7586172158901384,True,eval reproduces training-time f_loss/val,,9782261,9782261.0,dim-607-neutral-epoch-corrected-stats,run_9782261_params_4.5_million,outputs/2026-06-08/11-47-15,hydra_run_dir,866,27697,1238644,1733.19054,True,9455310760051656,59806241,1780939511,/network/scratch/m/michnikr/geometric_scaling_checkpoints_corrected_stats/dim-607-neutral-epoch-corrected-stats/mpnn/run_9782261_params_4.5_million/dim_607_step_step=200000.ckpt,,,,dev-equivariant-scaling-laws/analysis_outputs/four_arch_force_scaling_repaired_2026_08_14/four_arch_force_checkpoint_table.csv
mpnn,MPNN,607,250000,250000,4546197,4546197.0,True,runs_csv,433251368,checkpoint token_processed,2.33,6.99,1.3767826025437998e+16,0.0180553776716413,0.0707538085183081,0.0324368370698804,0.2070443310170471,0.5844507806226783,0.0025594584521779,0.7331326697048608,True,eval reproduces training-time f_loss/val,,9782261,9782261.0,dim-607-neutral-epoch-corrected-stats,run_9782261_params_4.5_million,outputs/2026-06-08/11-47-15,hydra_run_dir,866,27697,1238644,1733.005472,True,11817876416684976,59806687,1780940956,/network/scratch/m/michnikr/geometric_scaling_checkpoints_corrected_stats/dim-607-neutral-epoch-corrected-stats/mpnn/run_9782261_params_4.5_million/dim_607_step_step=250000.ckpt,,,,dev-equivariant-scaling-laws/analysis_outputs/four_arch_force_scaling_repaired_2026_08_14/four_arch_force_checkpoint_table.csv
mpnn,MPNN,607,300000,300000,4546197,4546197.0,True,runs_csv,519826201,checkpoint token_processed,2.33,6.99,1.6518993885398104e+16,0.0170611893660313,0.0689977364868407,0.0316471638793575,0.2020038470419394,0.550971108034907,0.0024264632134352,0.7142419970027594,True,eval reproduces training-time f_loss/val,,9782261,9782261.0,dim-607-neutral-epoch-corrected-stats,run_9782261_params_4.5_million,outputs/2026-06-08/11-47-15,hydra_run_dir,866,27697,1238644,1732.7540033333332,True,14179393893045582,59807133,1780942378,/network/scratch/m/michnikr/geometric_scaling_checkpoints_corrected_stats/dim-607-neutral-epoch-corrected-stats/mpnn/run_9782261_params_4.5_million/dim_607_step_step=300000.ckpt,,,,dev-equivariant-scaling-laws/analysis_outputs/four_arch_force_scaling_repaired_2026_08_14/four_arch_force_checkpoint_table.csv
mpnn,MPNN,607,350000,350000,4546197,4546197.0,True,runs_csv,606464446,checkpoint token_processed,2.33,6.99,1.927217684663292e+16,0.0162924090765984,0.0676031242797955,0.0310407858450402,0.1981333360488915,0.5306906657805344,0.0023316619440528,0.6993478622384838,True,eval reproduces training-time f_loss/val,,9782261,9782261.0,dim-607-neutral-epoch-corrected-stats,run_9782261_params_4.5_million,outputs/2026-06-08/11-47-15,hydra_run_dir,866,27697,1238644,1732.75556,True,16542641070071172,59807579,1780943812,/network/scratch/m/michnikr/geometric_scaling_checkpoints_corrected_stats/dim-607-neutral-epoch-corrected-stats/mpnn/run_9782261_params_4.5_million/dim_607_step_step=350000.ckpt,,,,dev-equivariant-scaling-laws/analysis_outputs/four_arch_force_scaling_repaired_2026_08_14/four_arch_force_checkpoint_table.csv
mpnn,MPNN,607,400000,400000,4546197,4546197.0,True,runs_csv,693100729,checkpoint token_processed,2.33,6.99,2.202529745959452e+16,0.0157542140583355,0.0665177778097829,0.0305650539089894,0.1950967391010795,0.5181709847673257,0.002270856923015,0.6878863473279794,True,eval reproduces training-time f_loss/val,,9782261,9782261.0,dim-607-neutral-epoch-corrected-stats,run_9782261_params_4.5_million,outputs/2026-06-08/11-47-15,hydra_run_dir,866,27697,1238644,1732.7518225,True,18905834729265678,59808025,1780945248,/network/scratch/m/michnikr/geometric_scaling_checkpoints_corrected_stats/dim-607-neutral-epoch-corrected-stats/mpnn/run_9782261_params_4.5_million/dim_607_step_step=400000.ckpt,,,,dev-equivariant-scaling-laws/analysis_outputs/four_arch_force_scaling_repaired_2026_08_14/four_arch_force_checkpoint_table.csv
mpnn,MPNN,607,450000,450000,4546197,4546197.0,True,runs_csv,779740623,checkpoint token_processed,2.33,6.99,2.477853282261451e+16,0.0153236563272309,0.0656150446142184,0.030158567044496,0.1925021334450184,0.5139440620537443,0.0022442367450252,0.6785928135924364,True,eval reproduces training-time f_loss/val,,9782261,9782261.0,dim-607-neutral-epoch-corrected-stats,run_9782261_params_4.5_million,outputs/2026-06-08/11-47-15,hydra_run_dir,866,27697,1238644,1732.75694,True,21269126886364386,59808471,1780946707,/network/scratch/m/michnikr/geometric_scaling_checkpoints_corrected_stats/dim-607-neutral-epoch-corrected-stats/mpnn/run_9782261_params_4.5_million/dim_607_step_step=450000.ckpt,,,,dev-equivariant-scaling-laws/analysis_outputs/four_arch_force_scaling_repaired_2026_08_14/four_arch_force_checkpoint_table.csv
mpnn,MPNN,607,500000,500000,4546197,4546197.0,True,runs_csv,866346744,checkpoint token_processed,2.33,6.99,2.753069495004265e+16,0.0149378316884529,0.0648026344157738,0.0297862461740008,0.1901256093286477,0.5117253590779547,0.0022289141903439,0.6703154860611782,True,eval reproduces training-time f_loss/val,,9782261,9782261.0,dim-607-neutral-epoch-corrected-stats,run_9782261_params_4.5_million,outputs/2026-06-08/11-47-15,hydra_run_dir,866,27697,1238644,1732.693488,True,23631497811195408,59808917,1780948198,/network/scratch/m/michnikr/geometric_scaling_checkpoints_corrected_stats/dim-607-neutral-epoch-corrected-stats/mpnn/run_9782261_params_4.5_million/dim_607_step_step=500000.ckpt,,,,dev-equivariant-scaling-laws/analysis_outputs/four_arch_force_scaling_repaired_2026_08_14/four_arch_force_checkpoint_table.csv
mpnn,MPNN,712,50000,50000,6229648,6229648.0,True,backfilled_from_slurm_log,86663206,checkpoint token_processed,2.33,6.99,3773770062841101.5,0.0316873369362059,0.0917407925655811,0.0415449926303438,0.2651816879594849,0.9316018205523215,0.0042232605726802,0.9596405313826138,True,eval reproduces training-time f_loss/val,,10325225,10325225.0,dim-712-neutral-epoch-corrected-stats,run_10325225_params_6.2_million,outputs/2026-08-09/17-10-14,hydra_run_dir,866,27697,1238644,1733.26412,True,3239287607588928,80022755,1786311446,/network/scratch/m/michnikr/geometric_scaling_checkpoints_corrected_stats/dim-712-neutral-epoch-corrected-stats/mpnn/run_10325225_params_6.2_million/dim_712_step_step=50000.ckpt,,,,dev-equivariant-scaling-laws/analysis_outputs/four_arch_force_scaling_repaired_2026_08_14/four_arch_force_checkpoint_table.csv
mpnn,MPNN,712,100000,100000,6229648,6229648.0,True,backfilled_from_slurm_log,173332014,checkpoint token_processed,2.33,6.99,7547784066113994.0,0.0244068121639732,0.0799581059329986,0.0363067588997246,0.2317460420569426,0.7441918769072715,0.0032413830432457,0.8319948897624438,True,eval reproduces training-time f_loss/val,,10325225,10325225.0,dim-712-neutral-epoch-corrected-stats,run_10325225_params_6.2_million,outputs/2026-08-09/17-10-14,hydra_run_dir,866,27697,1238644,1733.32014,True,6478784606106432,80023393,1786313072,/network/scratch/m/michnikr/geometric_scaling_checkpoints_corrected_stats/dim-712-neutral-epoch-corrected-stats/mpnn/run_10325225_params_6.2_million/dim_712_step_step=100000.ckpt,,,,dev-equivariant-scaling-laws/analysis_outputs/four_arch_force_scaling_repaired_2026_08_14/four_arch_force_checkpoint_table.csv
mpnn,MPNN,712,150000,150000,6229648,6229648.0,True,backfilled_from_slurm_log,259995645,checkpoint token_processed,2.33,6.99,1.1321572635681892e+16,0.0210371940401027,0.0741870656532104,0.0337771510904525,0.2155995554103587,0.6332941521260259,0.0027829731734443,0.769700388266548,True,eval reproduces training-time f_loss/val,,10325225,10325225.0,dim-712-neutral-epoch-corrected-stats,run_10325225_params_6.2_million,outputs/2026-08-09/17-10-14,hydra_run_dir,866,27697,1238644,1733.3043,True,9718088099297760,80023839,1786314751,/network/scratch/m/michnikr/geometric_scaling_checkpoints_corrected_stats/dim-712-neutral-epoch-corrected-stats/mpnn/run_10325225_params_6.2_million/dim_712_step_step=150000.ckpt,,,,dev-equivariant-scaling-laws/analysis_outputs/four_arch_force_scaling_repaired_2026_08_14/four_arch_force_checkpoint_table.csv
mpnn,MPNN,712,200000,200000,6229648,6229648.0,True,backfilled_from_slurm_log,346647268,checkpoint token_processed,2.33,6.99,1.5094838314013632e+16,0.0190784925945516,0.0705262133313932,0.0321690181134282,0.2053348426180128,0.5721714274987888,0.0025154293700837,0.7304164270147697,True,eval reproduces training-time f_loss/val,,10325225,10325225.0,dim-712-neutral-epoch-corrected-stats,run_10325225_params_6.2_million,outputs/2026-08-09/17-10-14,hydra_run_dir,866,27697,1238644,1733.23634,True,12956942758809984,80024285,1786316441,/network/scratch/m/michnikr/geometric_scaling_checkpoints_corrected_stats/dim-712-neutral-epoch-corrected-stats/mpnn/run_10325225_params_6.2_million/dim_712_step_step=200000.ckpt,,,,dev-equivariant-scaling-laws/analysis_outputs/four_arch_force_scaling_repaired_2026_08_14/four_arch_force_checkpoint_table.csv
mpnn,MPNN,712,250000,250000,6229648,6229648.0,True,backfilled_from_slurm_log,433270122,checkpoint token_processed,2.33,6.99,1.8866851239349624e+16,0.0177072648891391,0.0678646112716913,0.0310302879019055,0.1980663276778633,0.5420510535392971,0.0023893202196211,0.7025393149131258,True,eval reproduces training-time f_loss/val,,10325225,10325225.0,dim-712-neutral-epoch-corrected-stats,run_10325225_params_6.2_million,outputs/2026-08-09/17-10-14,hydra_run_dir,866,27697,1238644,1733.080488,True,16194722093862336,80024731,1786318213,/network/scratch/m/michnikr/geometric_scaling_checkpoints_corrected_stats/dim-712-neutral-epoch-corrected-stats/mpnn/run_10325225_params_6.2_million/dim_712_step_step=250000.ckpt,,,,dev-equivariant-scaling-laws/analysis_outputs/four_arch_force_scaling_repaired_2026_08_14/four_arch_force_checkpoint_table.csv
mpnn,MPNN,712,300000,300000,6229648,6229648.0,True,backfilled_from_slurm_log,519928706,checkpoint token_processed,2.33,6.99,2.2640420036093664e+16,0.0166901503974576,0.0658744603533117,0.0301846214337498,0.1926684386116252,0.5195327694710627,0.002288406485932,0.6816286683924373,True,eval reproduces training-time f_loss/val,,10325225,10325225.0,dim-712-neutral-epoch-corrected-stats,run_10325225_params_6.2_million,outputs/2026-08-09/17-10-14,hydra_run_dir,866,27697,1238644,1733.0956866666668,True,19433836940852928,80025177,1786319910,/network/scratch/m/michnikr/geometric_scaling_checkpoints_corrected_stats/dim-712-neutral-epoch-corrected-stats/mpnn/run_10325225_params_6.2_million/dim_712_step_step=300000.ckpt,,,,dev-equivariant-scaling-laws/analysis_outputs/four_arch_force_scaling_repaired_2026_08_14/four_arch_force_checkpoint_table.csv
mpnn,MPNN,712,350000,350000,6229648,6229648.0,True,backfilled_from_slurm_log,606536446,checkpoint token_processed,2.33,6.99,2.6411774818679548e+16,0.0158272714361625,0.0642581792337514,0.0294779593702431,0.1881578146602623,0.5007205501749389,0.0022052376428629,0.6646341687661442,True,eval reproduces training-time f_loss/val,,10325225,10325225.0,dim-712-neutral-epoch-corrected-stats,run_10325225_params_6.2_million,outputs/2026-08-09/17-10-14,hydra_run_dir,866,27697,1238644,1732.9612742857144,True,22671051346506048,80025623,1786321657,/network/scratch/m/michnikr/geometric_scaling_checkpoints_corrected_stats/dim-712-neutral-epoch-corrected-stats/mpnn/run_10325225_params_6.2_million/dim_712_step_step=350000.ckpt,,,,dev-equivariant-scaling-laws/analysis_outputs/four_arch_force_scaling_repaired_2026_08_14/four_arch_force_checkpoint_table.csv
mpnn,MPNN,712,400000,400000,6229648,6229648.0,True,backfilled_from_slurm_log,693194561,checkpoint token_processed,2.33,6.99,3.018532319270625e+16,0.0151855082325873,0.0629764382166069,0.0289179651122612,0.1845833713115638,0.4890068545421331,0.00213336115746,0.65109799374067,True,eval reproduces training-time f_loss/val,,10325225,10325225.0,dim-712-neutral-epoch-corrected-stats,run_10325225_params_6.2_million,outputs/2026-08-09/17-10-14,hydra_run_dir,866,27697,1238644,1732.9864025,True,25910148663267168,80026069,1786323387,/network/scratch/m/michnikr/geometric_scaling_checkpoints_corrected_stats/dim-712-neutral-epoch-corrected-stats/mpnn/run_10325225_params_6.2_million/dim_712_step_step=400000.ckpt,,,,dev-equivariant-scaling-laws/analysis_outputs/four_arch_force_scaling_repaired_2026_08_14/four_arch_force_checkpoint_table.csv
mpnn,MPNN,712,450000,450000,6229648,6229648.0,True,backfilled_from_slurm_log,779777582,checkpoint token_processed,2.33,6.99,3.3955601580516444e+16,0.0146745846245984,0.0618746720865265,0.0284299265073664,0.1814682208965199,0.4807350812931534,0.0020873344506166,0.6396200653714317,True,eval reproduces training-time f_loss/val,,10325225,10325225.0,dim-712-neutral-epoch-corrected-stats,run_10325225_params_6.2_million,outputs/2026-08-09/17-10-14,hydra_run_dir,866,27697,1238644,1732.839071111111,True,29146439124906816,80026515,1786325111,/network/scratch/m/michnikr/geometric_scaling_checkpoints_corrected_stats/dim-712-neutral-epoch-corrected-stats/mpnn/run_10325225_params_6.2_million/dim_712_step_step=450000.ckpt,,,,dev-equivariant-scaling-laws/analysis_outputs/four_arch_force_scaling_repaired_2026_08_14/four_arch_force_checkpoint_table.csv
mpnn,MPNN,712,500000,500000,6229648,6229648.0,True,backfilled_from_slurm_log,866390858,checkpoint token_processed,2.33,6.99,3.772719742954831e+16,0.0142221511328188,0.0609828409745291,0.0280329716606273,0.1789344581097846,0.4682314548013392,0.0020345303004281,0.630173712749573,True,eval reproduces training-time f_loss/val,,10325225,10325225.0,dim-712-neutral-epoch-corrected-stats,run_10325225_params_6.2_million,outputs/2026-08-09/17-10-14,hydra_run_dir,866,27697,1238644,1732.781716,True,32383860454547904,80026961,1786326854,/network/scratch/m/michnikr/geometric_scaling_checkpoints_corrected_stats/dim-712-neutral-epoch-corrected-stats/mpnn/run_10325225_params_6.2_million/dim_712_step_step=500000.ckpt,,,,dev-equivariant-scaling-laws/analysis_outputs/four_arch_force_scaling_repaired_2026_08_14/four_arch_force_checkpoint_table.csv
mpnn,MPNN,835,50000,50000,8538363,8538363.0,True,runs_csv,86618189,checkpoint token_processed,2.33,6.99,5169647005191403.0,0.0299254195919522,0.0882696450771828,0.0401754672385671,0.2564400073837738,0.877069505581129,0.0039829586017672,0.922526036789501,True,eval reproduces training-time f_loss/val,,9782262,9782262.0,dim-835-neutral-epoch-corrected-stats,run_9782262_params_8.5_million,outputs/2026-06-08/syn-dim-835,hydra_run_dir,866,27697,1238644,1732.36378,True,4437465240507642,107714087,1780935499,/network/scratch/m/michnikr/geometric_scaling_checkpoints_corrected_stats/dim-835-neutral-epoch-corrected-stats/mpnn/run_9782262_params_8.5_million/dim_835_step_step=50000.ckpt,,,,dev-equivariant-scaling-laws/analysis_outputs/four_arch_force_scaling_repaired_2026_08_14/four_arch_force_checkpoint_table.csv
mpnn,MPNN,835,100000,100000,8538363,8538363.0,True,runs_csv,173249808,checkpoint token_processed,2.33,6.99,1.0340095555186286e+16,0.0228766524738376,0.0772763104597429,0.0352206555925814,0.2248134446474476,0.7032694188193966,0.0030775233296899,0.8035383378943283,True,eval reproduces training-time f_loss/val,,9782262,9782262.0,dim-835-neutral-epoch-corrected-stats,run_9782262_params_8.5_million,outputs/2026-06-08/syn-dim-835,hydra_run_dir,866,27697,1238644,1732.49808,True,8875618502305824,107714725,1780937314,/network/scratch/m/michnikr/geometric_scaling_checkpoints_corrected_stats/dim-835-neutral-epoch-corrected-stats/mpnn/run_9782262_params_8.5_million/dim_835_step_step=100000.ckpt,,,,dev-equivariant-scaling-laws/analysis_outputs/four_arch_force_scaling_repaired_2026_08_14/four_arch_force_checkpoint_table.csv
mpnn,MPNN,835,150000,150000,8538363,8538363.0,True,runs_csv,259901075,checkpoint token_processed,2.33,6.99,1.5511716759857174e+16,0.0192896244589316,0.0714910848337219,0.0326668734758999,0.2085126533966692,0.6293977909908559,0.0027350029771272,0.7422608781084913,True,eval reproduces training-time f_loss/val,,9782262,9782262.0,dim-835-neutral-epoch-corrected-stats,run_9782262_params_8.5_million,outputs/2026-06-08/syn-dim-835,hydra_run_dir,866,27697,1238644,1732.6738333333333,True,13314778334641350,107715171,1780939131,/network/scratch/m/michnikr/geometric_scaling_checkpoints_corrected_stats/dim-835-neutral-epoch-corrected-stats/mpnn/run_9782262_params_8.5_million/dim_835_step_step=150000.ckpt,,,,dev-equivariant-scaling-laws/analysis_outputs/four_arch_force_scaling_repaired_2026_08_14/four_arch_force_checkpoint_table.csv
mpnn,MPNN,835,200000,200000,8538363,8538363.0,True,runs_csv,346498471,checkpoint token_processed,2.33,6.99,2.0680122773157384e+16,0.0173164500336552,0.0678551263943761,0.0310699789715028,0.1983196757751028,0.5756454716929112,0.0025199248666383,0.7037505126101454,True,eval reproduces training-time f_loss/val,,9782262,9782262.0,dim-835-neutral-epoch-corrected-stats,run_9782262_params_8.5_million,outputs/2026-06-08/syn-dim-835,hydra_run_dir,866,27697,1238644,1732.492355,True,17751178346057838,107715617,1780940957,/network/scratch/m/michnikr/geometric_scaling_checkpoints_corrected_stats/dim-835-neutral-epoch-corrected-stats/mpnn/run_9782262_params_8.5_million/dim_835_step_step=200000.ckpt,,,,dev-equivariant-scaling-laws/analysis_outputs/four_arch_force_scaling_repaired_2026_08_14/four_arch_force_checkpoint_table.csv
mpnn,MPNN,835,250000,250000,8538363,8538363.0,True,runs_csv,433122038,checkpoint token_processed,2.33,6.99,2.5850090754369124e+16,0.0160867138765752,0.0654363934957265,0.029988369174752,0.1914157604424425,0.558487108102021,0.0024233873221484,0.6785978081787496,True,eval reproduces training-time f_loss/val,,9782262,9782262.0,dim-835-neutral-epoch-corrected-stats,run_9782262_params_8.5_million,outputs/2026-06-08/syn-dim-835,hydra_run_dir,866,27697,1238644,1732.488152,True,22188919102462764,107716063,1780942795,/network/scratch/m/michnikr/geometric_scaling_checkpoints_corrected_stats/dim-835-neutral-epoch-corrected-stats/mpnn/run_9782262_params_8.5_million/dim_835_step_step=250000.ckpt,,,,dev-equivariant-scaling-laws/analysis_outputs/four_arch_force_scaling_repaired_2026_08_14/four_arch_force_checkpoint_table.csv
mpnn,MPNN,835,300000,300000,8538363,8538363.0,True,runs_csv,519780562,checkpoint token_processed,2.33,6.99,3.1022145079713044e+16,0.0152496814625079,0.0636387434347122,0.0291797349487537,0.1862542481778951,0.5333711882799382,0.0023078775541764,0.6594662098888864,True,eval reproduces training-time f_loss/val,,9782262,9782262.0,dim-835-neutral-epoch-corrected-stats,run_9782262_params_8.5_million,outputs/2026-06-08/syn-dim-835,hydra_run_dir,866,27697,1238644,1732.6018733333333,True,26628450712200036,107716509,1780944646,/network/scratch/m/michnikr/geometric_scaling_checkpoints_corrected_stats/dim-835-neutral-epoch-corrected-stats/mpnn/run_9782262_params_8.5_million/dim_835_step_step=300000.ckpt,,,,dev-equivariant-scaling-laws/analysis_outputs/four_arch_force_scaling_repaired_2026_08_14/four_arch_force_checkpoint_table.csv
mpnn,MPNN,835,350000,350000,8538363,8538363.0,True,runs_csv,606417154,checkpoint token_processed,2.33,6.99,3.619289043404953e+16,0.0145342649841427,0.0621337786523354,0.0285224679780848,0.1820589131041156,0.5067931589504863,0.002198492850655,0.6433227150299045,True,eval reproduces training-time f_loss/val,,9782262,9782262.0,dim-835-neutral-epoch-corrected-stats,run_9782262_params_8.5_million,outputs/2026-06-08/syn-dim-835,hydra_run_dir,866,27697,1238644,1732.62044,True,31066858741673412,107716955,1780946520,/network/scratch/m/michnikr/geometric_scaling_checkpoints_corrected_stats/dim-835-neutral-epoch-corrected-stats/mpnn/run_9782262_params_8.5_million/dim_835_step_step=350000.ckpt,,,,dev-equivariant-scaling-laws/analysis_outputs/four_arch_force_scaling_repaired_2026_08_14/four_arch_force_checkpoint_table.csv
mpnn,MPNN,835,400000,400000,8538363,8538363.0,True,runs_csv,693067554,checkpoint token_processed,2.33,6.99,4.136445989342298e+16,0.0139983206711533,0.0608503578432919,0.0279491541648076,0.1783994510339672,0.4923906313560851,0.0021427247386133,0.6299308258190527,True,eval reproduces training-time f_loss/val,,9782262,9782262.0,dim-835-neutral-epoch-corrected-stats,run_9782262_params_8.5_million,outputs/2026-06-08/syn-dim-835,hydra_run_dir,866,27697,1238644,1732.668885,True,35505974157444612,107717401,1780948373,/network/scratch/m/michnikr/geometric_scaling_checkpoints_corrected_stats/dim-835-neutral-epoch-corrected-stats/mpnn/run_9782262_params_8.5_million/dim_835_step_step=400000.ckpt,,,,dev-equivariant-scaling-laws/analysis_outputs/four_arch_force_scaling_repaired_2026_08_14/four_arch_force_checkpoint_table.csv
mpnn,MPNN,835,450000,450000,8538363,8538363.0,True,runs_csv,779704849,checkpoint token_processed,2.33,6.99,4.653524720501909e+16,0.0135091750951931,0.0597634283571953,0.0274625300948701,0.1752933295955558,0.4836065362941035,0.0021024916475497,0.6186592000474515,True,eval reproduces training-time f_loss/val,,9782262,9782262.0,dim-835-neutral-epoch-corrected-stats,run_9782262_params_8.5_million,outputs/2026-06-08/syn-dim-835,hydra_run_dir,866,27697,1238644,1732.6774422222222,True,39944418201733122,107717847,1780950216,/network/scratch/m/michnikr/geometric_scaling_checkpoints_corrected_stats/dim-835-neutral-epoch-corrected-stats/mpnn/run_9782262_params_8.5_million/dim_835_step_step=450000.ckpt,,,,dev-equivariant-scaling-laws/analysis_outputs/four_arch_force_scaling_repaired_2026_08_14/four_arch_force_checkpoint_table.csv
mpnn,MPNN,835,500000,500000,8538363,8538363.0,True,runs_csv,866300339,checkpoint token_processed,2.33,6.99,5.170353946222135e+16,0.0130732841053052,0.0588526071606345,0.0270639516022278,0.1727492030770206,0.4689849248418356,0.0020464995369695,0.6089910669760417,True,eval reproduces training-time f_loss/val,,9782262,9782262.0,dim-835-neutral-epoch-corrected-stats,run_9782262_params_8.5_million,outputs/2026-06-08/syn-dim-835,hydra_run_dir,866,27697,1238644,1732.600678,True,44380720568430342,107718293,1780952083,/network/scratch/m/michnikr/geometric_scaling_checkpoints_corrected_stats/dim-835-neutral-epoch-corrected-stats/mpnn/run_9782262_params_8.5_million/dim_835_step_step=500000.ckpt,,,,dev-equivariant-scaling-laws/analysis_outputs/four_arch_force_scaling_repaired_2026_08_14/four_arch_force_checkpoint_table.csv
mpnn,MPNN,1024,50000,50000,12793348,12793348.0,True,runs_csv,86674401,checkpoint token_processed,2.33,6.99,7750901865044990.0,0.0290338650429685,0.0867019170426331,0.0393177048056931,0.2509649097747395,0.8396753956828327,0.0038943968068831,0.9059631384951632,True,eval reproduces training-time f_loss/val,,9653908,9653908.0,dim-1024-neutral-epoch-corrected-stats,run_9653908_params_12.8_million,outputs/2026-05-26/14-18-16,hydra_run_dir,866,27697,1238644,1733.48802,True,6653134648107288,158776679,1779821559,/network/scratch/m/michnikr/geometric_scaling_checkpoints_corrected_stats/dim-1024-neutral-epoch-corrected-stats/mpnn/run_9653908_params_12.8_million/dim_1024_step_step=50000.ckpt,,,,dev-equivariant-scaling-laws/analysis_outputs/four_arch_force_scaling_repaired_2026_08_14/four_arch_force_checkpoint_table.csv
mpnn,MPNN,1024,100000,100000,12793348,12793348.0,True,runs_csv,173310993,checkpoint token_processed,2.33,6.99,1.5498422641265202e+16,0.0218581742414555,0.0750820208598986,0.0340138536313393,0.217110427728839,0.6898287790752173,0.0030631838260459,0.7814520468594459,True,eval reproduces training-time f_loss/val,,9653908,9653908.0,dim-1024-neutral-epoch-corrected-stats,run_9653908_params_12.8_million,outputs/2026-05-26/14-18-16,hydra_run_dir,866,27697,1238644,1733.10993,True,13303367074047384,158777317,1779823614,/network/scratch/m/michnikr/geometric_scaling_checkpoints_corrected_stats/dim-1024-neutral-epoch-corrected-stats/mpnn/run_9653908_params_12.8_million/dim_1024_step_step=100000.ckpt,,,,dev-equivariant-scaling-laws/analysis_outputs/four_arch_force_scaling_repaired_2026_08_14/four_arch_force_checkpoint_table.csv
mpnn,MPNN,1024,150000,150000,12793348,12793348.0,True,runs_csv,259917153,checkpoint token_processed,2.33,6.99,2.3243222020592724e+16,0.0182419831759143,0.0689891243985839,0.0313668920076815,0.2002148716850313,0.5898537558372247,0.0026166364066646,0.716057608052486,True,eval reproduces training-time f_loss/val,,9653908,9653908.0,dim-1024-neutral-epoch-corrected-stats,run_9653908_params_12.8_million,outputs/2026-05-26/14-18-16,hydra_run_dir,866,27697,1238644,1732.78102,True,19951263536989464,158777763,1779825711,/network/scratch/m/michnikr/geometric_scaling_checkpoints_corrected_stats/dim-1024-neutral-epoch-corrected-stats/mpnn/run_9653908_params_12.8_million/dim_1024_step_step=150000.ckpt,,,,dev-equivariant-scaling-laws/analysis_outputs/four_arch_force_scaling_repaired_2026_08_14/four_arch_force_checkpoint_table.csv
mpnn,MPNN,1024,200000,200000,12793348,12793348.0,True,runs_csv,346559830,checkpoint token_processed,2.33,6.99,3.099128695099577e+16,0.016257308733243,0.0652174065212179,0.0297630841505456,0.1899777661329328,0.5354278618448326,0.0023742221933966,0.6759162871461463,True,eval reproduces training-time f_loss/val,,9653908,9653908.0,dim-1024-neutral-epoch-corrected-stats,run_9653908_params_12.8_million,outputs/2026-05-26/14-18-16,hydra_run_dir,866,27697,1238644,1732.79915,True,26601963048065040,158778209,1779827816,/network/scratch/m/michnikr/geometric_scaling_checkpoints_corrected_stats/dim-1024-neutral-epoch-corrected-stats/mpnn/run_9653908_params_12.8_million/dim_1024_step_step=200000.ckpt,,,,dev-equivariant-scaling-laws/analysis_outputs/four_arch_force_scaling_repaired_2026_08_14/four_arch_force_checkpoint_table.csv
mpnn,MPNN,1024,250000,250000,12793348,12793348.0,True,runs_csv,433208953,checkpoint token_processed,2.33,6.99,3.8739928318188056e+16,0.0149879778453576,0.0625901577637184,0.0286423384831803,0.1828240465381404,0.5065747716616813,0.0022352789835165,0.6482543674723501,True,eval reproduces training-time f_loss/val,,9653908,9653908.0,dim-1024-neutral-epoch-corrected-stats,run_9653908_params_12.8_million,outputs/2026-05-26/14-18-16,hydra_run_dir,866,27697,1238644,1732.835812,True,33253157354667864,158778719,1779830098,/network/scratch/m/michnikr/geometric_scaling_checkpoints_corrected_stats/dim-1024-neutral-epoch-corrected-stats/mpnn/run_9653908_params_12.8_million/dim_1024_step_step=250000.ckpt,,,,dev-equivariant-scaling-laws/analysis_outputs/four_arch_force_scaling_repaired_2026_08_14/four_arch_force_checkpoint_table.csv
mpnn,MPNN,1024,300000,300000,12793348,12793348.0,True,runs_csv,519837902,checkpoint token_processed,2.33,6.99,4.648676561529251e+16,0.0141331643953932,0.0607579516087751,0.0278400084436489,0.1777027738958115,0.4831705492239351,0.0021242743144139,0.6288222592318911,True,eval reproduces training-time f_loss/val,,9653908,9653908.0,dim-1024-neutral-epoch-corrected-stats,run_9653908_params_12.8_million,outputs/2026-05-26/14-18-16,hydra_run_dir,866,27697,1238644,1732.7930066666668,True,39902803103255376,158779165,1779832409,/network/scratch/m/michnikr/geometric_scaling_checkpoints_corrected_stats/dim-1024-neutral-epoch-corrected-stats/mpnn/run_9653908_params_12.8_million/dim_1024_step_step=300000.ckpt,,,,dev-equivariant-scaling-laws/analysis_outputs/four_arch_force_scaling_repaired_2026_08_14/four_arch_force_checkpoint_table.csv
mpnn,MPNN,1024,350000,350000,12793348,12793348.0,True,runs_csv,606445453,checkpoint token_processed,2.33,6.99,5.423168938549404e+16,0.0134040043384426,0.0592120344735527,0.0271621531981852,0.1733760238640165,0.4699219609965628,0.0020578551342346,0.6126988960778734,True,eval reproduces training-time f_loss/val,,9653908,9653908.0,dim-1024-neutral-epoch-corrected-stats,run_9653908_params_12.8_million,outputs/2026-05-26/14-18-16,hydra_run_dir,866,27697,1238644,1732.7012942857143,True,46550806339479864,158779611,1779834573,/network/scratch/m/michnikr/geometric_scaling_checkpoints_corrected_stats/dim-1024-neutral-epoch-corrected-stats/mpnn/run_9653908_params_12.8_million/dim_1024_step_step=350000.ckpt,,,,dev-equivariant-scaling-laws/analysis_outputs/four_arch_force_scaling_repaired_2026_08_14/four_arch_force_checkpoint_table.csv
mpnn,MPNN,1024,400000,400000,12793348,12793348.0,True,runs_csv,693076172,checkpoint token_processed,2.33,6.99,6.197868496573795e+16,0.0128130327738653,0.0578332156261244,0.0265705598139991,0.1695998832927565,0.4575198066633788,0.0019985266770806,0.5983174230320504,True,eval reproduces training-time f_loss/val,,9653908,9653908.0,dim-1024-neutral-epoch-corrected-stats,run_9653908_params_12.8_million,outputs/2026-05-26/14-18-16,hydra_run_dir,866,27697,1238644,1732.69043,True,53200587953423136,158780057,1779836727,/network/scratch/m/michnikr/geometric_scaling_checkpoints_corrected_stats/dim-1024-neutral-epoch-corrected-stats/mpnn/run_9653908_params_12.8_million/dim_1024_step_step=400000.ckpt,,,,dev-equivariant-scaling-laws/analysis_outputs/four_arch_force_scaling_repaired_2026_08_14/four_arch_force_checkpoint_table.csv
mpnn,MPNN,1024,450000,450000,12793348,12793348.0,True,runs_csv,779670433,checkpoint token_processed,2.33,6.99,6.972242027101098e+16,0.0123188343986881,0.0566576477183205,0.0260641081116464,0.1663672020766393,0.448017972704307,0.00195418853805,0.5861183625637063,True,eval reproduces training-time f_loss/val,,9653908,9653908.0,dim-1024-neutral-epoch-corrected-stats,run_9653908_params_12.8_million,outputs/2026-05-26/14-18-16,hydra_run_dir,866,27697,1238644,1732.6009622222225,True,59847571048078104,158780503,1779838920,/network/scratch/m/michnikr/geometric_scaling_checkpoints_corrected_stats/dim-1024-neutral-epoch-corrected-stats/mpnn/run_9653908_params_12.8_million/dim_1024_step_step=450000.ckpt,,,,dev-equivariant-scaling-laws/analysis_outputs/four_arch_force_scaling_repaired_2026_08_14/four_arch_force_checkpoint_table.csv
mpnn,MPNN,1024,500000,500000,12793348,12793348.0,True,runs_csv,866313904,checkpoint token_processed,2.33,6.99,7.747055620526304e+16,0.0119197808768531,0.0557102354471388,0.0256567109765926,0.163766786163591,0.4374762128771866,0.0019097998271148,0.5762003527425378,True,eval reproduces training-time f_loss/val,,9653908,9653908.0,dim-1024-neutral-epoch-corrected-stats,run_9653908_params_12.8_million,outputs/2026-05-26/14-18-16,hydra_run_dir,866,27697,1238644,1732.627808,True,66498331506663552,158780949,1779841007,/network/scratch/m/michnikr/geometric_scaling_checkpoints_corrected_stats/dim-1024-neutral-epoch-corrected-stats/mpnn/run_9653908_params_12.8_million/dim_1024_step_step=500000.ckpt,,,,dev-equivariant-scaling-laws/analysis_outputs/four_arch_force_scaling_repaired_2026_08_14/four_arch_force_checkpoint_table.csv
mpnn,MPNN,1150,50000,50000,16106329,16106329.0,True,backfilled_from_slurm_log,86663206,checkpoint token_processed,2.33,6.99,9756824495135110.0,0.0289592327502734,0.0859299296078726,0.0389699892773328,0.2487454415572157,0.8615085792665393,0.0040524472216602,0.8998237682953284,True,eval reproduces training-time f_loss/val,,10325226,10325226.0,dim-1150-neutral-epoch-corrected-stats,run_10325226_params_16.1_million,outputs/2026-08-09/17-10-47,hydra_run_dir,866,27697,1238644,1733.26412,True,8374956648184644,198539747,1786312312,/network/scratch/m/michnikr/geometric_scaling_checkpoints_corrected_stats/dim-1150-neutral-epoch-corrected-stats/mpnn/run_10325226_params_16.1_million/dim_1150_step_step=50000.ckpt,,,,dev-equivariant-scaling-laws/analysis_outputs/four_arch_force_scaling_repaired_2026_08_14/four_arch_force_checkpoint_table.csv
mpnn,MPNN,1150,100000,100000,16106329,16106329.0,True,backfilled_from_slurm_log,173332014,checkpoint token_processed,2.33,6.99,1.951427968157908e+16,0.0210244315133298,0.0733753551984975,0.0333619542298001,0.2129493538488141,0.6681612041406764,0.0029909345035023,0.7636628970199998,True,eval reproduces training-time f_loss/val,,10325226,10325226.0,dim-1150-neutral-epoch-corrected-stats,run_10325226_params_16.1_million,outputs/2026-08-09/17-10-47,hydra_run_dir,866,27697,1238644,1733.32014,True,16750454662299636,198540385,1786314798,/network/scratch/m/michnikr/geometric_scaling_checkpoints_corrected_stats/dim-1150-neutral-epoch-corrected-stats/mpnn/run_10325226_params_16.1_million/dim_1150_step_step=100000.ckpt,,,,dev-equivariant-scaling-laws/analysis_outputs/four_arch_force_scaling_repaired_2026_08_14/four_arch_force_checkpoint_table.csv
mpnn,MPNN,1150,150000,150000,16106329,16106329.0,True,backfilled_from_slurm_log,259995645,checkpoint token_processed,2.33,6.99,2.9271152024591064e+16,0.0173448129421568,0.0671151667773104,0.0306128234069068,0.1954016518062862,0.5724448144573537,0.0025422061951056,0.6965737297241609,True,eval reproduces training-time f_loss/val,,10325226,10325226.0,dim-1150-neutral-epoch-corrected-stats,run_10325226_params_16.1_million,outputs/2026-08-09/17-10-47,hydra_run_dir,866,27697,1238644,1733.3043,True,25125452381623230,198540831,1786317312,/network/scratch/m/michnikr/geometric_scaling_checkpoints_corrected_stats/dim-1150-neutral-epoch-corrected-stats/mpnn/run_10325226_params_16.1_million/dim_1150_step_step=150000.ckpt,,,,dev-equivariant-scaling-laws/analysis_outputs/four_arch_force_scaling_repaired_2026_08_14/four_arch_force_checkpoint_table.csv
mpnn,MPNN,1150,200000,200000,16106329,16106329.0,True,backfilled_from_slurm_log,346647268,checkpoint token_processed,2.33,6.99,3.9026672468060616e+16,0.0151898958212126,0.0632109023054188,0.0289052251415776,0.1845020520786903,0.5175055485502676,0.0022664248084194,0.6547732711383829,True,eval reproduces training-time f_loss/val,,10325226,10325226.0,dim-1150-neutral-epoch-corrected-stats,run_10325226_params_16.1_million,outputs/2026-08-09/17-10-47,hydra_run_dir,866,27697,1238644,1733.23634,True,33499289672155032,198541277,1786319771,/network/scratch/m/michnikr/geometric_scaling_checkpoints_corrected_stats/dim-1150-neutral-epoch-corrected-stats/mpnn/run_10325226_params_16.1_million/dim_1150_step_step=200000.ckpt,,,,dev-equivariant-scaling-laws/analysis_outputs/four_arch_force_scaling_repaired_2026_08_14/four_arch_force_checkpoint_table.csv
mpnn,MPNN,1150,250000,250000,16106329,16106329.0,True,backfilled_from_slurm_log,433270122,checkpoint token_processed,2.33,6.99,4.877895400430695e+16,0.0138337277177093,0.0604849247171545,0.0277184325215389,0.1769267547849832,0.4812407716420451,0.0021015012884264,0.6258642600558098,True,eval reproduces training-time f_loss/val,,10325226,10325226.0,dim-1150-neutral-epoch-corrected-stats,run_10325226_params_16.1_million,outputs/2026-08-09/17-10-47,hydra_run_dir,866,27697,1238644,1733.080488,True,41870346784812828,198541723,1786322245,/network/scratch/m/michnikr/geometric_scaling_checkpoints_corrected_stats/dim-1150-neutral-epoch-corrected-stats/mpnn/run_10325226_params_16.1_million/dim_1150_step_step=250000.ckpt,,,,dev-equivariant-scaling-laws/analysis_outputs/four_arch_force_scaling_repaired_2026_08_14/four_arch_force_checkpoint_table.csv
mpnn,MPNN,1150,300000,300000,16106329,16106329.0,True,backfilled_from_slurm_log,519928706,checkpoint token_processed,2.33,6.99,5.853525813970812e+16,0.0129309830596717,0.0584413936107868,0.0268122498023101,0.1711425904881458,0.4603415873701798,0.0019986082998149,0.6044000191060185,True,eval reproduces training-time f_loss/val,,10325226,10325226.0,dim-1150-neutral-epoch-corrected-stats,run_10325226_params_16.1_million,outputs/2026-08-09/17-10-47,hydra_run_dir,866,27697,1238644,1733.0956866666668,True,50244856772281644,198542233,1786324719,/network/scratch/m/michnikr/geometric_scaling_checkpoints_corrected_stats/dim-1150-neutral-epoch-corrected-stats/mpnn/run_10325226_params_16.1_million/dim_1150_step_step=300000.ckpt,,,,dev-equivariant-scaling-laws/analysis_outputs/four_arch_force_scaling_repaired_2026_08_14/four_arch_force_checkpoint_table.csv
mpnn,MPNN,1150,350000,350000,16106329,16106329.0,True,backfilled_from_slurm_log,606536446,checkpoint token_processed,2.33,6.99,6.828583809286947e+16,0.0121902083068242,0.0567899535885446,0.0260829623272306,0.1664875485347132,0.4424325303791852,0.0019098826258321,0.5869983621437682,True,eval reproduces training-time f_loss/val,,10325226,10325226.0,dim-1150-neutral-epoch-corrected-stats,run_10325226_params_16.1_million,outputs/2026-08-09/17-10-47,hydra_run_dir,866,27697,1238644,1732.9612742857144,True,58614453298600404,198542679,1786327241,/network/scratch/m/michnikr/geometric_scaling_checkpoints_corrected_stats/dim-1150-neutral-epoch-corrected-stats/mpnn/run_10325226_params_16.1_million/dim_1150_step_step=350000.ckpt,,,,dev-equivariant-scaling-laws/analysis_outputs/four_arch_force_scaling_repaired_2026_08_14/four_arch_force_checkpoint_table.csv
mpnn,MPNN,1150,400000,400000,16106329,16106329.0,True,backfilled_from_slurm_log,693194561,checkpoint token_processed,2.33,6.99,7.804208942673122e+16,0.0117186295289619,0.0554803658242382,0.0255109929409017,0.1628366679417756,0.4281616746415717,0.001841645704286,0.5732201152852431,True,eval reproduces training-time f_loss/val,,10325226,10325226.0,dim-1150-neutral-epoch-corrected-stats,run_10325226_params_16.1_million,outputs/2026-08-09/17-10-47,hydra_run_dir,866,27697,1238644,1732.9864025,True,66988917962859414,198543125,1786329793,/network/scratch/m/michnikr/geometric_scaling_checkpoints_corrected_stats/dim-1150-neutral-epoch-corrected-stats/mpnn/run_10325226_params_16.1_million/dim_1150_step_step=400000.ckpt,,,,dev-equivariant-scaling-laws/analysis_outputs/four_arch_force_scaling_repaired_2026_08_14/four_arch_force_checkpoint_table.csv
mpnn,MPNN,1150,450000,450000,16106329,16106329.0,True,backfilled_from_slurm_log,779777582,checkpoint token_processed,2.33,6.99,8.778988643479019e+16,0.0112627454012778,0.0543630995785529,0.0250259390051576,0.1597405686699215,0.4122816116374855,0.0017755370842928,0.5613863666284576,True,eval reproduces training-time f_loss/val,,10325226,10325226.0,dim-1150-neutral-epoch-corrected-stats,run_10325226_params_16.1_million,outputs/2026-08-09/17-10-47,hydra_run_dir,866,27697,1238644,1732.839071111111,True,75356125695098868,198543571,1786332340,/network/scratch/m/michnikr/geometric_scaling_checkpoints_corrected_stats/dim-1150-neutral-epoch-corrected-stats/mpnn/run_10325226_params_16.1_million/dim_1150_step_step=450000.ckpt,,,,dev-equivariant-scaling-laws/analysis_outputs/four_arch_force_scaling_repaired_2026_08_14/four_arch_force_checkpoint_table.csv
mpnn,MPNN,1150,500000,500000,16106329,16106329.0,True,backfilled_from_slurm_log,866390858,checkpoint token_processed,2.33,6.99,9.754108964876658e+16,0.0109093944632446,0.0534501981385929,0.0246309078869263,0.1572190850422509,0.4017128548122443,0.0017345910839463,0.5518478922253931,True,eval reproduces training-time f_loss/val,,10325226,10325226.0,dim-1150-neutral-epoch-corrected-stats,run_10325226_params_16.1_million,outputs/2026-08-09/17-10-47,hydra_run_dir,866,27697,1238644,1732.781716,True,83726257209241692,198544017,1786334837,/network/scratch/m/michnikr/geometric_scaling_checkpoints_corrected_stats/dim-1150-neutral-epoch-corrected-stats/mpnn/run_10325226_params_16.1_million/dim_1150_step_step=500000.ckpt,,,,dev-equivariant-scaling-laws/analysis_outputs/four_arch_force_scaling_repaired_2026_08_14/four_arch_force_checkpoint_table.csv
mpnn,MPNN,1448,50000,50000,25458016,25458016.0,True,runs_csv,86542581,checkpoint token_processed,2.33,6.99,1.540038485833728e+16,0.0271572193445951,0.0824617347647769,0.0373679647763339,0.2385197191673393,0.8166201879672585,0.0037428949535856,0.8620462971836259,True,eval reproduces training-time f_loss/val,,9790137,9790137.0,dim-1448-neutral-epoch-corrected-stats,run_9790137_params_25.5_million,outputs/2026-06-09/syn-dim-1448,hydra_run_dir,866,27697,1238644,1730.85162,True,13219214470675776,310749479,1781024462,/network/scratch/m/michnikr/geometric_scaling_checkpoints_corrected_stats/dim-1448-neutral-epoch-corrected-stats/mpnn/run_9790137_params_25.5_million/dim_1448_step_step=50000.ckpt,,,,dev-equivariant-scaling-laws/analysis_outputs/four_arch_force_scaling_repaired_2026_08_14/four_arch_force_checkpoint_table.csv
mpnn,MPNN,1448,100000,100000,25458016,25458016.0,True,runs_csv,173238217,checkpoint token_processed,2.33,6.99,3.082800608838033e+16,0.0188651407426803,0.0695105539097108,0.031725137243035,0.2025015510222928,0.6116532916353702,0.0027562735178002,0.722668274275111,True,eval reproduces training-time f_loss/val,,9790137,9790137.0,dim-1448-neutral-epoch-corrected-stats,run_9790137_params_25.5_million,outputs/2026-06-09/syn-dim-1448,hydra_run_dir,866,27697,1238644,1732.38217,True,26461807801184832,310750117,1781027325,/network/scratch/m/michnikr/geometric_scaling_checkpoints_corrected_stats/dim-1448-neutral-epoch-corrected-stats/mpnn/run_9790137_params_25.5_million/dim_1448_step_step=100000.ckpt,,,,dev-equivariant-scaling-laws/analysis_outputs/four_arch_force_scaling_repaired_2026_08_14/four_arch_force_checkpoint_table.csv
mpnn,MPNN,1448,150000,150000,25458016,25458016.0,True,runs_csv,259903362,checkpoint token_processed,2.33,6.99,4.625020139826605e+16,0.015460821439127,0.0631432712904025,0.0289304387711745,0.1846629906764069,0.5333733015261402,0.0023735030052143,0.6551677429561684,True,eval reproduces training-time f_loss/val,,9790137,9790137.0,dim-1448-neutral-epoch-corrected-stats,run_9790137_params_25.5_million,outputs/2026-06-09/syn-dim-1448,hydra_run_dir,866,27697,1238644,1732.68908,True,39699743689498752,310750563,1781030149,/network/scratch/m/michnikr/geometric_scaling_checkpoints_corrected_stats/dim-1448-neutral-epoch-corrected-stats/mpnn/run_9790137_params_25.5_million/dim_1448_step_step=150000.ckpt,,,,dev-equivariant-scaling-laws/analysis_outputs/four_arch_force_scaling_repaired_2026_08_14/four_arch_force_checkpoint_table.csv
mpnn,MPNN,1448,200000,200000,25458016,25458016.0,True,runs_csv,346491774,checkpoint token_processed,2.33,6.99,6.165874195325909e+16,0.0135704511351771,0.0592285735235822,0.0271869607650081,0.1735343705630467,0.4825127290832803,0.0021356226296049,0.6136419615318717,True,eval reproduces training-time f_loss/val,,9790137,9790137.0,dim-1448-neutral-epoch-corrected-stats,run_9790137_params_25.5_million,outputs/2026-06-09/syn-dim-1448,hydra_run_dir,866,27697,1238644,1732.45887,True,52925958758162304,310751009,1781032985,/network/scratch/m/michnikr/geometric_scaling_checkpoints_corrected_stats/dim-1448-neutral-epoch-corrected-stats/mpnn/run_9790137_params_25.5_million/dim_1448_step_step=200000.ckpt,,,,dev-equivariant-scaling-laws/analysis_outputs/four_arch_force_scaling_repaired_2026_08_14/four_arch_force_checkpoint_table.csv
mpnn,MPNN,1448,250000,250000,25458016,25458016.0,True,runs_csv,433134237,checkpoint token_processed,2.33,6.99,7.70769009664996e+16,0.0124148686234161,0.0565495936298962,0.0260101886476292,0.1660230341378177,0.4530595898043201,0.0019835275536705,0.5853312118356675,True,eval reproduces training-time f_loss/val,,9790137,9790137.0,dim-1448-neutral-epoch-corrected-stats,run_9790137_params_25.5_million,outputs/2026-06-09/syn-dim-1448,hydra_run_dir,866,27697,1238644,1732.536948,True,66160430014162752,310751519,1781035834,/network/scratch/m/michnikr/geometric_scaling_checkpoints_corrected_stats/dim-1448-neutral-epoch-corrected-stats/mpnn/run_9790137_params_25.5_million/dim_1448_step_step=250000.ckpt,,,,dev-equivariant-scaling-laws/analysis_outputs/four_arch_force_scaling_repaired_2026_08_14/four_arch_force_checkpoint_table.csv
mpnn,MPNN,1448,300000,300000,25458016,25458016.0,True,runs_csv,519710412,checkpoint token_processed,2.33,6.99,9.248326392859752e+16,0.0116172650768195,0.0545504458171184,0.0251148752994915,0.1603082490366545,0.4331848971700558,0.0018872078596189,0.5643765367673739,True,eval reproduces training-time f_loss/val,,9790137,9790137.0,dim-1448-neutral-epoch-corrected-stats,run_9790137_params_25.5_million,outputs/2026-06-09/syn-dim-1448,hydra_run_dir,866,27697,1238644,1732.36804,True,79384775904375552,310751965,1781038664,/network/scratch/m/michnikr/geometric_scaling_checkpoints_corrected_stats/dim-1448-neutral-epoch-corrected-stats/mpnn/run_9790137_params_25.5_million/dim_1448_step_step=300000.ckpt,,,,dev-equivariant-scaling-laws/analysis_outputs/four_arch_force_scaling_repaired_2026_08_14/four_arch_force_checkpoint_table.csv
mpnn,MPNN,1448,350000,350000,25458016,25458016.0,True,runs_csv,606379622,checkpoint token_processed,2.33,6.99,1.0790618261146016e+17,0.0112376918574777,0.053383073857695,0.0246214582845642,0.1571587682303738,0.4173475447999137,0.0018409493576367,0.5522402321533182,True,eval reproduces training-time f_loss/val,,9790137,9790137.0,dim-1448-neutral-epoch-corrected-stats,run_9790137_params_25.5_million,outputs/2026-06-09/syn-dim-1448,hydra_run_dir,866,27697,1238644,1732.5132057142855,True,92623332713699712,310752411,1781067071,/network/scratch/m/michnikr/geometric_scaling_checkpoints_corrected_stats/dim-1448-neutral-epoch-corrected-stats/mpnn/run_9790137_params_25.5_million/dim_1448_step_step=350000.ckpt,,,,dev-equivariant-scaling-laws/analysis_outputs/four_arch_force_scaling_repaired_2026_08_14/four_arch_force_checkpoint_table.csv
mpnn,MPNN,1448,400000,400000,25458016,25458016.0,True,runs_csv,693029927,checkpoint token_processed,2.33,6.99,1.2332573712061338e+17,0.0107365928842486,0.0520716726040041,0.0240338925282644,0.1534083360079116,0.4054264025310996,0.0017868531029026,0.5385852570690679,True,eval reproduces training-time f_loss/val,,9790137,9790137.0,dim-1448-neutral-epoch-corrected-stats,run_9790137_params_25.5_million,outputs/2026-06-09/syn-dim-1448,hydra_run_dir,866,27697,1238644,1732.5748175,True,105859001820268992,310752857,1781069961,/network/scratch/m/michnikr/geometric_scaling_checkpoints_corrected_stats/dim-1448-neutral-epoch-corrected-stats/mpnn/run_9790137_params_25.5_million/dim_1448_step_step=400000.ckpt,,,,dev-equivariant-scaling-laws/analysis_outputs/four_arch_force_scaling_repaired_2026_08_14/four_arch_force_checkpoint_table.csv
mpnn,MPNN,1448,450000,450000,25458016,25458016.0,True,runs_csv,779689439,checkpoint token_processed,2.33,6.99,1.3874693002952024e+17,0.0103015784729663,0.0509188680309483,0.0235142854315104,0.1500916839093314,0.3944223924576548,0.0017358766744095,0.526547447053579,True,eval reproduces training-time f_loss/val,,9790137,9790137.0,dim-1448-neutral-epoch-corrected-stats,run_9790137_params_25.5_million,outputs/2026-06-09/syn-dim-1448,hydra_run_dir,866,27697,1238644,1732.6431977777777,True,119096077278558144,310753303,1781072768,/network/scratch/m/michnikr/geometric_scaling_checkpoints_corrected_stats/dim-1448-neutral-epoch-corrected-stats/mpnn/run_9790137_params_25.5_million/dim_1448_step_step=450000.ckpt,,,,dev-equivariant-scaling-laws/analysis_outputs/four_arch_force_scaling_repaired_2026_08_14/four_arch_force_checkpoint_table.csv
mpnn,MPNN,1448,500000,500000,25458016,25458016.0,True,runs_csv,866288494,checkpoint token_processed,2.33,6.99,1.5415736452266666e+17,0.0099753487495464,0.0499033747675374,0.0230476435054947,0.1471131084955729,0.3869163762889888,0.0016970471317684,0.5160042189930589,True,eval reproduces training-time f_loss/val,,9790137,9790137.0,dim-1448-neutral-epoch-corrected-stats,run_9790137_params_25.5_million,outputs/2026-06-09/syn-dim-1448,hydra_run_dir,866,27697,1238644,1732.576988,True,132323918045207424,310753749,1781075656,/network/scratch/m/michnikr/geometric_scaling_checkpoints_corrected_stats/dim-1448-neutral-epoch-corrected-stats/mpnn/run_9790137_params_25.5_million/dim_1448_step_step=500000.ckpt,,,,dev-equivariant-scaling-laws/analysis_outputs/four_arch_force_scaling_repaired_2026_08_14/four_arch_force_checkpoint_table.csv
mpnn,MPNN,1583,50000,50000,30396045,30396045.0,True,backfilled_from_slurm_log,86663206,checkpoint token_processed,2.33,6.99,1.841318877884769e+16,0.0258723024373517,0.081199093444346,0.0367019977028574,0.2342688513373392,0.8062815774602097,0.003647200528244,0.8484629397259006,True,eval reproduces training-time f_loss/val,,10325227,10325227.0,dim-1583-neutral-epoch-corrected-stats,run_10325227_params_30.4_million,outputs/2026-08-10/00-34-58,hydra_run_dir,866,27697,1238644,1733.26412,True,15805312256521620,370016675,1786313850,/network/scratch/m/michnikr/geometric_scaling_checkpoints_corrected_stats/dim-1583-neutral-epoch-corrected-stats/mpnn/run_10325227_params_30.4_million/dim_1583_step_step=50000.ckpt,,,,dev-equivariant-scaling-laws/analysis_outputs/four_arch_force_scaling_repaired_2026_08_14/four_arch_force_checkpoint_table.csv
mpnn,MPNN,1583,100000,100000,30396045,30396045.0,True,backfilled_from_slurm_log,173332014,checkpoint token_processed,2.33,6.99,3.682756780541757e+16,0.0181143691717038,0.0683465392326647,0.0310535631651476,0.1982148936831373,0.5925452096288805,0.0026832338685748,0.7102977310123962,True,eval reproduces training-time f_loss/val,,10325227,10325227.0,dim-1583-neutral-epoch-corrected-stats,run_10325227_params_30.4_million,outputs/2026-08-10/00-34-58,hydra_run_dir,866,27697,1238644,1733.32014,True,31611646184907780,370017313,1786317268,/network/scratch/m/michnikr/geometric_scaling_checkpoints_corrected_stats/dim-1583-neutral-epoch-corrected-stats/mpnn/run_10325227_params_30.4_million/dim_1583_step_step=100000.ckpt,,,,dev-equivariant-scaling-laws/analysis_outputs/four_arch_force_scaling_repaired_2026_08_14/four_arch_force_checkpoint_table.csv
mpnn,MPNN,1583,150000,150000,30396045,30396045.0,True,backfilled_from_slurm_log,259995645,checkpoint token_processed,2.33,6.99,5.524084688331594e+16,0.0149430884970524,0.0620798557764456,0.0283349458052195,0.1808619590747163,0.5072444602158824,0.0022719659998891,0.6435182177633484,True,eval reproduces training-time f_loss/val,,10325227,10325227.0,dim-1583-neutral-epoch-corrected-stats,run_10325227_params_30.4_million,outputs/2026-08-10/00-34-58,hydra_run_dir,866,27697,1238644,1733.3043,True,47417035951344150,370017759,1786320617,/network/scratch/m/michnikr/geometric_scaling_checkpoints_corrected_stats/dim-1583-neutral-epoch-corrected-stats/mpnn/run_10325227_params_30.4_million/dim_1583_step_step=150000.ckpt,,,,dev-equivariant-scaling-laws/analysis_outputs/four_arch_force_scaling_repaired_2026_08_14/four_arch_force_checkpoint_table.csv
mpnn,MPNN,1583,200000,200000,30396045,30396045.0,True,backfilled_from_slurm_log,346647268,checkpoint token_processed,2.33,6.99,7.365157464121288e+16,0.0130928795258826,0.0583402738405292,0.0267102070115323,0.1704912513546112,0.4612748691377684,0.002052018920193,0.603922927607223,True,eval reproduces training-time f_loss/val,,10325227,10325227.0,dim-1583-neutral-epoch-corrected-stats,run_10325227_params_30.4_million,outputs/2026-08-10/00-34-58,hydra_run_dir,866,27697,1238644,1733.23634,True,63220235743530360,370018205,1786323992,/network/scratch/m/michnikr/geometric_scaling_checkpoints_corrected_stats/dim-1583-neutral-epoch-corrected-stats/mpnn/run_10325227_params_30.4_million/dim_1583_step_step=200000.ckpt,,,,dev-equivariant-scaling-laws/analysis_outputs/four_arch_force_scaling_repaired_2026_08_14/four_arch_force_checkpoint_table.csv
mpnn,MPNN,1583,250000,250000,30396045,30396045.0,True,backfilled_from_slurm_log,433270122,checkpoint token_processed,2.33,6.99,9.205618989701776e+16,0.0119527941109939,0.0556144520864062,0.0255188161948851,0.1628866037719519,0.4362688222362318,0.0019368345152337,0.5755128660164,True,eval reproduces training-time f_loss/val,,10325227,10325227.0,dim-1583-neutral-epoch-corrected-stats,run_10325227_params_30.4_million,outputs/2026-08-10/00-34-58,hydra_run_dir,866,27697,1238644,1733.080488,True,79018188752804940,370018651,1786327339,/network/scratch/m/michnikr/geometric_scaling_checkpoints_corrected_stats/dim-1583-neutral-epoch-corrected-stats/mpnn/run_10325227_params_30.4_million/dim_1583_step_step=250000.ckpt,,,,dev-equivariant-scaling-laws/analysis_outputs/four_arch_force_scaling_repaired_2026_08_14/four_arch_force_checkpoint_table.csv
mpnn,MPNN,1583,300000,300000,30396045,30396045.0,True,backfilled_from_slurm_log,519928706,checkpoint token_processed,2.33,6.99,1.1046839664713072e+17,0.0111827131145145,0.05364703636952,0.024644303288105,0.1573045878879743,0.4146609922513951,0.0018445224724075,0.5549155884192758,True,eval reproduces training-time f_loss/val,,10325227,10325227.0,dim-1583-neutral-epoch-corrected-stats,run_10325227_params_30.4_million,outputs/2026-08-10/00-34-58,hydra_run_dir,866,27697,1238644,1733.0956866666668,True,94822658066206620,370019161,1786330724,/network/scratch/m/michnikr/geometric_scaling_checkpoints_corrected_stats/dim-1583-neutral-epoch-corrected-stats/mpnn/run_10325227_params_30.4_million/dim_1583_step_step=300000.ckpt,,,,dev-equivariant-scaling-laws/analysis_outputs/four_arch_force_scaling_repaired_2026_08_14/four_arch_force_checkpoint_table.csv
mpnn,MPNN,1583,350000,350000,30396045,30396045.0,True,backfilled_from_slurm_log,606536446,checkpoint token_processed,2.33,6.99,1.2886980065622494e+17,0.0105815394630969,0.0520455862586891,0.023926249930691,0.1527212533076007,0.3965849574939208,0.0017655295513835,0.5381111581007278,True,eval reproduces training-time f_loss/val,,10325227,10325227.0,dim-1583-neutral-epoch-corrected-stats,run_10325227_params_30.4_million,outputs/2026-08-10/00-34-58,hydra_run_dir,866,27697,1238644,1732.9612742857144,True,110617854640536420,370019607,1786334094,/network/scratch/m/michnikr/geometric_scaling_checkpoints_corrected_stats/dim-1583-neutral-epoch-corrected-stats/mpnn/run_10325227_params_30.4_million/dim_1583_step_step=350000.ckpt,,,,dev-equivariant-scaling-laws/analysis_outputs/four_arch_force_scaling_repaired_2026_08_14/four_arch_force_checkpoint_table.csv
mpnn,MPNN,1583,400000,400000,30396045,30396045.0,True,backfilled_from_slurm_log,693194561,checkpoint token_processed,2.33,6.99,1.472819077586796e+17,0.0101693326776189,0.0508159070510167,0.0233698566087007,0.1491697947333371,0.3822499850708948,0.0017009091508541,0.5251681620187092,True,eval reproduces training-time f_loss/val,,10325227,10325227.0,dim-1583-neutral-epoch-corrected-stats,run_10325227_params_30.4_million,outputs/2026-08-10/00-34-58,hydra_run_dir,866,27697,1238644,1732.9864025,True,126422238419467470,370019989,1786339637,/network/scratch/m/michnikr/geometric_scaling_checkpoints_corrected_stats/dim-1583-neutral-epoch-corrected-stats/mpnn/run_10325227_params_30.4_million/dim_1583_step_step=400000.ckpt,,,,dev-equivariant-scaling-laws/analysis_outputs/four_arch_force_scaling_repaired_2026_08_14/four_arch_force_checkpoint_table.csv
mpnn,MPNN,1583,450000,450000,30396045,30396045.0,True,backfilled_from_slurm_log,779777582,checkpoint token_processed,2.33,6.99,1.656780597625177e+17,0.0097973475347791,0.0497462946586052,0.0228908637404189,0.1461123832550941,0.3703175208963643,0.0016466104755512,0.5139290513415653,True,eval reproduces training-time f_loss/val,,10325227,10325227.0,dim-1583-neutral-epoch-corrected-stats,run_10325227_params_30.4_million,outputs/2026-08-10/00-34-58,hydra_run_dir,866,27697,1238644,1732.839071111111,True,142212926834779140,370020435,1786342807,/network/scratch/m/michnikr/geometric_scaling_checkpoints_corrected_stats/dim-1583-neutral-epoch-corrected-stats/mpnn/run_10325227_params_30.4_million/dim_1583_step_step=450000.ckpt,,,,dev-equivariant-scaling-laws/analysis_outputs/four_arch_force_scaling_repaired_2026_08_14/four_arch_force_checkpoint_table.csv
mpnn,MPNN,1583,500000,500000,30396045,30396045.0,True,backfilled_from_slurm_log,866390858,checkpoint token_processed,2.33,6.99,1.8408063999642272e+17,0.0094630601189441,0.048781369991308,0.0224610408305735,0.1433688236215511,0.3606908623361422,0.0016034717517517,0.5038484174305977,True,eval reproduces training-time f_loss/val,,10325227,10325227.0,dim-1583-neutral-epoch-corrected-stats,run_10325227_params_30.4_million,outputs/2026-08-10/00-34-58,hydra_run_dir,866,27697,1238644,1732.781716,True,158009133044139660,370020881,1786345955,/network/scratch/m/michnikr/geometric_scaling_checkpoints_corrected_stats/dim-1583-neutral-epoch-corrected-stats/mpnn/run_10325227_params_30.4_million/dim_1583_step_step=500000.ckpt,,,,dev-equivariant-scaling-laws/analysis_outputs/four_arch_force_scaling_repaired_2026_08_14/four_arch_force_checkpoint_table.csv
mpnn,MPNN,1857,50000,50000,41763072,41763072.0,True,backfilled_from_slurm_log,86663206,checkpoint token_processed,2.33,6.99,2.529905876638254e+16,0.0250183686089226,0.079179296128056,0.0358374773803461,0.2287506181187497,0.7581173486439791,0.003484727753494,0.8266402388155013,True,eval reproduces training-time f_loss/val,,10325228,10325228.0,dim-1857-neutral-epoch-corrected-stats,run_10325228_params_41.8_million,outputs/2026-08-09/17-22-05,hydra_run_dir,866,27697,1238644,1733.26412,True,21715930271572992,506426339,1786314549,/network/scratch/m/michnikr/geometric_scaling_checkpoints_corrected_stats/dim-1857-neutral-epoch-corrected-stats/mpnn/run_10325228_params_41.8_million/dim_1857_step_step=50000.ckpt,,,,dev-equivariant-scaling-laws/analysis_outputs/four_arch_force_scaling_repaired_2026_08_14/four_arch_force_checkpoint_table.csv
mpnn,MPNN,1857,100000,100000,41763072,41763072.0,True,backfilled_from_slurm_log,173332014,checkpoint token_processed,2.33,6.99,5.059975289030319e+16,0.0171883978308813,0.0660985564559216,0.0301236346230684,0.1922791597990461,0.5810924203717956,0.0025691308210739,0.6866768727699558,True,eval reproduces training-time f_loss/val,,10325228,10325228.0,dim-1857-neutral-epoch-corrected-stats,run_10325228_params_41.8_million,outputs/2026-08-09/17-22-05,hydra_run_dir,866,27697,1238644,1733.32014,True,43433264283522048,506426977,1786318599,/network/scratch/m/michnikr/geometric_scaling_checkpoints_corrected_stats/dim-1857-neutral-epoch-corrected-stats/mpnn/run_10325228_params_41.8_million/dim_1857_step_step=100000.ckpt,,,,dev-equivariant-scaling-laws/analysis_outputs/four_arch_force_scaling_repaired_2026_08_14/four_arch_force_checkpoint_table.csv
mpnn,MPNN,1857,150000,150000,41763072,41763072.0,True,backfilled_from_slurm_log,259995645,checkpoint token_processed,2.33,6.99,7.589893572433187e+16,0.0140591810277811,0.0596682646851685,0.027339443722164,0.1745076692785732,0.5118756263794304,0.0022559279509267,0.6192419263609528,True,eval reproduces training-time f_loss/val,,10325228,10325228.0,dim-1857-neutral-epoch-corrected-stats,run_10325228_params_41.8_million,outputs/2026-08-09/17-22-05,hydra_run_dir,866,27697,1238644,1733.3043,True,65149301050928640,506427423,1786322615,/network/scratch/m/michnikr/geometric_scaling_checkpoints_corrected_stats/dim-1857-neutral-epoch-corrected-stats/mpnn/run_10325228_params_41.8_million/dim_1857_step_step=150000.ckpt,,,,dev-equivariant-scaling-laws/analysis_outputs/four_arch_force_scaling_repaired_2026_08_14/four_arch_force_checkpoint_table.csv
mpnn,MPNN,1857,200000,200000,41763072,41763072.0,True,backfilled_from_slurm_log,346647268,checkpoint token_processed,2.33,6.99,1.011946131364902e+17,0.0122133059172802,0.0558156841251715,0.0256662550523746,0.1638277059993072,0.4657608699784819,0.0020217220558393,0.5783740618101088,True,eval reproduces training-time f_loss/val,,10325228,10325228.0,dim-1857-neutral-epoch-corrected-stats,run_10325228_params_41.8_million,outputs/2026-08-09/17-22-05,hydra_run_dir,866,27697,1238644,1733.23634,True,86862328872523776,506427869,1786326640,/network/scratch/m/michnikr/geometric_scaling_checkpoints_corrected_stats/dim-1857-neutral-epoch-corrected-stats/mpnn/run_10325228_params_41.8_million/dim_1857_step_step=200000.ckpt,,,,dev-equivariant-scaling-laws/analysis_outputs/four_arch_force_scaling_repaired_2026_08_14/four_arch_force_checkpoint_table.csv
mpnn,MPNN,1857,250000,250000,41763072,41763072.0,True,backfilled_from_slurm_log,433270122,checkpoint token_processed,2.33,6.99,1.2648189219073816e+17,0.0111898409009655,0.0532735217637952,0.0245470912052189,0.1566840831629123,0.4354950590338773,0.0018976502171308,0.5517117198092614,True,eval reproduces training-time f_loss/val,,10325228,10325228.0,dim-1857-neutral-epoch-corrected-stats,run_10325228_params_41.8_million,outputs/2026-08-09/17-22-05,hydra_run_dir,866,27697,1238644,1733.080488,True,108568147803208704,506428315,1786330636,/network/scratch/m/michnikr/geometric_scaling_checkpoints_corrected_stats/dim-1857-neutral-epoch-corrected-stats/mpnn/run_10325228_params_41.8_million/dim_1857_step_step=250000.ckpt,,,,dev-equivariant-scaling-laws/analysis_outputs/four_arch_force_scaling_repaired_2026_08_14/four_arch_force_checkpoint_table.csv
mpnn,MPNN,1857,300000,300000,41763072,41763072.0,True,backfilled_from_slurm_log,519928706,checkpoint token_processed,2.33,6.99,1.517796016849784e+17,0.0104625786656802,0.0513844566880004,0.0236998131303174,0.1512759072108164,0.4111073511990333,0.001791041449998,0.531754981379985,True,eval reproduces training-time f_loss/val,,10325228,10325228.0,dim-1857-neutral-epoch-corrected-stats,run_10325228_params_41.8_million,outputs/2026-08-09/17-22-05,hydra_run_dir,866,27697,1238644,1733.0956866666668,True,130282919901268992,506428825,1786334707,/network/scratch/m/michnikr/geometric_scaling_checkpoints_corrected_stats/dim-1857-neutral-epoch-corrected-stats/mpnn/run_10325228_params_41.8_million/dim_1857_step_step=300000.ckpt,,,,dev-equivariant-scaling-laws/analysis_outputs/four_arch_force_scaling_repaired_2026_08_14/four_arch_force_checkpoint_table.csv
mpnn,MPNN,1857,350000,350000,41763072,41763072.0,True,backfilled_from_slurm_log,606536446,checkpoint token_processed,2.33,6.99,1.7706246860180557e+17,0.0098916002101314,0.0498552639725646,0.023012353842422,0.1468878545761796,0.3913482478357352,0.0017041261451061,0.5155939011767079,True,eval reproduces training-time f_loss/val,,10325228,10325228.0,dim-1857-neutral-epoch-corrected-stats,run_10325228_params_41.8_million,outputs/2026-08-09/17-22-05,hydra_run_dir,866,27697,1238644,1732.9612742857144,True,151984951589532672,506429271,1786338759,/network/scratch/m/michnikr/geometric_scaling_checkpoints_corrected_stats/dim-1857-neutral-epoch-corrected-stats/mpnn/run_10325228_params_41.8_million/dim_1857_step_step=350000.ckpt,,,,dev-equivariant-scaling-laws/analysis_outputs/four_arch_force_scaling_repaired_2026_08_14/four_arch_force_checkpoint_table.csv
mpnn,MPNN,1857,400000,400000,41763072,41763072.0,True,backfilled_from_slurm_log,693194561,checkpoint token_processed,2.33,6.99,2.0236004118374925e+17,0.0094515709373153,0.0485381941132539,0.0224265688193078,0.1431487887736418,0.3775476266481584,0.0016370886605685,0.5017528277382257,True,eval reproduces training-time f_loss/val,,10325228,10325228.0,dim-1857-neutral-epoch-corrected-stats,run_10325228_params_41.8_million,outputs/2026-08-09/17-22-05,hydra_run_dir,866,27697,1238644,1732.9864025,True,173699606166308352,506429717,1786342690,/network/scratch/m/michnikr/geometric_scaling_checkpoints_corrected_stats/dim-1857-neutral-epoch-corrected-stats/mpnn/run_10325228_params_41.8_million/dim_1857_step_step=400000.ckpt,,,,dev-equivariant-scaling-laws/analysis_outputs/four_arch_force_scaling_repaired_2026_08_14/four_arch_force_checkpoint_table.csv
mpnn,MPNN,1857,450000,450000,41763072,41763072.0,True,backfilled_from_slurm_log,779777582,checkpoint token_processed,2.33,6.99,2.2763569203435283e+17,0.0090611452448093,0.0474469268814968,0.0219437000796041,0.1400666376081129,0.3647120690648605,0.0015795392328556,0.4902646611435242,True,eval reproduces training-time f_loss/val,,10325228,10325228.0,dim-1857-neutral-epoch-corrected-stats,run_10325228_params_41.8_million,outputs/2026-08-09/17-22-05,hydra_run_dir,866,27697,1238644,1732.839071111111,True,195395443806311424,506430163,1786346576,/network/scratch/m/michnikr/geometric_scaling_checkpoints_corrected_stats/dim-1857-neutral-epoch-corrected-stats/mpnn/run_10325228_params_41.8_million/dim_1857_step_step=450000.ckpt,,,,dev-equivariant-scaling-laws/analysis_outputs/four_arch_force_scaling_repaired_2026_08_14/four_arch_force_checkpoint_table.csv
mpnn,MPNN,1857,500000,500000,41763072,41763072.0,True,backfilled_from_slurm_log,866390858,checkpoint token_processed,2.33,6.99,2.529201750417425e+17,0.0087293181939407,0.0465146447994314,0.0215261785280026,0.1374015975442411,0.3562098303444115,0.0015400066797962,0.4805465147922764,True,eval reproduces training-time f_loss/val,,10325228,10325228.0,dim-1857-neutral-epoch-corrected-stats,run_10325228_params_41.8_million,outputs/2026-08-09/17-22-05,hydra_run_dir,866,27697,1238644,1732.781716,True,217098862696774656,506430609,1786350446,/network/scratch/m/michnikr/geometric_scaling_checkpoints_corrected_stats/dim-1857-neutral-epoch-corrected-stats/mpnn/run_10325228_params_41.8_million/dim_1857_step_step=500000.ckpt,,,,dev-equivariant-scaling-laws/analysis_outputs/four_arch_force_scaling_repaired_2026_08_14/four_arch_force_checkpoint_table.csv
mpnn,MPNN,2048,50000,50000,50752516,50752516.0,True,runs_csv,86617160,checkpoint token_processed,2.33,6.99,3.0728311203434176e+16,0.0254080799514724,0.0790801692289444,0.035749547358475,0.2281893607891459,0.7925258647762325,0.0036516421759236,0.8273181140486809,True,eval reproduces training-time f_loss/val,,9653909,9653909.0,dim-2048-neutral-epoch-corrected-stats,run_9653909_params_50.8_million,outputs/2026-05-26/20-43-03,hydra_run_dir,866,27697,1238644,1732.3432,True,26376232792647360,614286695,1779846717,/network/scratch/m/michnikr/geometric_scaling_checkpoints_corrected_stats/dim-2048-neutral-epoch-corrected-stats/mpnn/run_9653909_params_50.8_million/dim_2048_step_step=50000.ckpt,,,,dev-equivariant-scaling-laws/analysis_outputs/four_arch_force_scaling_repaired_2026_08_14/four_arch_force_checkpoint_table.csv
mpnn,MPNN,2048,100000,100000,50752516,50752516.0,True,runs_csv,173278844,checkpoint token_processed,2.33,6.99,6.147241774497482e+16,0.0171826518389157,0.065698863503977,0.0299140279043842,0.1909412401136845,0.5779918708234131,0.0026000979108849,0.68298961414862,True,eval reproduces training-time f_loss/val,,9653909,9653909.0,dim-2048-neutral-epoch-corrected-stats,run_9653909_params_50.8_million,outputs/2026-05-26/20-43-03,hydra_run_dir,866,27697,1238644,1732.78844,True,52766023815429024,614287333,1779850876,/network/scratch/m/michnikr/geometric_scaling_checkpoints_corrected_stats/dim-2048-neutral-epoch-corrected-stats/mpnn/run_9653909_params_50.8_million/dim_2048_step_step=100000.ckpt,,,,dev-equivariant-scaling-laws/analysis_outputs/four_arch_force_scaling_repaired_2026_08_14/four_arch_force_checkpoint_table.csv
mpnn,MPNN,2048,150000,150000,50752516,50752516.0,True,runs_csv,259927045,checkpoint token_processed,2.33,6.99,9.22117410562646e+16,0.0138444120586499,0.0595070260080055,0.0272525329446377,0.1739529177856225,0.4963842832739303,0.0022065636305854,0.6171358963859097,True,eval reproduces training-time f_loss/val,,9653909,9653909.0,dim-2048-neutral-epoch-corrected-stats,run_9653909_params_50.8_million,outputs/2026-05-26/20-43-03,hydra_run_dir,866,27697,1238644,1732.8469666666667,True,79151709061171320,614287779,1779855012,/network/scratch/m/michnikr/geometric_scaling_checkpoints_corrected_stats/dim-2048-neutral-epoch-corrected-stats/mpnn/run_9653909_params_50.8_million/dim_2048_step_step=150000.ckpt,,,,dev-equivariant-scaling-laws/analysis_outputs/four_arch_force_scaling_repaired_2026_08_14/four_arch_force_checkpoint_table.csv
mpnn,MPNN,2048,200000,200000,50752516,50752516.0,True,runs_csv,346530945,checkpoint token_processed,2.33,6.99,1.2293534814094728e+17,0.0122162529098528,0.0556157629842295,0.0254908281999465,0.1627079564002589,0.4470766677282424,0.0020083766733753,0.5762413965760489,True,eval reproduces training-time f_loss/val,,9653909,9653909.0,dim-2048-neutral-epoch-corrected-stats,run_9653909_params_50.8_million,outputs/2026-05-26/20-43-03,hydra_run_dir,866,27697,1238644,1732.654725,True,105523903983645720,614288225,1779859072,/network/scratch/m/michnikr/geometric_scaling_checkpoints_corrected_stats/dim-2048-neutral-epoch-corrected-stats/mpnn/run_9653909_params_50.8_million/dim_2048_step_step=200000.ckpt,,,,dev-equivariant-scaling-laws/analysis_outputs/four_arch_force_scaling_repaired_2026_08_14/four_arch_force_checkpoint_table.csv
mpnn,MPNN,2048,250000,250000,50752516,50752516.0,True,runs_csv,433158934,checkpoint token_processed,2.33,6.99,1.5366750104136186e+17,0.0111156090538557,0.052938021775378,0.0243020790725969,0.1551201707203861,0.4099407733243828,0.001842054822544,0.5478007659792209,True,eval reproduces training-time f_loss/val,,9653909,9653909.0,dim-2048-neutral-epoch-corrected-stats,run_9653909_params_50.8_million,outputs/2026-05-26/20-43-03,hydra_run_dir,866,27697,1238644,1732.635736,True,131903434370267664,614288735,1779863126,/network/scratch/m/michnikr/geometric_scaling_checkpoints_corrected_stats/dim-2048-neutral-epoch-corrected-stats/mpnn/run_9653909_params_50.8_million/dim_2048_step_step=250000.ckpt,,,,dev-equivariant-scaling-laws/analysis_outputs/four_arch_force_scaling_repaired_2026_08_14/four_arch_force_checkpoint_table.csv
mpnn,MPNN,2048,300000,300000,50752516,50752516.0,True,runs_csv,519761671,checkpoint token_processed,2.33,6.99,1.8439069554006352e+17,0.0103336061078379,0.0508671444528854,0.0233909181860154,0.1493042307813366,0.3884571438642352,0.001734118139375,0.5260126259226049,True,eval reproduces training-time f_loss/val,,9653909,9653909.0,dim-2048-neutral-epoch-corrected-stats,run_9653909_params_50.8_million,outputs/2026-05-26/20-43-03,hydra_run_dir,866,27697,1238644,1732.538903333333,True,158275275141685416,614289181,1779867177,/network/scratch/m/michnikr/geometric_scaling_checkpoints_corrected_stats/dim-2048-neutral-epoch-corrected-stats/mpnn/run_9653909_params_50.8_million/dim_2048_step_step=300000.ckpt,,,,dev-equivariant-scaling-laws/analysis_outputs/four_arch_force_scaling_repaired_2026_08_14/four_arch_force_checkpoint_table.csv
mpnn,MPNN,2048,350000,350000,50752516,50752516.0,True,runs_csv,606417863,checkpoint token_processed,2.33,6.99,2.1513285373920723e+17,0.0097243376132681,0.0492344494848824,0.022673962101028,0.1447279000908618,0.3709568563702475,0.0016478968068514,0.5088234629173383,True,eval reproduces training-time f_loss/val,,9653909,9653909.0,dim-2048-neutral-epoch-corrected-stats,run_9653909_params_50.8_million,outputs/2026-05-26/20-43-03,hydra_run_dir,866,27697,1238644,1732.6224657142857,True,184663393767559848,614289627,1779871208,/network/scratch/m/michnikr/geometric_scaling_checkpoints_corrected_stats/dim-2048-neutral-epoch-corrected-stats/mpnn/run_9653909_params_50.8_million/dim_2048_step_step=350000.ckpt,,,,dev-equivariant-scaling-laws/analysis_outputs/four_arch_force_scaling_repaired_2026_08_14/four_arch_force_checkpoint_table.csv
mpnn,MPNN,2048,400000,400000,50752516,50752516.0,True,runs_csv,693049501,checkpoint token_processed,2.33,6.99,2.458663011591787e+17,0.0092504453690997,0.0478443962567019,0.0220532482310323,0.1407658834586793,0.3569430756720329,0.0015814288157843,0.494258250724863,True,eval reproduces training-time f_loss/val,,9653909,9653909.0,dim-2048-neutral-epoch-corrected-stats,run_9653909_params_50.8_million,outputs/2026-05-26/20-43-03,hydra_run_dir,866,27697,1238644,1732.6237525,True,211044035329767096,614290073,1779875222,/network/scratch/m/michnikr/geometric_scaling_checkpoints_corrected_stats/dim-2048-neutral-epoch-corrected-stats/mpnn/run_9653909_params_50.8_million/dim_2048_step_step=400000.ckpt,,,,dev-equivariant-scaling-laws/analysis_outputs/four_arch_force_scaling_repaired_2026_08_14/four_arch_force_checkpoint_table.csv
mpnn,MPNN,2048,450000,450000,50752516,50752516.0,True,runs_csv,779736763,checkpoint token_processed,2.33,6.99,2.766194817542205e+17,0.0089118048183321,0.0466845996428375,0.0215248851731228,0.1373933420600434,0.3477777431764173,0.0015349994167146,0.4821959905955224,True,eval reproduces training-time f_loss/val,,9653909,9653909.0,dim-2048-neutral-epoch-corrected-stats,run_9653909_params_50.8_million,outputs/2026-05-26/20-43-03,hydra_run_dir,866,27697,1238644,1732.748362222222,True,237441615239674248,614290519,1779879266,/network/scratch/m/michnikr/geometric_scaling_checkpoints_corrected_stats/dim-2048-neutral-epoch-corrected-stats/mpnn/run_9653909_params_50.8_million/dim_2048_step_step=450000.ckpt,,,,dev-equivariant-scaling-laws/analysis_outputs/four_arch_force_scaling_repaired_2026_08_14/four_arch_force_checkpoint_table.csv
mpnn,MPNN,2048,500000,500000,50752516,50752516.0,True,runs_csv,866324068,checkpoint token_processed,2.33,6.99,3.073372015952621e+17,0.0086021587131899,0.0456973631042496,0.0210825178817274,0.1345697116390662,0.3384735923578778,0.0014839423918509,0.471813054961006,True,eval reproduces training-time f_loss/val,,9653909,9653909.0,dim-2048-neutral-epoch-corrected-stats,run_9653909_params_50.8_million,outputs/2026-05-26/20-43-03,hydra_run_dir,866,27697,1238644,1732.648136,True,263808756734130528,614290965,1779883285,/network/scratch/m/michnikr/geometric_scaling_checkpoints_corrected_stats/dim-2048-neutral-epoch-corrected-stats/mpnn/run_9653909_params_50.8_million/dim_2048_step_step=500000.ckpt,,,,dev-equivariant-scaling-laws/analysis_outputs/four_arch_force_scaling_repaired_2026_08_14/four_arch_force_checkpoint_table.csv
mpnn,MPNN,2557,50000,50000,78984522,78984522.0,True,backfilled_from_slurm_log,86663206,checkpoint token_processed,2.33,6.99,4.784691278727374e+16,0.0242683261489887,0.0771221502815259,0.0349152593740886,0.2228641005848076,0.8193683529973856,0.00368289780931,0.8080504809083593,True,eval reproduces training-time f_loss/val,,10325229,10325229.0,dim-2557-neutral-epoch-corrected-stats,run_10325229_params_79.0_million,outputs/2026-08-09/17-35-54,hydra_run_dir,866,27697,1238644,1733.26412,True,41070311405385192,953077859,1786316984,/network/scratch/m/michnikr/geometric_scaling_checkpoints_corrected_stats/dim-2557-neutral-epoch-corrected-stats/mpnn/run_10325229_params_79.0_million/dim_2557_step_step=50000.ckpt,,,,dev-equivariant-scaling-laws/analysis_outputs/four_arch_force_scaling_repaired_2026_08_14/four_arch_force_checkpoint_table.csv
mpnn,MPNN,2557,100000,100000,78984522,78984522.0,True,backfilled_from_slurm_log,173332014,checkpoint token_processed,2.33,6.99,9.569691844888029e+16,0.0163049880446388,0.0640538808982174,0.0291502382015328,0.1860659704403844,0.616875071586142,0.0027098195077114,0.6676370040592888,True,eval reproduces training-time f_loss/val,,10325229,10325229.0,dim-2557-neutral-epoch-corrected-stats,run_10325229_params_79.0_million,outputs/2026-08-09/17-35-54,hydra_run_dir,866,27697,1238644,1733.32014,True,82143277638523848,953078497,1786322546,/network/scratch/m/michnikr/geometric_scaling_checkpoints_corrected_stats/dim-2557-neutral-epoch-corrected-stats/mpnn/run_10325229_params_79.0_million/dim_2557_step_step=100000.ckpt,,,,dev-equivariant-scaling-laws/analysis_outputs/four_arch_force_scaling_repaired_2026_08_14/four_arch_force_checkpoint_table.csv
mpnn,MPNN,2557,150000,150000,78984522,78984522.0,True,backfilled_from_slurm_log,259995645,checkpoint token_processed,2.33,6.99,1.4354406587942275e+17,0.0130242368904873,0.0571338072393356,0.0261727931341995,0.1670609385755954,0.5137301681877284,0.0022268246025315,0.5936063184186722,True,eval reproduces training-time f_loss/val,,10325229,10325229.0,dim-2557-neutral-epoch-corrected-stats,run_10325229_params_79.0_million,outputs/2026-08-09/17-35-54,hydra_run_dir,866,27697,1238644,1733.3043,True,123213790454440140,953078943,1786328106,/network/scratch/m/michnikr/geometric_scaling_checkpoints_corrected_stats/dim-2557-neutral-epoch-corrected-stats/mpnn/run_10325229_params_79.0_million/dim_2557_step_step=150000.ckpt,,,,dev-equivariant-scaling-laws/analysis_outputs/four_arch_force_scaling_repaired_2026_08_14/four_arch_force_checkpoint_table.csv
mpnn,MPNN,2557,200000,200000,78984522,78984522.0,True,backfilled_from_slurm_log,346647268,checkpoint token_processed,2.33,6.99,1.913845836714454e+17,0.0111699128836956,0.0529932238755201,0.0243884721124372,0.1556716174936872,0.4509733114520617,0.0019589571771453,0.5495218105266553,True,eval reproduces training-time f_loss/val,,10325229,10325229.0,dim-2557-neutral-epoch-corrected-stats,run_10325229_params_79.0_million,outputs/2026-08-09/17-35-54,hydra_run_dir,866,27697,1238644,1733.23634,True,164278612593515376,953079389,1786333698,/network/scratch/m/michnikr/geometric_scaling_checkpoints_corrected_stats/dim-2557-neutral-epoch-corrected-stats/mpnn/run_10325229_params_79.0_million/dim_2557_step_step=200000.ckpt,,,,dev-equivariant-scaling-laws/analysis_outputs/four_arch_force_scaling_repaired_2026_08_14/four_arch_force_checkpoint_table.csv
mpnn,MPNN,2557,250000,250000,78984522,78984522.0,True,backfilled_from_slurm_log,433270122,checkpoint token_processed,2.33,6.99,2.3920921804653126e+17,0.0100870086100623,0.0501868615172132,0.023134469832348,0.1476673209398778,0.4144881385578569,0.0018158281023972,0.5200268961961045,True,eval reproduces training-time f_loss/val,,10325229,10325229.0,dim-2557-neutral-epoch-corrected-stats,run_10325229_params_79.0_million,outputs/2026-08-09/17-35-54,hydra_run_dir,866,27697,1238644,1733.080488,True,205329800898310104,953079835,1786339206,/network/scratch/m/michnikr/geometric_scaling_checkpoints_corrected_stats/dim-2557-neutral-epoch-corrected-stats/mpnn/run_10325229_params_79.0_million/dim_2557_step_step=250000.ckpt,,,,dev-equivariant-scaling-laws/analysis_outputs/four_arch_force_scaling_repaired_2026_08_14/four_arch_force_checkpoint_table.csv
mpnn,MPNN,2557,300000,300000,78984522,78984522.0,True,backfilled_from_slurm_log,519928706,checkpoint token_processed,2.33,6.99,2.8705357901924483e+17,0.0093296210181535,0.0480657681611992,0.0221904211269581,0.1416414580533741,0.3914405458002388,0.0017163532327131,0.497821213939124,True,eval reproduces training-time f_loss/val,,10325229,10325229.0,dim-2557-neutral-epoch-corrected-stats,run_10325229_params_79.0_million,outputs/2026-08-09/17-35-54,hydra_run_dir,866,27697,1238644,1733.0956866666668,True,246397921904931192,953080345,1786344768,/network/scratch/m/michnikr/geometric_scaling_checkpoints_corrected_stats/dim-2557-neutral-epoch-corrected-stats/mpnn/run_10325229_params_79.0_million/dim_2557_step_step=300000.ckpt,,,,dev-equivariant-scaling-laws/analysis_outputs/four_arch_force_scaling_repaired_2026_08_14/four_arch_force_checkpoint_table.csv
mpnn,MPNN,2557,350000,350000,78984522,78984522.0,True,backfilled_from_slurm_log,606536446,checkpoint token_processed,2.33,6.99,3.348698689275928e+17,0.0087696910641149,0.0463458096746174,0.0214054178908433,0.1366307823972531,0.374282648808411,0.0016460951235399,0.4799190479815737,True,eval reproduces training-time f_loss/val,,10325229,10325229.0,dim-2557-neutral-epoch-corrected-stats,run_10325229_params_79.0_million,outputs/2026-08-09/17-35-54,hydra_run_dir,866,27697,1238644,1732.9612742857144,True,287441947577332872,953080791,1786350227,/network/scratch/m/michnikr/geometric_scaling_checkpoints_corrected_stats/dim-2557-neutral-epoch-corrected-stats/mpnn/run_10325229_params_79.0_million/dim_2557_step_step=350000.ckpt,,,,dev-equivariant-scaling-laws/analysis_outputs/four_arch_force_scaling_repaired_2026_08_14/four_arch_force_checkpoint_table.csv
mpnn,MPNN,2557,400000,400000,78984522,78984522.0,True,backfilled_from_slurm_log,693194561,checkpoint token_processed,2.33,6.99,3.82713970964558e+17,0.0083989700440674,0.0450061393824274,0.0207838877991286,0.1326635558218383,0.357755068268016,0.0015724436647482,0.4657858304717572,True,eval reproduces training-time f_loss/val,,10325229,10325229.0,dim-2557-neutral-epoch-corrected-stats,run_10325229_params_79.0_million,outputs/2026-08-09/17-35-54,hydra_run_dir,866,27697,1238644,1732.9864025,True,328509846321509052,953081237,1786355922,/network/scratch/m/michnikr/geometric_scaling_checkpoints_corrected_stats/dim-2557-neutral-epoch-corrected-stats/mpnn/run_10325229_params_79.0_million/dim_2557_step_step=400000.ckpt,,,,dev-equivariant-scaling-laws/analysis_outputs/four_arch_force_scaling_repaired_2026_08_14/four_arch_force_checkpoint_table.csv
mpnn,MPNN,2557,450000,450000,78984522,78984522.0,True,backfilled_from_slurm_log,779777582,checkpoint token_processed,2.33,6.99,4.305166134682947e+17,0.0080524201064766,0.0438348213533331,0.0202503671119743,0.129258093275732,0.342034593353577,0.0015001675015163,0.4533498885484943,True,eval reproduces training-time f_loss/val,,10325229,10325229.0,dim-2557-neutral-epoch-corrected-stats,run_10325229_params_79.0_million,outputs/2026-08-09/17-35-54,hydra_run_dir,866,27697,1238644,1732.839071111111,True,369542157483514824,953081683,1786361449,/network/scratch/m/michnikr/geometric_scaling_checkpoints_corrected_stats/dim-2557-neutral-epoch-corrected-stats/mpnn/run_10325229_params_79.0_million/dim_2557_step_step=450000.ckpt,,,,dev-equivariant-scaling-laws/analysis_outputs/four_arch_force_scaling_repaired_2026_08_14/four_arch_force_checkpoint_table.csv
mpnn,MPNN,2557,500000,500000,78984522,78984522.0,True,backfilled_from_slurm_log,866390858,checkpoint token_processed,2.33,6.99,4.783359598122561e+17,0.0077457507378873,0.0428191533282089,0.019790631851924,0.126323603110831,0.3300983225604127,0.0014441679128312,0.4426332124104018,True,eval reproduces training-time f_loss/val,,10325229,10325229.0,dim-2557-neutral-epoch-corrected-stats,run_10325229_params_79.0_million,outputs/2026-08-09/17-35-54,hydra_run_dir,866,27697,1238644,1732.781716,True,410588806705799256,953082129,1786366885,/network/scratch/m/michnikr/geometric_scaling_checkpoints_corrected_stats/dim-2557-neutral-epoch-corrected-stats/mpnn/run_10325229_params_79.0_million/dim_2557_step_step=500000.ckpt,,,,dev-equivariant-scaling-laws/analysis_outputs/four_arch_force_scaling_repaired_2026_08_14/four_arch_force_checkpoint_table.csv
mpnn,MPNN,4096,50000,50000,202168324,202168324.0,True,runs_csv,86661519,checkpoint token_processed,2.33,6.99,1.2246629622015386e+17,0.0223774916221394,0.0744797534053375,0.0337712072834676,0.2155616160903737,0.7984358791872755,0.0035747947038514,0.78054548109189,True,eval reproduces training-time f_loss/val,,9659211,9659211.0,dim-4096-neutral-epoch-corrected-stats,run_9659211_params_202.2_million,outputs/2026-05-27/08-51-57,hydra_run_dir,866,27697,1238644,1733.23038,True,105121284309144936,2431276391,1779896855,/network/scratch/m/michnikr/geometric_scaling_checkpoints_corrected_stats/dim-4096-neutral-epoch-corrected-stats/mpnn/run_9659211_params_202.2_million/dim_4096_step_step=50000.ckpt,,,,dev-equivariant-scaling-laws/analysis_outputs/four_arch_force_scaling_repaired_2026_08_14/four_arch_force_checkpoint_table.csv
mpnn,MPNN,4096,100000,100000,202168324,202168324.0,True,runs_csv,173265439,checkpoint token_processed,2.33,6.99,2.448511960341821e+17,0.014250125673892,0.0600153057562836,0.0274032291908131,0.1749148119249602,0.5652373483701336,0.0024916040623726,0.6250690981865631,True,eval reproduces training-time f_loss/val,,9659211,9659211.0,dim-4096-neutral-epoch-corrected-stats,run_9659211_params_202.2_million,outputs/2026-05-27/08-51-57,hydra_run_dir,866,27697,1238644,1732.65439,True,210172700458525416,2431277029,1779907377,/network/scratch/m/michnikr/geometric_scaling_checkpoints_corrected_stats/dim-4096-neutral-epoch-corrected-stats/mpnn/run_9659211_params_202.2_million/dim_4096_step_step=100000.ckpt,,,,dev-equivariant-scaling-laws/analysis_outputs/four_arch_force_scaling_repaired_2026_08_14/four_arch_force_checkpoint_table.csv
mpnn,MPNN,4096,150000,150000,202168324,202168324.0,True,runs_csv,259926328,checkpoint token_processed,2.33,6.99,3.673166019656876e+17,0.011394447041299,0.0533098502785793,0.02444532601865,0.1560345159770435,0.4661151778821857,0.0020358093779514,0.553456596565308,True,eval reproduces training-time f_loss/val,,9659211,9659211.0,dim-4096-neutral-epoch-corrected-stats,run_9659211_params_202.2_million,outputs/2026-05-27/08-51-57,hydra_run_dir,866,27697,1238644,1732.8421866666667,True,315293220571405632,2431277475,1779917917,/network/scratch/m/michnikr/geometric_scaling_checkpoints_corrected_stats/dim-4096-neutral-epoch-corrected-stats/mpnn/run_9659211_params_202.2_million/dim_4096_step_step=150000.ckpt,,,,dev-equivariant-scaling-laws/analysis_outputs/four_arch_force_scaling_repaired_2026_08_14/four_arch_force_checkpoint_table.csv
mpnn,MPNN,4096,200000,200000,202168324,202168324.0,True,runs_csv,346573486,checkpoint token_processed,2.33,6.99,4.897626038441277e+17,0.0099476265035974,0.0492445469186501,0.0226401039735723,0.1445117836633125,0.4057986693624536,0.00179351235902,0.5103805927767023,True,eval reproduces training-time f_loss/val,,9659211,9659211.0,dim-4096-neutral-epoch-corrected-stats,run_9659211_params_202.2_million,outputs/2026-05-27/08-51-57,hydra_run_dir,866,27697,1238644,1732.86743,True,420397084844744784,2431277985,1779928432,/network/scratch/m/michnikr/geometric_scaling_checkpoints_corrected_stats/dim-4096-neutral-epoch-corrected-stats/mpnn/run_9659211_params_202.2_million/dim_4096_step_step=200000.ckpt,,,,dev-equivariant-scaling-laws/analysis_outputs/four_arch_force_scaling_repaired_2026_08_14/four_arch_force_checkpoint_table.csv
mpnn,MPNN,4096,250000,250000,202168324,202168324.0,True,runs_csv,433230901,checkpoint token_processed,2.33,6.99,6.122231004696577e+17,0.0090120202372674,0.0463892131609364,0.0213350761480085,0.1361817910527384,0.3715052702410392,0.0016427554600704,0.480319686210069,True,eval reproduces training-time f_loss/val,,9659211,9659211.0,dim-4096-neutral-epoch-corrected-stats,run_9659211_params_202.2_million,outputs/2026-05-27/08-51-57,hydra_run_dir,866,27697,1238644,1732.923604,True,525513390961079544,2431278431,1779938985,/network/scratch/m/michnikr/geometric_scaling_checkpoints_corrected_stats/dim-4096-neutral-epoch-corrected-stats/mpnn/run_9659211_params_202.2_million/dim_4096_step_step=250000.ckpt,,,,dev-equivariant-scaling-laws/analysis_outputs/four_arch_force_scaling_repaired_2026_08_14/four_arch_force_checkpoint_table.csv
mpnn,MPNN,4096,300000,300000,202168324,202168324.0,True,runs_csv,519841932,checkpoint token_processed,2.33,6.99,7.346180492401601e+17,0.00830125453434,0.0442451614387522,0.0203911264125263,0.1301565598911556,0.3480098440503276,0.0015401626755209,0.4578532411427319,True,eval reproduces training-time f_loss/val,,9659211,9659211.0,dim-4096-neutral-epoch-corrected-stats,run_9659211_params_202.2_million,outputs/2026-05-27/08-51-57,hydra_run_dir,866,27697,1238644,1732.80644,True,630573432824171808,2431278877,1779951592,/network/scratch/m/michnikr/geometric_scaling_checkpoints_corrected_stats/dim-4096-neutral-epoch-corrected-stats/mpnn/run_9659211_params_202.2_million/dim_4096_step_step=300000.ckpt,,,,dev-equivariant-scaling-laws/analysis_outputs/four_arch_force_scaling_repaired_2026_08_14/four_arch_force_checkpoint_table.csv
mpnn,MPNN,4096,350000,350000,202168324,202168324.0,True,runs_csv,606458979,checkpoint token_processed,2.33,6.99,8.570214995606766e+17,0.0077833347194602,0.0425379044348352,0.0196275185613373,0.1252824509770159,0.3291771189238678,0.0014618691964361,0.4399977363127135,True,eval reproduces training-time f_loss/val,,9659211,9659211.0,dim-4096-neutral-epoch-corrected-stats,run_9659211_params_202.2_million,outputs/2026-05-27/08-51-57,hydra_run_dir,866,27697,1238644,1732.73994,True,735640772155087176,2431279323,1779968810,/network/scratch/m/michnikr/geometric_scaling_checkpoints_corrected_stats/dim-4096-neutral-epoch-corrected-stats/mpnn/run_9659211_params_202.2_million/dim_4096_step_step=350000.ckpt,,,,dev-equivariant-scaling-laws/analysis_outputs/four_arch_force_scaling_repaired_2026_08_14/four_arch_force_checkpoint_table.csv
mpnn,MPNN,4096,400000,400000,202168324,202168324.0,True,runs_csv,693087125,checkpoint token_processed,2.33,6.99,9.794406345061272e+17,0.0073978399537131,0.0411362340028546,0.0189900539599926,0.1212135144266327,0.3132542689733086,0.0013908534796718,0.4252708748252642,True,eval reproduces training-time f_loss/val,,9659211,9659211.0,dim-4096-neutral-epoch-corrected-stats,run_9659211_params_202.2_million,outputs/2026-05-27/08-51-57,hydra_run_dir,866,27697,1238644,1732.7178125,True,840721574683371000,2431279769,1779983501,/network/scratch/m/michnikr/geometric_scaling_checkpoints_corrected_stats/dim-4096-neutral-epoch-corrected-stats/mpnn/run_9659211_params_202.2_million/dim_4096_step_step=400000.ckpt,,,,dev-equivariant-scaling-laws/analysis_outputs/four_arch_force_scaling_repaired_2026_08_14/four_arch_force_checkpoint_table.csv
mpnn,MPNN,4096,450000,450000,202168324,202168324.0,True,runs_csv,779719141,checkpoint token_processed,2.33,6.99,1.1018652383675608e+18,0.0070938125730483,0.0399600805211425,0.0184603972803254,0.1178327158403176,0.3018977655738799,0.0013348051125635,0.4129488563370611,True,eval reproduces training-time f_loss/val,,9659211,9659211.0,dim-4096-neutral-epoch-corrected-stats,run_9659211_params_202.2_million,outputs/2026-05-27/08-51-57,hydra_run_dir,866,27697,1238644,1732.7092022222223,True,945807071560138104,2431280215,1779996418,/network/scratch/m/michnikr/geometric_scaling_checkpoints_corrected_stats/dim-4096-neutral-epoch-corrected-stats/mpnn/run_9659211_params_202.2_million/dim_4096_step_step=450000.ckpt,,,,dev-equivariant-scaling-laws/analysis_outputs/four_arch_force_scaling_repaired_2026_08_14/four_arch_force_checkpoint_table.csv
mpnn,MPNN,4096,500000,500000,202168324,202168324.0,True,runs_csv,866371578,checkpoint token_processed,2.33,6.99,1.224318700299612e+18,0.0068311197804201,0.0389821915532404,0.0180187643101423,0.1150137725916387,0.2929131748030009,0.0012990482250716,0.402812397783121,True,eval reproduces training-time f_loss/val,,9659211,9659211.0,dim-4096-neutral-epoch-corrected-stats,run_9659211_params_202.2_million,outputs/2026-05-27/08-51-57,hydra_run_dir,866,27697,1238644,1732.743156,True,1050917339312971632,2431280661,1780008433,/network/scratch/m/michnikr/geometric_scaling_checkpoints_corrected_stats/dim-4096-neutral-epoch-corrected-stats/mpnn/run_9659211_params_202.2_million/dim_4096_step_step=500000.ckpt,,,,dev-equivariant-scaling-laws/analysis_outputs/four_arch_force_scaling_repaired_2026_08_14/four_arch_force_checkpoint_table.csv
